{
"type": "FeatureCollection",
"crs": { "type": "name", "properties": { "name": "urn:ogc:def:crs:EPSG::25832" } },
"xy_coordinate_resolution": 0.001,
"features": [
{"type":"Feature","properties":{"navn":"Byen København","nuts3":"DK011"},"geometry":{"type":"MultiPolygon","coordinates":[[[[728081.41,6178369.08],[727426.32,6178410.74],[726839.05,6178294.83],[726822.48,6178349.43],[726817.47,6178347.66],[726849.67,6178243.63],[727055.31,6178180.63],[727029.44,6178083.49],[726884.81,6178121.69],[726735.47,6178291.28],[726717.82,6178087.87],[726866.44,6178041.9],[726838.23,6177945.09],[726713.08,6177974.35],[726693.16,6177763.53],[726962.22,6177682.33],[726693.21,6177739.85],[726680.68,6177590.99],[726913.29,6177528.23],[726897.31,6177470.66],[726682.75,6177528.82],[726666.87,6177478.01],[726949.52,6177418.63],[726915.75,6177258.63],[726804.45,6177170.22],[726910.98,6176821.24],[726768.55,6177211.35],[726759.3,6177393.5],[726513.96,6177327.75],[726637.66,6177313.64],[726589.03,6176799.84],[726914.47,6176796.4],[726924.93,6176385.19],[726809.41,6176014.81],[726621.27,6175770.38],[726508.05,6175735.53],[726464.77,6175772.55],[726425.15,6175959.37],[726483.1,6175776.99],[726591.5,6175779.78],[726790.27,6176105.98],[726370.95,6176271.41],[726299.11,6176120.25],[726351.86,6176288.01],[726191.78,6176359.46],[726124.23,6176207.73],[726398.8,6176044.97],[726405.39,6175967.92],[726275.1,6176061.05],[725595.13,6175226.11],[725332.03,6175434.79],[724429.06,6174145.58],[724392.23,6174044.66],[724448.3,6174023.61],[724374.63,6173997.91],[723652.41,6172145.87],[723657.93,6172007.78],[723553.57,6172043.25],[723517.81,6171980.75],[723650.58,6171898.8],[723494.74,6171899.54],[723526.36,6171749.98],[722503.11,6170673.15],[721276.44,6168760.01],[721103.43,6168727.13],[721100.9,6168837.17],[721010.53,6168786.27],[720811.0,6168839.18],[720706.203,6168710.327],[720794.25,6168589.64],[720972.64,6168579.28],[721080.66,6168689.73],[721229.42,6168695.31],[721047.76,6168350.39],[720999.12,6168044.58],[721280.72,6166552.97],[721504.37,6166033.85],[722484.07,6164502.5],[722839.2,6164260.93],[723275.81,6164195.09],[724635.16,6164640.76],[724199.42,6164455.81],[724307.68,6164191.79],[724405.7,6163460.57],[724743.6,6162909.42],[725251.85,6162657.91],[725990.82,6162662.38],[725972.83,6162612.81],[726517.31,6162389.22],[726895.44,6162629.44],[727141.75,6163083.54],[727237.8,6163107.28],[727204.22,6163159.83],[727331.77,6163161.34],[727509.85,6163357.53],[727638.7,6163320.58],[727658.07,6163480.98],[727828.81,6163519.22],[728207.12,6163838.14],[728640.85,6164627.28],[728770.68,6164804.16],[728899.42,6164841.27],[728923.12,6164967.26],[729131.49,6165001.84],[729164.58,6165070.68],[729214.31,6165016.38],[729307.24,6165083.13],[729716.09,6165059.93],[729634.09,6165101.63],[730222.79,6165480.96],[730494.61,6165504.33],[731023.42,6165728.52],[731628.99,6166380.35],[731688.54,6166351.53],[731782.4,6166360.57],[731910.19,6166435.72],[731972.86,6166566.02],[731847.86,6166549.7],[731913.22,6166489.9],[731904.88,6166437.68],[731786.27,6166367.3],[731675.66,6166365.15],[731677.99,6166471.14],[731737.44,6166472.65],[731695.4,6166377.8],[731896.28,6166478.43],[731725.45,6166491.12],[731825.54,6166554.72],[731678.84,6166642.56],[731788.23,6166815.03],[731962.51,6166794.04],[731991.03,6166853.09],[731939.43,6166583.86],[732031.13,6166996.72],[732019.71,6167047.56],[731993.36,6166860.45],[731875.01,6166887.16],[731890.17,6166970.65],[731817.06,6166998.77],[731976.9,6167088.52],[731886.57,6167102.1],[731767.76,6166975.82],[731681.47,6166969.05],[731693.06,6167052.0],[731670.72,6166974.26],[731515.18,6167023.62],[731851.81,6167110.94],[731594.98,6167084.26],[731410.81,6167241.95],[731131.73,6168261.72],[731164.66,6168404.36],[731486.46,6168461.74],[731765.97,6168853.91],[731842.5,6168854.26],[731764.92,6168864.93],[731751.37,6168949.84],[731763.16,6168911.69],[731803.12,6168921.73],[731756.21,6168954.31],[731831.69,6169030.55],[731841.48,6168900.04],[731845.36,6169041.59],[731738.22,6169019.78],[731714.07,6169130.0],[731828.67,6169214.76],[731832.5,6169325.86],[731671.97,6171043.9],[731463.89,6171287.95],[731096.04,6171422.78],[730147.82,6171445.42],[730072.19,6171349.79],[730020.23,6171413.44],[730157.12,6171456.01],[730167.39,6171527.03],[730198.69,6171546.65],[730200.89,6171559.62],[730158.48,6171543.05],[730138.29,6171489.47],[730043.31,6171492.9],[730132.31,6171541.78],[729962.74,6171495.47],[730224.51,6171614.91],[730164.96,6171686.77],[730051.01,6171582.17],[730049.36,6171718.43],[730210.52,6171710.01],[730138.5,6171738.54],[730174.28,6171887.39],[730000.13,6171972.58],[729907.95,6172121.29],[729998.75,6172252.93],[729887.49,6172430.58],[729834.95,6172443.75],[729970.75,6172248.18],[729806.73,6172171.52],[729755.73,6172375.72],[729596.19,6172322.51],[729538.54,6172418.04],[729678.68,6172531.35],[729783.12,6172385.26],[729833.52,6172386.35],[729531.89,6172686.56],[729570.37,6172889.19],[729667.01,6172880.32],[729699.3,6172911.56],[729432.92,6172937.98],[729149.93,6173230.45],[728647.67,6174363.81],[728655.38,6174597.57],[728609.66,6174756.53],[728474.76,6174630.61],[728434.57,6174742.61],[728335.29,6174721.26],[728602.53,6174784.96],[728309.82,6175405.18],[728445.51,6175449.86],[728513.65,6175365.02],[728678.68,6175370.66],[728823.46,6175140.45],[728716.17,6174994.69],[728968.06,6175034.13],[728827.42,6175151.89],[728874.7,6175328.99],[729109.13,6175361.78],[729023.02,6175039.16],[729101.14,6175269.03],[729155.18,6175290.98],[729199.83,6175440.86],[729170.65,6175374.92],[728674.34,6175392.42],[728969.7,6175432.55],[728995.32,6175517.32],[729174.9,6175579.64],[729248.31,6175478.99],[729186.29,6175595.95],[729368.31,6176062.74],[729133.23,6176394.33],[728869.37,6176378.21],[728823.35,6176083.0],[728623.32,6176124.84],[728523.46,6175974.91],[728419.84,6175971.5],[728530.47,6176195.56],[728483.59,6176390.57],[728558.64,6176310.57],[728547.42,6176419.8],[728815.95,6176515.84],[728528.72,6177017.76],[728027.26,6176667.43],[727883.91,6176479.51],[728270.32,6175772.85],[728472.77,6175558.65],[728292.92,6175433.58],[727684.7,6176414.93],[727629.92,6176361.59],[727593.1,6176417.32],[727670.58,6176428.96],[727625.63,6176528.77],[727862.54,6176842.41],[728534.61,6177321.64],[728324.81,6177620.1],[728037.63,6177425.7],[727988.96,6177494.89],[727906.67,6177517.12],[727909.53,6177328.17],[727828.48,6177388.63],[727533.87,6177196.61],[727525.2,6177273.67],[727415.89,6177151.7],[727135.23,6177182.84],[727122.03,6177339.17],[727482.71,6177420.05],[727511.94,6177339.85],[727501.02,6177495.69],[727845.13,6177538.31],[727773.88,6177580.75],[727842.96,6177840.37],[728156.1,6178070.34],[728081.41,6178369.08]],[[726167.716,6170953.356],[726168.0,6170953.4],[726167.57,6170953.33],[726167.716,6170953.356]],[[726165.198,6170861.095],[726165.26,6170862.3],[726165.08,6170857.97],[726165.198,6170861.095]],[[726089.875,6171597.41],[726089.88,6171597.41],[726089.934,6171597.108],[726089.875,6171597.41]],[[726174.767,6171140.47],[726174.769,6171140.55],[726174.696,6171137.636],[726174.767,6171140.47]],[[726166.816,6170907.749],[726166.83,6170908.99],[726166.77,6170902.54],[726166.816,6170907.749]],[[726166.677,6171205.949],[726166.0,6171209.1],[726166.93,6171204.82],[726166.677,6171205.949]],[[726125.466,6171418.417],[726125.47,6171418.42],[726126.102,6171415.073],[726125.466,6171418.417]],[[726142.765,6171326.871],[726142.77,6171326.87],[726143.55,6171322.84],[726142.765,6171326.871]],[[726119.758,6171448.123],[726119.76,6171448.12],[726120.69,6171443.27],[726119.758,6171448.123]],[[726175.625,6171174.589],[726175.63,6171174.59],[726175.45,6171167.34],[726175.625,6171174.589]],[[726168.328,6171199.136],[726168.33,6171199.14],[726171.319,6171189.08],[726168.328,6171199.136]],[[726114.015,6171478.38],[726114.02,6171478.38],[726115.46,6171470.77],[726114.015,6171478.38]],[[726170.747,6170995.094],[726170.754,6170995.679],[726170.48,6170974.61],[726170.747,6170995.094]],[[724972.96,6169129.02],[724973.01,6169129.05],[724950.796,6169118.466],[724972.96,6169129.02]],[[726088.516,6171604.397],[726088.52,6171604.4],[726089.251,6171600.616],[726088.516,6171604.397]],[[726099.042,6171552.969],[726097.17,6171562.11],[726100.34,6171547.36],[726099.042,6171552.969]],[[726173.59,6171095.89],[726173.52,6171093.55],[726174.1,6171113.92],[726173.59,6171095.89]],[[726174.22,6171118.63],[726174.192,6171117.65],[726174.396,6171125.746],[726174.22,6171118.63]],[[726146.038,6170113.005],[726146.04,6170113.01],[726144.171,6170032.206],[726146.038,6170113.005]],[[726134.45,6171370.61],[726130.435,6171392.28],[726129.229,6171398.63],[726134.45,6171370.61]]],[[[724036.11,6181807.06],[723870.15,6182091.85],[723896.41,6181934.86],[723741.59,6181954.3],[723648.53,6180969.33],[722633.9,6181074.33],[722432.15,6181014.05],[722255.39,6181275.18],[722015.9,6181365.3],[721380.55,6181307.42],[721104.48,6181409.85],[720917.32,6181263.87],[720714.39,6180835.34],[720659.62,6180495.62],[720087.28,6180465.07],[719428.42,6180779.85],[719315.34,6180742.31],[719078.55,6180931.25],[718801.75,6180947.78],[718389.47,6180629.89],[718370.31,6180510.13],[718115.71,6180256.28],[717698.09,6180235.36],[717234.03,6179983.32],[717196.18,6179718.08],[716905.5,6179453.58],[716975.74,6178898.63],[717121.17,6178661.43],[717662.55,6178406.39],[717651.61,6177713.74],[717914.07,6177194.7],[717847.16,6177022.8],[718001.99,6176177.91],[718291.55,6175666.37],[718493.65,6175067.19],[718734.16,6175066.48],[718773.57,6173394.03],[719401.7,6172785.31],[719627.04,6172259.68],[719867.87,6172158.49],[720316.94,6171732.98],[720433.04,6171467.52],[720849.63,6170987.94],[721548.94,6171338.87],[721882.55,6171352.82],[722039.79,6171269.88],[722263.7,6171317.71],[722265.67,6171370.48],[721962.18,6171352.8],[722294.93,6171463.86],[722327.52,6171258.67],[722123.11,6171235.78],[722251.37,6171155.19],[722250.75,6170775.62],[722398.06,6170760.74],[722371.19,6170816.8],[722542.68,6171004.73],[722651.63,6171023.22],[722641.93,6171113.64],[722885.4,6171269.15],[722848.6,6171317.46],[723160.22,6171639.15],[723208.88,6171604.34],[723056.39,6171764.72],[722871.84,6171759.0],[722844.1,6172040.4],[723115.42,6171972.14],[723323.18,6171740.71],[723391.01,6171787.68],[723324.5,6171944.14],[723467.05,6171874.75],[723338.9,6171972.92],[723458.5,6172145.88],[723218.46,6172285.49],[723294.42,6172255.82],[723345.52,6172326.21],[723272.88,6172367.58],[723351.75,6172336.5],[723391.94,6172407.43],[723335.51,6172461.91],[723401.31,6172418.97],[723462.98,6172496.42],[723290.36,6172594.72],[723308.95,6172463.13],[723192.9,6172508.13],[723158.47,6172446.88],[723258.13,6172375.97],[723143.53,6172440.84],[723101.29,6172367.1],[723203.17,6172293.45],[723107.03,6172347.86],[722944.13,6172740.68],[722811.89,6172868.11],[722929.61,6172812.11],[722980.78,6172901.39],[722918.94,6172961.34],[723133.56,6172974.3],[723227.61,6172913.79],[723155.47,6172786.45],[723472.7,6172605.42],[723599.67,6172928.8],[723756.87,6172865.61],[723866.56,6173112.26],[723756.4,6173155.9],[723639.08,6172952.3],[723741.13,6173162.16],[723530.52,6173242.35],[723432.91,6173079.47],[723479.05,6173265.45],[723252.56,6173353.65],[723351.17,6173442.56],[723474.94,6173334.58],[723478.42,6173605.8],[723640.6,6173629.18],[723512.16,6173580.42],[723498.95,6173343.47],[723873.65,6173216.04],[724063.92,6173570.65],[723993.22,6173621.22],[724061.32,6173587.79],[724121.95,6173693.55],[724040.04,6173739.4],[724119.77,6173713.51],[724168.92,6173800.47],[724018.29,6173810.49],[724163.61,6173815.24],[724195.2,6173904.8],[723836.4,6173849.18],[723812.5,6173902.96],[723949.81,6174032.36],[723992.88,6173954.6],[724183.14,6174013.53],[724156.95,6174095.2],[724213.04,6174065.31],[724313.86,6174374.65],[723967.55,6174039.71],[724159.26,6174257.72],[724065.67,6174363.1],[724593.7,6174780.55],[725116.93,6175398.51],[724819.86,6175804.94],[724951.91,6175963.21],[725064.65,6176020.1],[725561.48,6175823.62],[725928.5,6176192.81],[725561.04,6176374.79],[725947.67,6176215.64],[726043.93,6176354.25],[726115.57,6176629.87],[725991.95,6176445.21],[725930.46,6176470.38],[726237.45,6177250.13],[726199.53,6177349.25],[726266.55,6177344.83],[726282.68,6177571.76],[726181.66,6177658.16],[726277.68,6177901.19],[726217.74,6177840.5],[726128.64,6177919.19],[726221.2,6177994.26],[726280.73,6177934.03],[726241.36,6178045.43],[726079.47,6178073.81],[726112.54,6178412.5],[726057.67,6178449.73],[726007.28,6178080.42],[725913.48,6178088.97],[725958.64,6178697.45],[726051.24,6178842.92],[725895.93,6178704.73],[725857.43,6178859.39],[726045.7,6178944.95],[726196.99,6179154.58],[726030.06,6178994.23],[725965.26,6178979.22],[725947.43,6179114.31],[725868.41,6179096.26],[725874.5,6178963.12],[725853.74,6179093.09],[725712.54,6179055.47],[725674.56,6179204.69],[726103.47,6179277.88],[726109.81,6179600.19],[726518.72,6179419.87],[726355.28,6179661.66],[725852.7,6179814.15],[725899.27,6179948.92],[726870.6,6179605.09],[727126.74,6179940.72],[726499.85,6180142.29],[726517.81,6180201.88],[727246.96,6179984.74],[728578.54,6181184.69],[728096.46,6181460.15],[727774.91,6181445.41],[727378.69,6181291.32],[727084.86,6180911.78],[726198.62,6181429.07],[726197.38,6181339.82],[726477.52,6181235.23],[726446.23,6181156.01],[726195.66,6181232.98],[726229.29,6181310.36],[726208.49,6181325.19],[726144.89,6181192.31],[726105.65,6180848.91],[726392.68,6180761.79],[726349.26,6180618.56],[725818.06,6180743.5],[725509.1,6179930.8],[725687.45,6179696.03],[725625.39,6179642.98],[725402.8,6179905.15],[725482.78,6180167.53],[725298.07,6180117.98],[725107.4,6180397.2],[725519.66,6180525.56],[725605.08,6180490.44],[725548.99,6180558.41],[725620.77,6180519.2],[725636.7,6180588.74],[725532.77,6180614.7],[725110.65,6180441.47],[725056.24,6180688.8],[725177.19,6180734.54],[725094.67,6180716.96],[725020.74,6180939.15],[724680.33,6180965.36],[724564.9,6181708.18],[724036.11,6181807.06]],[[721349.468,6172788.318],[721349.47,6172788.32],[721358.96,6172776.32],[721349.468,6172788.318]]],[[[737249.24,6175865.44],[736938.74,6176096.33],[736835.66,6175892.55],[736567.01,6175957.78],[736517.99,6175879.89],[736684.25,6175916.93],[736722.68,6175811.05],[736686.46,6175810.84],[736664.92,6175789.18],[736735.29,6175782.61],[736481.07,6175721.86],[736660.0,6175680.38],[736634.17,6175567.59],[736324.78,6175508.8],[736364.25,6175651.6],[736341.92,6175702.11],[736167.56,6175324.35],[735874.37,6175440.28],[735900.73,6175262.34],[735822.55,6175316.07],[735656.85,6175263.09],[735599.66,6175367.84],[735532.81,6175418.01],[735577.36,6175339.61],[735475.96,6175406.65],[735255.1,6175406.61],[735512.01,6175345.71],[735347.88,6175035.98],[735533.54,6175182.28],[735568.39,6175108.56],[735456.87,6175096.69],[735425.66,6175026.33],[735561.51,6175094.98],[735619.07,6174977.89],[735367.06,6175030.67],[735368.97,6174964.44],[735540.49,6174912.93],[735396.77,6174865.21],[735542.14,6174642.62],[735504.21,6174555.99],[735322.06,6174551.84],[735446.2,6174465.39],[735221.92,6174266.04],[735323.63,6174326.28],[735324.18,6174266.76],[735198.56,6174244.77],[735141.8,6174185.78],[735082.28,6174193.01],[735213.75,6174142.3],[735194.07,6174222.4],[735325.84,6174221.41],[735273.09,6173965.1],[735232.65,6174018.57],[735204.96,6173966.49],[735290.9,6173910.65],[735225.42,6173925.35],[735186.04,6173843.87],[735300.6,6173829.95],[735177.21,6173694.62],[735214.43,6173556.82],[735297.59,6173621.58],[735258.86,6173619.12],[735257.03,6173667.39],[735329.16,6173620.75],[735190.16,6173494.96],[734662.6,6173596.21],[735223.5,6173482.24],[735097.23,6173394.76],[735090.84,6173316.26],[735246.67,6173413.85],[735402.78,6173363.34],[735319.54,6173305.67],[735221.69,6173354.96],[735274.81,6173202.03],[735150.7,6173184.72],[735072.09,6173059.5],[735273.39,6172927.27],[735106.96,6172803.08],[735018.61,6172838.5],[735041.79,6172762.04],[735109.67,6172788.33],[735158.06,6172752.86],[735059.66,6172744.4],[735109.51,6172658.13],[735169.16,6172706.53],[735188.17,6172592.19],[734944.12,6172625.24],[735037.79,6172507.24],[735033.98,6172597.21],[735137.29,6172496.63],[735225.58,6172541.11],[735194.41,6172485.12],[735287.01,6172414.6],[735197.6,6172432.65],[735246.81,6172300.39],[735074.54,6172339.67],[735019.14,6172267.11],[734986.49,6172284.87],[734929.29,6172279.13],[734898.32,6172244.76],[734986.68,6172279.25],[734973.62,6172198.02],[735103.16,6172197.78],[735136.13,6172132.93],[735041.72,6172096.15],[735132.47,6172109.31],[735193.76,6172009.03],[735134.44,6171912.57],[734968.86,6171906.52],[734941.6,6171511.94],[735080.45,6171760.6],[735254.29,6171583.55],[735176.58,6171573.64],[735180.47,6171457.57],[735347.59,6171486.17],[735343.52,6171383.46],[735323.0,6171364.83],[735434.82,6171179.39],[735338.52,6171309.31],[735326.05,6171249.12],[735170.92,6171239.88],[735200.39,6171062.68],[735137.29,6170955.88],[735257.21,6171041.62],[735249.57,6171149.13],[735347.0,6171032.61],[735263.95,6170979.68],[735410.31,6170940.37],[735351.27,6171153.54],[735483.76,6171173.05],[735530.36,6170988.58],[735643.96,6171038.3],[735710.58,6170906.33],[735643.64,6170508.56],[735824.72,6170547.07],[735702.72,6170365.52],[735680.38,6170391.1],[735732.84,6170466.77],[735587.49,6170436.12],[735493.48,6170508.56],[735433.01,6170438.28],[735439.39,6170596.04],[735370.53,6170596.99],[735406.89,6170385.9],[735492.61,6170267.77],[735527.5,6170354.04],[735639.76,6170330.92],[735632.8,6170141.56],[735720.44,6170051.85],[735798.66,6170135.8],[735777.84,6170279.43],[735891.16,6170216.13],[735899.34,6169983.43],[735972.71,6169871.4],[735959.86,6170006.03],[736079.47,6170127.85],[736178.36,6170089.52],[736136.67,6170161.68],[736336.72,6170336.22],[736320.33,6169882.05],[736390.64,6169789.41],[736439.37,6169852.83],[736375.34,6169890.91],[736439.08,6169908.32],[736478.85,6169822.55],[736511.66,6169937.02],[736632.76,6169914.31],[736542.52,6169747.44],[736651.63,6169766.41],[736651.86,6169488.91],[736744.64,6169648.19],[736747.17,6169564.34],[736821.87,6169563.69],[736808.25,6169366.07],[736894.68,6169354.85],[736808.11,6169331.1],[736826.17,6169174.38],[736979.18,6169086.12],[736929.58,6168908.83],[737050.07,6168886.26],[736963.55,6168837.21],[736993.48,6168748.04],[737059.78,6168709.93],[737117.73,6168781.14],[737247.73,6168635.57],[737358.16,6168757.42],[737423.5,6168666.08],[737604.18,6168736.51],[737669.13,6168655.48],[737816.33,6168780.37],[737760.08,6168930.36],[737904.62,6168771.74],[737980.56,6168801.14],[738089.36,6168734.86],[738262.49,6168850.75],[738222.53,6168939.73],[738295.94,6168878.29],[738270.31,6169020.77],[738322.33,6168956.75],[738499.86,6169013.25],[738435.51,6169295.42],[738475.25,6169385.38],[738541.24,6169074.12],[738815.65,6169091.13],[738834.81,6169188.14],[738936.26,6169248.95],[738885.05,6169302.31],[738893.41,6169418.47],[738619.18,6169444.94],[738655.36,6169507.8],[738543.98,6169479.12],[738647.28,6169546.12],[738617.37,6169657.51],[738432.42,6169728.44],[738481.11,6169790.45],[738428.59,6169848.95],[738352.73,6169689.11],[738290.57,6169650.75],[738367.54,6169782.16],[738285.47,6169914.95],[738350.17,6169939.04],[738243.7,6170020.4],[738368.06,6170125.43],[738407.38,6170320.8],[738416.13,6170091.6],[738496.64,6170108.04],[738436.86,6170199.19],[738532.33,6170214.66],[738580.86,6170354.93],[738535.9,6170389.45],[738472.84,6170559.58],[738153.28,6170620.82],[738235.56,6170718.76],[738168.84,6170699.19],[738194.83,6170946.82],[738092.55,6171186.82],[737880.67,6171103.7],[738113.7,6171304.11],[738020.68,6171376.81],[737997.02,6171635.15],[738121.96,6171831.08],[738125.57,6171908.02],[738020.51,6171879.39],[738008.19,6171960.32],[738144.35,6172135.6],[738008.87,6172166.87],[738042.01,6172214.26],[738112.49,6172206.22],[738131.17,6172464.63],[737956.73,6172537.07],[737890.5,6172630.05],[737840.58,6173797.29],[737682.43,6174802.82],[737468.78,6175204.76],[737491.67,6175494.78],[737168.54,6175609.81],[737234.53,6175616.33],[737249.24,6175865.44]]],[[[737923.37,6166744.87],[738010.21,6166819.01],[737987.72,6166901.3],[736741.79,6167731.72],[735802.98,6168676.55],[735237.41,6168874.28],[734768.01,6169141.34],[734674.14,6169114.85],[734682.68,6168986.68],[735954.36,6168012.84],[736751.5,6167121.61],[737309.91,6166997.41],[737923.37,6166744.87]]],[[[729379.59,6173911.69],[728854.16,6174726.85],[728895.21,6174818.59],[728886.76,6174859.7],[728742.92,6174546.92],[728962.36,6174135.37],[728938.61,6174030.6],[729104.39,6173978.11],[729402.15,6173642.01],[729184.33,6173245.12],[729467.45,6172970.85],[729701.56,6172935.49],[729575.62,6173018.51],[729505.4,6173377.42],[729571.67,6173601.12],[729741.23,6173688.17],[729602.9,6173702.28],[729379.59,6173911.69]]],[[[725557.87,6175771.06],[725063.99,6175998.86],[724837.03,6175792.51],[725139.83,6175416.44],[725557.87,6175771.06]]],[[[726632.69,6176692.53],[726652.19,6176755.51],[726564.6,6176770.41],[726370.43,6176294.59],[726743.53,6176160.12],[726803.82,6176689.62],[726710.84,6176751.79],[726632.69,6176692.53]]],[[[725962.67,6175731.46],[725816.6,6175903.03],[725685.12,6175802.91],[725730.51,6175708.34],[725661.84,6175777.35],[725498.3,6175571.05],[725354.18,6175461.79],[725595.66,6175264.93],[725962.67,6175731.46]]],[[[726158.06,6178088.98],[726263.88,6178073.44],[726263.59,6179010.64],[726169.89,6178873.77],[726158.06,6178088.98]]],[[[726125.46,6176150.41],[726064.74,6176101.33],[726122.51,6176040.31],[726037.57,6176086.8],[725838.35,6175911.68],[725980.12,6175744.67],[726236.77,6176081.68],[726125.46,6176150.41]]],[[[730369.0,6181073.39],[730197.37,6181191.17],[730076.72,6181072.93],[730104.71,6180961.7],[730207.41,6180900.26],[730086.43,6181059.33],[730329.08,6180942.65],[730237.73,6180914.96],[730239.5,6180907.3],[730327.05,6180934.39],[730352.6,6180955.65],[730369.0,6181073.39]]],[[[739274.75,6168804.87],[739022.54,6168799.21],[739164.06,6168763.45],[739086.88,6168724.99],[739043.97,6168773.46],[739007.14,6168709.3],[738925.79,6168687.88],[739015.68,6168761.71],[738828.09,6168808.87],[738827.26,6168690.69],[738767.58,6168722.88],[738732.51,6168656.1],[738728.87,6168775.49],[738695.59,6168707.98],[738725.34,6168647.82],[738783.56,6168626.28],[739134.23,6168725.97],[739239.06,6168765.95],[739274.75,6168804.87]]],[[[726989.65,6179050.06],[727011.84,6179159.8],[726961.61,6179475.51],[727009.05,6179157.33],[726915.91,6179009.81],[727060.46,6178789.48],[727206.55,6178804.99],[727222.49,6178449.18],[727213.67,6178810.9],[727111.01,6178835.78],[727109.65,6179026.27],[726989.65,6179050.06]]],[[[734617.83,6179374.4],[734434.62,6179465.18],[734282.02,6179421.96],[734305.26,6179352.45],[734573.11,6179307.07],[734617.83,6179374.4]]],[[[726155.86,6179427.7],[726118.14,6179331.07],[726352.51,6179300.05],[726320.15,6179392.18],[726155.86,6179427.7]]],[[[726383.67,6176797.05],[726461.61,6176685.39],[726349.94,6176718.81],[726321.14,6176651.87],[726466.86,6176591.96],[726527.96,6176735.35],[726383.67,6176797.05]]],[[[723735.41,6172853.26],[723647.06,6172903.52],[723540.69,6172769.73],[723685.74,6172687.39],[723735.41,6172853.26]]],[[[723556.87,6172273.75],[723727.16,6172560.26],[723493.66,6172341.71],[723556.87,6172273.75]]],[[[726358.95,6176338.62],[726414.09,6176467.97],[726273.92,6176525.53],[726222.24,6176396.62],[726358.95,6176338.62]]],[[[726296.59,6176636.75],[726260.42,6176548.76],[726420.5,6176483.03],[726460.47,6176576.91],[726296.59,6176636.75]]],[[[738450.88,6168724.88],[738408.41,6168602.7],[738529.61,6168596.98],[738520.89,6168697.2],[738450.88,6168724.88]]],[[[725961.61,6179117.59],[726022.11,6179007.33],[726137.71,6179161.02],[725961.61,6179117.59]]],[[[723673.62,6172671.12],[723556.47,6172737.77],[723486.54,6172597.69],[723619.42,6172587.64],[723673.62,6172671.12]]],[[[738559.42,6168976.77],[738459.67,6168929.09],[738497.9,6168828.03],[738564.88,6168870.93],[738559.42,6168976.77]]],[[[735256.6,6171442.42],[735213.04,6171373.77],[735256.72,6171280.7],[735333.06,6171399.07],[735256.6,6171442.42]]],[[[723241.89,6172515.85],[723274.69,6172603.57],[723175.68,6172659.98],[723154.01,6172528.32],[723241.89,6172515.85]]],[[[739637.24,6169176.58],[739513.58,6169212.32],[739505.18,6169033.33],[739637.24,6169176.58]]],[[[724228.88,6174487.99],[724086.44,6174361.53],[724132.01,6174310.67],[724269.28,6174427.81],[724228.88,6174487.99]]],[[[723488.91,6172360.15],[723552.58,6172445.52],[723478.65,6172487.55],[723414.1,6172409.41],[723488.91,6172360.15]]],[[[735510.7,6170693.57],[735496.58,6170535.53],[735522.93,6170519.39],[735579.4,6170592.11],[735510.7,6170693.57]]],[[[723303.64,6172241.59],[723436.59,6172274.33],[723360.1,6172317.93],[723303.64,6172241.59]]],[[[723525.72,6172216.35],[723450.53,6172266.37],[723389.98,6172201.4],[723469.33,6172157.39],[723525.72,6172216.35]]],[[[740286.72,6169481.22],[740400.34,6169770.05],[740216.85,6169467.6],[740286.72,6169481.22]]],[[[740150.31,6170058.31],[740187.19,6170106.13],[740203.18,6170476.25],[740150.31,6170058.31]]],[[[723416.01,6172392.61],[723365.48,6172328.61],[723442.68,6172285.02],[723475.45,6172342.43],[723416.01,6172392.61]]],[[[739030.79,6169267.97],[738921.62,6169330.44],[738964.83,6169231.39],[739030.79,6169267.97]]],[[[735490.82,6170829.92],[735414.74,6170869.84],[735447.75,6170768.39],[735490.82,6170829.92]]],[[[738810.33,6169526.9],[738771.64,6169549.63],[738739.69,6169459.46],[738864.75,6169502.19],[738810.33,6169526.9]]],[[[736399.77,6175743.89],[736530.23,6175758.39],[736532.93,6175784.66],[736228.38,6175700.7],[736221.22,6175632.71],[736399.77,6175743.89]]],[[[737560.28,6168578.44],[737490.8,6168637.81],[737513.27,6168548.0],[737560.28,6168578.44]]],[[[723551.88,6172261.33],[723456.66,6172276.9],[723533.06,6172233.77],[723551.88,6172261.33]]],[[[738603.69,6170346.54],[738622.78,6170442.61],[738574.01,6170480.82],[738571.18,6170438.57],[738594.3,6170410.15],[738603.69,6170346.54]]],[[[735211.93,6172883.96],[735134.71,6172953.28],[735154.86,6172891.48],[735078.65,6172859.11],[735211.93,6172883.96]]],[[[735375.48,6170733.07],[735347.06,6170640.14],[735390.72,6170636.37],[735375.48,6170733.07]]],[[[739774.75,6169338.43],[739841.77,6169382.25],[739804.63,6169419.4],[739762.51,6169405.51],[739774.75,6169338.43]]],[[[739329.19,6168824.67],[739278.55,6168908.47],[739250.46,6168859.58],[739329.19,6168824.67]]],[[[723209.17,6172907.85],[723114.65,6172811.41],[723138.06,6172798.31],[723209.17,6172907.85]]],[[[737939.08,6168602.92],[737877.69,6168650.0],[737901.22,6168589.35],[737939.08,6168602.92]]],[[[738677.34,6170483.75],[738655.07,6170431.16],[738734.97,6170421.4],[738722.52,6170424.62],[738677.34,6170483.75]]],[[[739039.67,6169181.06],[738976.17,6169208.11],[738988.95,6169158.76],[739039.67,6169181.06]]],[[[735040.86,6172731.49],[734963.67,6172753.31],[735003.86,6172689.81],[735040.86,6172731.49]]],[[[735448.43,6170683.55],[735478.48,6170723.06],[735410.13,6170728.97],[735448.43,6170683.55]]],[[[738846.18,6169521.62],[738906.84,6169571.78],[738826.53,6169551.29],[738846.18,6169521.62]]],[[[735605.49,6170891.98],[735537.47,6170881.48],[735627.69,6170882.75],[735605.49,6170891.98]]],[[[735218.97,6171290.59],[735163.9,6171275.29],[735239.82,6171259.93],[735218.97,6171290.59]]],[[[735384.49,6170799.11],[735300.98,6170793.36],[735361.41,6170756.17],[735384.49,6170799.11]]],[[[739059.25,6169675.73],[738995.62,6169708.86],[738910.21,6169654.71],[739059.25,6169675.73]]],[[[738317.35,6168661.64],[738353.31,6168693.28],[738328.6,6168715.73],[738317.35,6168661.64]]],[[[739227.83,6168924.14],[739173.99,6168899.2],[739249.96,6168897.7],[739227.83,6168924.14]]],[[[734471.17,6171575.86],[734529.64,6171606.05],[734373.46,6171601.34],[734471.17,6171575.86]]],[[[735066.98,6171515.04],[734986.19,6171507.75],[735074.21,6171507.2],[735066.98,6171515.04]]],[[[740734.72,6168295.2],[740760.2,6168293.86],[740678.46,6168362.1],[740734.72,6168295.2]]],[[[735242.08,6174061.02],[735113.62,6174107.43],[735195.27,6174066.07],[735242.08,6174061.02]]],[[[736840.96,6169040.82],[736819.88,6169085.85],[736806.36,6169037.19],[736840.96,6169040.82]]],[[[735525.06,6170695.25],[735569.47,6170730.83],[735494.36,6170717.35],[735525.06,6170695.25]]],[[[735122.75,6171353.53],[735173.28,6171392.5],[735143.58,6171419.34],[735122.75,6171353.53]]],[[[738949.96,6169127.66],[738923.21,6169171.01],[738880.47,6169147.54],[738949.96,6169127.66]]],[[[738613.0,6168817.84],[738666.55,6168834.72],[738646.81,6168855.27],[738613.0,6168817.84]]],[[[737643.51,6168590.45],[737605.61,6168622.34],[737611.06,6168575.52],[737643.51,6168590.45]]],[[[735509.96,6170070.87],[735557.59,6170073.58],[735561.0,6170107.03],[735509.96,6170070.87]]],[[[735192.66,6171260.42],[735136.91,6171229.88],[735196.83,6171247.8],[735192.66,6171260.42]]],[[[738395.16,6168596.54],[738385.02,6168641.23],[738355.74,6168610.13],[738395.16,6168596.54]]],[[[723079.82,6171810.53],[723126.26,6171864.66],[723128.54,6171895.75],[723079.82,6171810.53]]],[[[737901.51,6168723.17],[737852.06,6168738.13],[737872.8,6168716.62],[737901.51,6168723.17]]],[[[737403.43,6175861.28],[737274.73,6175856.44],[737440.25,6175836.25],[737403.43,6175861.28]]],[[[738642.21,6169864.12],[738616.31,6169891.19],[738563.08,6169877.33],[738642.21,6169864.12]]],[[[739379.25,6169068.1],[739388.09,6169108.96],[739373.41,6169083.34],[739379.25,6169068.1]]],[[[739424.2,6169032.46],[739416.4,6169048.01],[739356.9,6169045.36],[739424.2,6169032.46]]],[[[738469.53,6169163.04],[738489.32,6169180.18],[738474.46,6169183.02],[738469.53,6169163.04]]],[[[738919.67,6169175.74],[738939.12,6169220.82],[738907.62,6169178.91],[738919.67,6169175.74]]],[[[735456.1,6170740.72],[735487.44,6170763.55],[735452.64,6170757.77],[735456.1,6170740.72]]],[[[737325.89,6175966.46],[737180.21,6175977.84],[737173.58,6175970.38],[737325.89,6175966.46]]],[[[738198.5,6168740.42],[738211.26,6168778.16],[738164.38,6168753.62],[738198.5,6168740.42]]],[[[735113.36,6174071.59],[735051.01,6174113.94],[734978.11,6174140.3],[735113.36,6174071.59]]],[[[735195.28,6171600.99],[735122.98,6171605.26],[735197.93,6171594.84],[735195.28,6171600.99]]],[[[737808.44,6168703.65],[737783.59,6168670.21],[737810.52,6168662.04],[737808.44,6168703.65]]],[[[738964.43,6169050.74],[738999.2,6169072.41],[738964.06,6169060.36],[738964.43,6169050.74]]],[[[735129.66,6172894.31],[735104.76,6172928.62],[735074.12,6172920.45],[735129.66,6172894.31]]],[[[735361.8,6170862.46],[735360.89,6170897.36],[735336.72,6170876.29],[735361.8,6170862.46]]],[[[738647.91,6168923.62],[738682.43,6168937.15],[738666.47,6168949.59],[738647.91,6168923.62]]],[[[736851.47,6168898.4],[736879.98,6168923.61],[736820.02,6168878.25],[736851.47,6168898.4]]],[[[735851.51,6175472.0],[735762.13,6175483.98],[735754.47,6175478.74],[735851.51,6175472.0]]],[[[737126.45,6168721.37],[737137.28,6168698.55],[737148.05,6168735.24],[737126.45,6168721.37]]],[[[738878.84,6169039.59],[738895.82,6169075.31],[738872.17,6169045.76],[738878.84,6169039.59]]],[[[735154.35,6172468.93],[735183.3,6172498.13],[735134.86,6172484.71],[735154.35,6172468.93]]],[[[735166.9,6172450.66],[735143.4,6172425.11],[735181.31,6172434.29],[735166.9,6172450.66]]],[[[738405.29,6168581.27],[738372.42,6168566.98],[738408.44,6168562.02],[738405.29,6168581.27]]],[[[735104.48,6173716.57],[735129.43,6173735.49],[735168.22,6173756.69],[735142.46,6173753.62],[735104.48,6173716.57]]],[[[737913.98,6172693.0],[737940.89,6172710.23],[737917.9,6172733.83],[737913.98,6172693.0]]],[[[727367.79,6163111.58],[727367.69,6163137.83],[727336.24,6163126.41],[727367.79,6163111.58]]],[[[738113.97,6171405.34],[738120.36,6171441.6],[738087.82,6171410.41],[738113.97,6171405.34]]],[[[735012.8,6172014.92],[734956.25,6172019.79],[734909.88,6172048.24],[734982.13,6171983.14],[735012.8,6172014.92]]],[[[735548.35,6170738.49],[735552.24,6170766.69],[735540.6,6170744.42],[735548.35,6170738.49]]],[[[735433.9,6170627.38],[735458.14,6170660.9],[735411.78,6170639.9],[735433.9,6170627.38]]],[[[735486.76,6175111.78],[735516.16,6175125.05],[735530.69,6175170.59],[735486.76,6175111.78]]],[[[738557.25,6170397.85],[738561.45,6170434.81],[738543.46,6170404.0],[738557.25,6170397.85]]],[[[739143.16,6169283.88],[739118.34,6169302.6],[739113.2,6169291.11],[739143.16,6169283.88]]],[[[736891.19,6168938.66],[736917.45,6168931.0],[736910.12,6168959.22],[736891.19,6168938.66]]],[[[738439.84,6169895.08],[738468.96,6169893.9],[738468.97,6169902.55],[738439.84,6169895.08]]],[[[729585.42,6172945.95],[729541.71,6172935.31],[729583.6,6172930.26],[729585.42,6172945.95]]],[[[738301.97,6168722.0],[738322.63,6168745.79],[738296.58,6168738.85],[738301.97,6168722.0]]],[[[735579.51,6170302.18],[735606.39,6170308.7],[735598.17,6170329.75],[735579.51,6170302.18]]],[[[739293.75,6169157.79],[739321.87,6169156.64],[739307.42,6169180.14],[739293.75,6169157.79]]],[[[735295.95,6174347.63],[735345.39,6174388.43],[735341.21,6174401.52],[735295.95,6174347.63]]],[[[738103.83,6171391.09],[738069.67,6171390.9],[738071.61,6171377.94],[738103.83,6171391.09]]],[[[735554.02,6170143.6],[735567.72,6170139.0],[735583.93,6170156.55],[735554.02,6170143.6]]],[[[735460.95,6170575.18],[735487.66,6170575.82],[735480.92,6170588.22],[735460.95,6170575.18]]],[[[738670.27,6170720.14],[738633.95,6170725.11],[738660.4,6170671.02],[738670.27,6170720.14]]],[[[736888.39,6169092.35],[736841.73,6169100.16],[736883.99,6169081.93],[736888.39,6169092.35]]],[[[737148.18,6168627.39],[737182.72,6168641.25],[737174.45,6168651.29],[737148.18,6168627.39]]],[[[725311.41,6180587.27],[725388.27,6180607.44],[725389.75,6180611.3],[725345.15,6180607.83],[725311.41,6180587.27]]],[[[736561.1,6175830.64],[736576.41,6175818.07],[736569.47,6175836.22],[736561.1,6175830.64]]],[[[736748.54,6169526.09],[736771.93,6169544.81],[736745.14,6169547.93],[736748.54,6169526.09]]],[[[735878.06,6175371.49],[735835.13,6175369.68],[735831.32,6175346.64],[735878.06,6175371.49]]],[[[740097.94,6170046.69],[740125.8,6170089.7],[740123.06,6170097.0],[740094.23,6170071.52],[740097.94,6170046.69]]],[[[735985.06,6169815.29],[736006.8,6169810.07],[736006.28,6169826.9],[735985.06,6169815.29]]],[[[738331.2,6168572.53],[738350.33,6168582.78],[738337.6,6168600.33],[738331.2,6168572.53]]],[[[735959.66,6175508.54],[736005.95,6175560.31],[735969.78,6175538.35],[735956.59,6175516.04],[735959.66,6175508.54]]],[[[738798.11,6169448.14],[738764.3,6169445.43],[738789.47,6169436.8],[738798.11,6169448.14]]],[[[738982.42,6169650.34],[738950.87,6169637.07],[738988.73,6169639.69],[738982.42,6169650.34]]],[[[736494.03,6169620.65],[736464.16,6169639.06],[736460.94,6169629.59],[736494.03,6169620.65]]],[[[739056.38,6169152.2],[739027.95,6169143.87],[739065.31,6169133.16],[739056.38,6169152.2]]],[[[738048.38,6172177.4],[738075.12,6172174.02],[738064.3,6172190.47],[738048.38,6172177.4]]],[[[738709.32,6168884.32],[738737.83,6168883.27],[738734.37,6168890.37],[738709.32,6168884.32]]],[[[732020.88,6171731.49],[732041.0,6171735.63],[732023.52,6171747.96],[732020.88,6171731.49]]],[[[735097.21,6171261.93],[735084.36,6171282.87],[735058.06,6171303.74],[735077.76,6171269.74],[735097.21,6171261.93]]],[[[739944.99,6169546.64],[739957.14,6169577.5],[739941.19,6169545.77],[739944.99,6169546.64]]],[[[739333.15,6169070.24],[739354.85,6169081.68],[739339.04,6169088.09],[739333.15,6169070.24]]],[[[735148.73,6172365.76],[735144.65,6172391.65],[735115.69,6172372.23],[735148.73,6172365.76]]],[[[735891.19,6175495.07],[735919.07,6175516.44],[735941.95,6175530.67],[735949.89,6175546.02],[735891.19,6175495.07]]],[[[738514.65,6169783.35],[738530.76,6169803.61],[738503.3,6169793.2],[738514.65,6169783.35]]],[[[739089.52,6169211.84],[739047.78,6169217.85],[739048.18,6169210.98],[739089.52,6169211.84]]],[[[723478.79,6172071.81],[723506.47,6172072.52],[723485.09,6172085.07],[723478.79,6172071.81]]],[[[735589.12,6170944.38],[735615.36,6170951.7],[735602.98,6170958.38],[735589.12,6170944.38]]],[[[735693.6,6170403.56],[735711.33,6170397.21],[735704.96,6170409.55],[735693.6,6170403.56]]],[[[738568.95,6170275.66],[738589.45,6170288.27],[738569.41,6170292.09],[738568.95,6170275.66]]],[[[723571.61,6172239.81],[723544.61,6172233.02],[723559.09,6172222.61],[723571.61,6172239.81]]],[[[734178.48,6160748.04],[734195.18,6160746.36],[734193.0,6160760.9],[734178.48,6160748.04]]],[[[735114.88,6172458.56],[735065.05,6172481.28],[735080.24,6172464.47],[735114.88,6172458.56]]],[[[735391.13,6170608.04],[735397.6,6170630.82],[735379.2,6170628.08],[735391.13,6170608.04]]],[[[735460.73,6170916.61],[735439.1,6170934.44],[735433.95,6170916.73],[735460.73,6170916.61]]],[[[738664.69,6170405.69],[738644.18,6170419.79],[738643.93,6170411.89],[738664.69,6170405.69]]],[[[739186.2,6169275.97],[739216.18,6169258.31],[739197.1,6169281.0],[739186.2,6169275.97]]],[[[735037.8,6172662.86],[735013.96,6172688.4],[735039.66,6172656.71],[735037.8,6172662.86]]],[[[735190.04,6170891.1],[735207.53,6170908.74],[735183.55,6170896.96],[735190.04,6170891.1]]],[[[739983.58,6169729.1],[739954.89,6169736.46],[739952.21,6169732.31],[739983.58,6169729.1]]],[[[735768.57,6169870.38],[735777.69,6169864.07],[735787.13,6169871.32],[735768.57,6169870.38]]],[[[736010.85,6169868.32],[735990.46,6169878.22],[735991.15,6169864.55],[736010.85,6169868.32]]],[[[738931.2,6169410.31],[738924.93,6169393.09],[738937.19,6169404.98],[738931.2,6169410.31]]],[[[738322.45,6170006.38],[738338.35,6170023.01],[738320.35,6170012.82],[738322.45,6170006.38]]],[[[739729.64,6169426.49],[739697.67,6169441.64],[739680.65,6169440.16],[739729.64,6169426.49]]],[[[738956.41,6169196.86],[738972.52,6169203.69],[738964.28,6169212.69],[738956.41,6169196.86]]],[[[739424.73,6169330.63],[739440.14,6169335.79],[739430.33,6169337.7],[739424.73,6169330.63]]],[[[735463.95,6170616.31],[735452.98,6170630.83],[735442.19,6170619.99],[735463.95,6170616.31]]],[[[738020.07,6168747.82],[738031.95,6168763.91],[738019.35,6168762.69],[738020.07,6168747.82]]],[[[737350.06,6175740.78],[737313.5,6175738.87],[737361.02,6175730.85],[737350.06,6175740.78]]],[[[737665.78,6168604.01],[737678.68,6168613.9],[737668.3,6168619.88],[737665.78,6168604.01]]],[[[735717.1,6169923.14],[735732.43,6169927.43],[735738.65,6169946.62],[735717.1,6169923.14]]],[[[740033.46,6170007.5],[740057.86,6170023.96],[740058.79,6170027.62],[740033.46,6170007.5]]],[[[735534.76,6170487.0],[735548.58,6170501.54],[735536.43,6170498.44],[735534.76,6170487.0]]],[[[735146.38,6171543.66],[735163.27,6171550.92],[735143.54,6171552.31],[735146.38,6171543.66]]],[[[739110.38,6169317.68],[739127.1,6169324.71],[739116.85,6169328.86],[739110.38,6169317.68]]],[[[735587.05,6170928.1],[735603.68,6170920.45],[735603.7,6170926.07],[735587.05,6170928.1]]],[[[735012.64,6171293.41],[735002.47,6171303.9],[734997.16,6171295.35],[735012.64,6171293.41]]],[[[738117.27,6171333.6],[738131.77,6171338.18],[738126.84,6171346.09],[738117.27,6171333.6]]],[[[735238.58,6171016.42],[735251.99,6171008.43],[735256.0,6171019.89],[735238.58,6171016.42]]],[[[737938.42,6172593.98],[737942.89,6172609.37],[737936.9,6172610.6],[737938.42,6172593.98]]],[[[735623.11,6170677.84],[735633.95,6170686.19],[735621.93,6170686.86],[735623.11,6170677.84]]],[[[735311.43,6175338.06],[735260.2,6175363.95],[735257.39,6175362.83],[735281.29,6175344.79],[735311.43,6175338.06]]],[[[735627.02,6170656.01],[735635.29,6170664.3],[735620.95,6170663.47],[735627.02,6170656.01]]],[[[738044.21,6171218.37],[738029.99,6171228.78],[738027.41,6171216.52],[738044.21,6171218.37]]],[[[735783.3,6170503.43],[735789.85,6170515.61],[735775.35,6170514.2],[735783.3,6170503.43]]],[[[738832.2,6169116.3],[738844.24,6169112.44],[738842.64,6169126.4],[738832.2,6169116.3]]],[[[738035.03,6171202.33],[738043.85,6171212.67],[738032.67,6171206.73],[738035.03,6171202.33]]],[[[736522.16,6175818.37],[736533.38,6175820.63],[736532.12,6175829.94],[736522.16,6175818.37]]],[[[735453.23,6171094.8],[735470.73,6171096.97],[735464.51,6171104.19],[735453.23,6171094.8]]],[[[738111.3,6171210.49],[738119.83,6171223.64],[738108.05,6171213.26],[738111.3,6171210.49]]],[[[739828.55,6169504.52],[739837.97,6169513.68],[739826.18,6169517.17],[739828.55,6169504.52]]],[[[740151.83,6170143.84],[740161.08,6170149.68],[740160.44,6170154.5],[740151.83,6170143.84]]],[[[726684.73,6177425.31],[726598.78,6177401.22],[726594.84,6177397.63],[726684.66,6177424.96],[726764.17,6177392.65],[726684.73,6177425.31]]],[[[740163.06,6170170.35],[740155.08,6170173.95],[740155.01,6170167.07],[740163.06,6170170.35]]],[[[725536.95,6175647.78],[725543.21,6175653.0],[725539.2,6175660.83],[725536.95,6175647.78]]],[[[726585.86,6177390.33],[726544.91,6177355.82],[726510.55,6177353.83],[726510.39,6177350.6],[726544.97,6177354.98],[726585.86,6177390.33]]],[[[731904.74,6166986.46],[731912.28,6166987.14],[731908.3,6166990.36],[731904.74,6166986.46]]],[[[727267.95,6163145.68],[727275.34,6163148.63],[727265.65,6163152.08],[727267.95,6163145.68]]],[[[726394.86,6177348.01],[726463.2,6177350.97],[726463.21,6177351.27],[726394.86,6177348.01]]],[[[726384.28,6177130.65],[726387.61,6177132.67],[726384.94,6177133.33],[726384.28,6177130.65]]]]}},
{"type":"Feature","properties":{"navn":"Københavns omegn","nuts3":"DK012"},"geometry":{"type":"MultiPolygon","coordinates":[[[[714360.724,6183873.974],[713831.8,6183807.55],[713011.1,6184573.34],[712968.13,6184397.08],[712901.78,6184507.22],[712631.32,6184452.78],[712074.1,6184675.4],[711872.36,6184139.45],[711701.59,6184110.79],[711345.29,6183873.93],[710861.56,6183794.87],[710123.67,6184099.72],[709474.49,6184062.58],[709168.35,6184197.34],[709141.27,6184381.34],[708918.07,6184361.94],[708722.69,6184234.02],[708122.45,6184447.73],[707836.41,6184336.93],[707492.21,6184547.8],[707290.06,6184537.43],[707028.55,6184684.14],[706910.15,6184289.86],[706750.63,6184285.45],[706544.01,6184001.71],[705847.24,6183993.33],[705793.91,6184213.77],[705479.32,6184201.01],[704988.88,6183778.71],[705055.17,6183638.5],[705171.06,6183691.59],[705191.42,6183367.46],[704820.91,6182821.31],[704999.19,6182744.12],[705511.14,6182862.79],[706192.71,6183189.02],[706179.64,6183120.55],[706354.12,6183324.94],[707478.47,6183275.39],[707677.52,6183108.77],[707963.98,6183072.71],[707868.08,6182898.92],[708069.12,6182546.27],[708075.26,6182265.51],[708177.76,6182196.1],[708539.34,6182381.33],[708564.15,6182331.24],[709094.31,6182446.68],[709294.46,6181514.72],[708704.94,6181323.5],[708648.34,6181175.53],[708708.4,6181044.29],[708503.4,6180867.8],[708602.83,6180658.0],[708733.83,6179620.2],[708995.36,6179547.0],[709023.07,6179323.53],[709960.89,6178985.62],[709925.21,6178485.23],[709565.21,6177760.79],[709072.95,6177731.41],[708658.21,6177405.83],[708470.05,6177394.93],[708422.17,6177207.22],[708169.65,6177141.09],[708087.85,6176957.94],[707052.85,6177276.11],[706428.58,6177618.15],[706158.85,6177643.79],[705476.12,6177983.9],[704353.24,6178080.36],[704199.81,6178437.43],[704008.13,6178266.5],[704064.75,6178171.69],[703932.23,6177986.97],[703496.25,6177726.1],[703366.15,6177443.57],[703271.7,6177363.19],[703010.73,6177362.73],[702948.09,6177233.1],[702995.42,6177083.12],[702879.44,6176938.49],[702711.1,6177004.0],[702432.65,6176763.51],[702253.52,6176360.82],[701951.37,6176187.55],[701908.32,6175945.32],[700660.08,6176037.4],[700229.25,6175979.04],[699996.74,6175336.77],[699209.75,6175208.14],[699227.7,6174612.25],[698989.78,6174293.44],[698585.68,6173968.7],[698117.59,6173967.62],[698201.03,6173483.79],[698650.96,6173401.91],[698609.23,6172610.89],[698964.7,6172494.37],[699050.72,6172003.81],[698681.89,6172030.8],[698644.84,6171975.09],[698745.45,6171575.8],[698673.8,6171194.07],[698720.33,6169851.99],[699335.29,6169915.56],[699234.82,6168518.09],[698985.94,6167518.54],[700298.89,6167048.37],[702171.23,6166743.3],[702262.11,6167532.99],[702498.95,6167643.33],[702463.48,6168218.77],[703418.19,6168180.31],[703513.1,6168402.24],[703455.18,6168645.6],[703692.4,6168653.38],[704244.75,6167833.05],[704466.4,6168126.4],[705104.74,6168194.01],[705504.17,6168579.97],[705933.83,6168811.99],[706263.48,6168889.26],[706460.84,6168831.87],[707056.71,6168245.96],[707411.23,6168428.91],[707878.08,6167933.4],[708018.12,6168053.21],[708239.56,6168001.4],[708390.01,6167797.4],[708653.89,6167796.58],[708639.56,6167699.51],[708826.6,6167574.32],[708899.09,6167646.85],[709186.51,6167568.69],[709412.35,6167642.05],[709996.01,6167443.43],[710184.08,6167491.84],[710504.31,6167334.58],[710711.01,6167043.81],[711367.3,6166923.52],[711455.71,6166791.86],[711693.66,6166773.73],[711518.51,6166571.14],[711693.01,6166243.45],[711907.04,6166032.39],[712574.42,6166402.15],[712687.9,6166428.46],[712735.21,6166317.13],[712657.28,6166621.48],[713595.33,6167293.6],[714086.92,6167497.88],[714215.67,6167305.67],[714100.02,6167635.59],[714201.71,6167847.87],[714152.58,6168021.21],[714447.82,6168190.51],[714845.56,6168281.71],[715554.48,6168326.53],[716542.57,6168247.73],[716683.08,6167708.14],[717067.38,6167743.61],[717201.15,6167427.89],[717675.47,6167384.75],[717578.67,6167261.27],[717723.15,6167382.69],[718022.74,6167242.12],[719264.13,6167176.95],[719346.96,6166955.26],[719519.91,6166826.47],[719944.42,6167172.31],[720170.57,6167672.81],[720213.31,6168233.85],[720592.98,6168270.06],[720465.11,6168315.1],[720451.02,6168397.98],[720545.96,6168383.32],[720559.38,6168567.72],[720716.68,6168747.12],[720269.46,6168842.13],[720243.58,6169077.1],[720028.37,6169259.88],[720011.67,6169375.58],[720087.93,6169431.83],[720048.62,6169542.09],[720135.52,6169620.81],[720175.78,6169870.49],[720531.95,6169926.51],[720207.12,6169951.93],[720535.07,6169993.57],[720463.46,6170174.28],[720593.44,6170312.93],[720341.91,6170288.13],[720579.05,6170344.45],[720582.03,6170694.3],[720702.561,6171122.688],[720321.16,6171728.36],[719874.02,6172153.79],[719627.04,6172259.68],[719401.7,6172785.31],[718773.57,6173394.03],[718734.16,6175066.48],[718493.65,6175067.19],[718291.55,6175666.37],[718001.99,6176177.91],[717847.16,6177022.8],[717914.07,6177194.7],[717651.61,6177713.74],[717662.55,6178406.39],[717121.17,6178661.43],[716975.74,6178898.63],[716905.5,6179453.58],[717196.18,6179718.08],[717234.03,6179983.32],[717698.09,6180235.36],[718115.71,6180256.28],[718370.31,6180510.13],[718389.47,6180629.89],[718801.75,6180947.78],[719078.55,6180931.25],[719315.34,6180742.31],[719428.42,6180779.85],[720087.28,6180465.07],[720659.62,6180495.62],[720714.39,6180835.34],[720917.32,6181263.87],[721104.48,6181409.85],[721380.55,6181307.42],[722015.9,6181365.3],[722255.39,6181275.18],[722432.15,6181014.05],[722633.9,6181074.33],[723648.53,6180969.33],[723741.59,6181954.3],[723896.41,6181934.86],[723870.15,6182091.85],[723997.41,6181996.21],[724036.11,6181807.06],[724564.9,6181708.18],[724694.69,6180950.37],[725020.74,6180939.15],[725418.01,6181382.45],[725344.69,6181469.73],[724877.58,6181322.25],[725086.26,6181431.67],[725015.76,6181473.02],[725098.45,6181533.81],[725191.06,6181456.18],[725338.33,6181523.15],[725160.84,6181700.84],[724999.79,6181661.55],[725082.41,6181569.11],[725078.05,6181531.28],[724982.85,6181649.19],[724851.11,6181551.03],[724844.23,6181572.14],[725042.3,6181709.86],[724907.1,6181741.56],[724861.23,6181899.68],[724927.09,6182020.58],[724957.52,6182765.25],[725243.16,6183500.52],[725338.43,6184074.5],[725736.68,6184939.22],[726028.71,6185147.14],[726103.52,6185266.13],[726113.43,6185348.61],[726053.15,6185203.51],[725862.88,6185193.33],[725857.91,6185292.86],[725936.39,6185297.32],[725855.46,6185334.05],[725846.49,6185559.64],[726011.12,6185574.64],[726117.88,6185402.99],[726029.11,6185575.46],[725707.79,6185818.46],[725580.35,6186549.18],[725296.83,6186846.47],[725347.52,6187959.04],[725418.01,6188214.35],[725498.07,6188259.85],[725506.88,6188276.67],[725418.84,6188242.66],[725408.11,6188354.67],[725475.04,6188273.88],[725463.23,6188357.23],[725038.68,6189169.85],[724803.46,6190099.0],[724492.29,6190499.74],[724321.91,6190433.71],[723896.35,6190655.84],[723762.72,6190607.54],[723659.8,6190666.7],[723556.38,6190626.26],[723548.77,6190498.82],[723379.88,6190474.12],[723147.36,6190213.0],[722492.41,6190347.61],[722155.85,6189901.0],[722025.99,6189956.73],[721738.07,6189782.59],[721101.67,6189734.01],[721009.5,6189931.06],[720924.86,6189864.78],[720660.0,6189900.75],[720070.74,6189476.11],[719482.13,6189383.36],[719370.85,6189244.23],[718992.37,6189334.36],[718818.16,6189025.18],[718683.48,6189449.06],[718403.6,6189210.39],[718064.04,6189161.59],[717992.01,6188936.92],[717698.94,6188950.6],[717815.96,6189482.82],[717675.41,6189514.63],[717018.85,6189341.71],[717029.53,6189244.59],[716733.67,6189191.59],[716718.08,6189268.14],[716440.08,6189163.18],[716388.19,6189288.12],[716025.45,6189145.83],[715549.86,6189132.56],[715562.08,6189408.95],[715289.46,6189401.34],[715310.82,6189262.88],[715135.06,6189189.27],[715165.84,6189149.21],[714987.05,6189115.1],[714156.67,6188562.51],[714327.64,6188346.42],[714118.33,6187997.79],[714130.95,6187266.63],[714212.99,6187001.42],[714064.11,6186388.12],[714310.91,6186264.58],[714536.69,6186403.86],[714925.73,6186347.26],[715368.04,6186562.45],[715666.9,6186583.54],[714841.39,6186002.97],[714456.28,6186107.01],[714343.84,6185811.4],[714360.724,6183873.974]],[[714370.842,6183874.228],[714370.84,6183874.23],[714428.74,6183878.47],[714370.842,6183874.228]],[[714237.56,6179011.63],[714237.58,6179011.63],[714237.5,6179011.62],[714237.56,6179011.63]],[[711650.897,6173001.414],[711650.99,6173001.264],[711650.99,6173001.26],[711650.897,6173001.414]],[[711991.017,6172593.602],[711991.02,6172593.6],[711990.606,6172593.268],[711991.017,6172593.602]],[[714091.215,6173360.459],[714092.06,6173359.84],[714091.216,6173360.455],[714091.215,6173360.459]],[[711666.23,6172974.7],[711666.234,6172974.697],[711666.83,6172973.82],[711666.23,6172974.7]],[[713562.02,6173511.03],[713562.023,6173511.03],[713562.323,6173510.712],[713562.02,6173511.03]],[[714290.177,6173279.84],[714290.38,6173281.31],[714290.18,6173279.84],[714290.177,6173279.84]],[[714680.55,6173491.07],[714680.546,6173491.07],[714682.49,6173492.939],[714680.55,6173491.07]],[[713559.52,6173512.19],[713559.519,6173512.194],[713560.845,6173511.772],[713559.52,6173512.19]],[[714828.19,6173700.66],[714828.188,6173700.657],[714829.247,6173705.24],[714828.19,6173700.66]],[[711643.94,6173012.85],[711643.943,6173012.85],[711644.89,6173011.261],[711643.94,6173012.85]],[[711635.31,6173027.83],[711635.709,6173032.09],[711635.31,6173027.794],[711635.31,6173027.83]],[[711638.96,6173021.36],[711638.963,6173021.363],[711639.584,6173020.287],[711638.96,6173021.36]],[[714654.02,6173492.86],[714654.017,6173492.863],[714658.14,6173492.94],[714654.02,6173492.86]],[[714801.127,6174160.118],[714804.3,6174166.65],[714800.544,6174158.535],[714801.127,6174160.118]],[[715360.001,6174622.067],[715360.59,6174616.5],[715360.587,6174616.499],[715360.001,6174622.067]],[[714378.307,6173387.886],[714378.359,6173388.41],[714377.43,6173378.67],[714378.307,6173387.886]],[[715244.018,6174855.358],[715244.02,6174855.36],[715249.09,6174843.339],[715244.018,6174855.358]],[[716251.297,6183477.164],[716251.3,6183477.17],[716249.07,6183472.63],[716251.297,6183477.164]],[[712233.407,6174520.259],[712233.408,6174520.256],[712226.42,6174517.81],[712233.407,6174520.259]],[[714787.598,6174037.327],[714787.6,6174037.33],[714788.5,6174030.809],[714787.598,6174037.327]],[[708810.76,6172931.91],[708814.84,6172935.88],[708810.763,6172931.907],[708810.76,6172931.91]],[[714672.878,6173492.093],[714676.58,6173491.27],[714668.27,6173492.431],[714672.878,6173492.093]],[[715529.91,6183853.53],[715535.83,6183853.98],[715529.71,6183853.51],[715529.91,6183853.53]],[[713757.638,6173444.472],[713772.97,6173448.15],[713757.6,6173444.46],[713757.638,6173444.472]],[[712825.867,6174934.688],[712825.87,6174934.69],[712825.77,6174933.34],[712825.867,6174934.688]],[[708941.567,6172957.6],[708934.067,6172971.703],[708941.57,6172957.601],[708941.567,6172957.6]],[[714480.978,6173500.743],[714494.33,6173506.62],[714480.904,6173500.705],[714480.978,6173500.743]],[[715230.646,6183838.366],[715230.65,6183838.37],[715230.98,6183838.36],[715230.646,6183838.366]],[[714852.559,6174230.594],[714859.635,6174237.29],[714848.25,6174225.931],[714852.559,6174230.594]],[[714749.7,6183888.21],[714761.947,6183887.635],[714747.48,6183888.31],[714749.7,6183888.21]],[[715245.497,6174904.818],[715245.5,6174904.82],[715246.069,6174895.83],[715245.497,6174904.818]],[[715014.67,6183873.085],[715014.67,6183873.09],[715018.82,6183872.13],[715014.67,6183873.085]],[[715272.21,6183844.61],[715287.26,6183846.959],[715268.58,6183844.04],[715272.21,6183844.61]],[[714832.857,6173729.701],[714835.48,6173743.779],[714832.192,6173723.203],[714832.857,6173729.701]],[[714828.878,6173815.647],[714828.88,6173815.65],[714830.49,6173809.591],[714828.878,6173815.647]],[[714362.12,6173310.9],[714362.118,6173310.9],[714372.93,6173336.67],[714362.12,6173310.9]],[[712652.604,6174769.767],[712649.84,6174766.57],[712668.31,6174787.96],[712652.604,6174769.767]],[[715233.349,6174582.604],[715237.603,6174583.654],[715218.9,6174577.05],[715233.349,6174582.604]],[[712222.21,6174516.34],[712226.415,6174517.808],[712208.83,6174511.76],[712222.21,6174516.34]],[[712848.43,6171345.1],[712848.433,6171345.098],[712858.33,6171320.46],[712848.43,6171345.1]],[[708780.69,6172983.74],[708780.691,6172983.743],[708793.838,6172964.753],[708780.69,6172983.74]],[[714790.286,6174127.752],[714792.657,6174137.716],[714789.071,6174119.843],[714790.286,6174127.752]],[[714335.016,6173291.124],[714339.896,6173314.079],[714339.9,6173314.079],[714335.016,6173291.124]],[[711999.401,6174426.73],[711999.401,6174426.725],[711982.032,6174418.22],[711999.401,6174426.73]],[[711977.42,6172604.62],[711977.424,6172604.62],[711978.295,6172603.58],[711977.42,6172604.62]],[[713244.4,6173538.55],[713244.065,6173538.498],[713244.593,6173538.581],[713244.4,6173538.55]],[[713266.73,6173542.11],[713245.18,6173538.67],[713278.791,6173544.042],[713266.73,6173542.11]],[[712429.89,6171944.68],[712429.892,6171944.683],[712438.556,6171932.912],[712429.89,6171944.68]],[[711996.45,6172585.94],[711994.7,6172589.14],[712006.903,6172573.292],[711996.45,6172585.94]],[[714207.55,6173332.47],[714207.553,6173332.472],[714209.0,6173331.148],[714207.55,6173332.47]],[[708741.61,6173038.24],[708741.612,6173038.244],[708748.389,6173035.38],[708741.61,6173038.24]],[[714928.83,6183890.15],[714949.83,6183889.91],[714915.25,6183890.3],[714928.83,6183890.15]],[[712588.03,6171756.22],[712567.35,6171776.64],[712588.122,6171756.132],[712588.03,6171756.22]],[[712588.78,6171755.48],[712588.782,6171755.482],[712596.496,6171747.692],[712588.78,6171755.48]],[[712118.9,6172428.63],[712118.904,6172428.631],[712125.172,6172421.846],[712118.9,6172428.63]],[[712496.45,6171853.12],[712496.454,6171853.118],[712509.342,6171837.599],[712496.45,6171853.12]],[[715315.187,6174747.648],[715315.19,6174747.65],[715332.16,6174713.34],[715315.187,6174747.648]],[[714758.872,6173625.789],[714771.066,6173645.54],[714777.458,6173653.664],[714758.872,6173625.789]],[[709032.44,6172989.41],[709032.441,6172989.408],[708972.053,6172968.271],[709032.44,6172989.41]],[[715160.861,6183847.976],[715150.29,6183849.75],[715191.0,6183842.92],[715160.861,6183847.976]],[[714987.396,6174491.58],[714987.401,6174491.586],[714998.65,6174441.51],[714987.396,6174491.58]],[[709033.57,6172690.68],[709041.14,6172692.64],[709041.35,6172684.34],[709033.57,6172690.68]],[[709064.2,6172660.84],[709064.203,6172660.843],[709072.433,6172651.999],[709064.2,6172660.84]],[[712221.3,6172302.16],[712205.31,6172323.092],[712228.38,6172293.705],[712221.3,6172302.16]],[[711578.06,6173180.87],[711578.064,6173180.867],[711599.632,6173124.389],[711578.06,6173180.87]],[[714703.066,6173531.079],[714726.08,6173568.84],[714694.49,6173515.18],[714703.066,6173531.079]],[[715255.204,6175019.209],[715260.068,6175047.452],[715267.63,6175087.02],[715255.204,6175019.209]],[[714860.86,6174238.45],[714897.0,6174274.233],[714905.6,6174283.94],[714860.86,6174238.45]],[[712753.24,6171553.67],[712739.435,6171579.497],[712777.84,6171507.661],[712753.24,6171553.67]],[[712194.394,6174724.759],[712208.787,6174649.314],[712254.546,6174736.695],[712194.394,6174724.759]],[[708849.04,6172894.17],[708819.06,6172931.15],[708871.256,6172866.125],[708849.04,6172894.17]],[[708666.56,6173150.266],[708663.22,6173149.492],[708714.4,6173161.55],[708666.56,6173150.266]],[[708714.4,6173161.55],[708764.73,6173173.59],[708788.5,6173178.88],[708814.04,6173077.8],[708788.497,6173178.877],[708714.4,6173161.55]]],[[[720708.1,6170954.98],[720757.32,6170973.81],[720735.75,6171027.16],[720708.1,6170954.98]]],[[[725452.76,6181547.27],[725358.28,6181571.68],[725472.4,6181490.91],[725452.76,6181547.27]]],[[[726195.77,6185308.51],[726203.55,6185368.75],[726192.3,6185434.43],[726195.77,6185308.51]]],[[[725425.81,6184039.94],[725390.92,6184064.48],[725365.85,6184055.15],[725425.81,6184039.94]]],[[[725398.42,6181456.6],[725409.25,6181485.2],[725402.8,6181490.25],[725398.42,6181456.6]]],[[[718375.61,6166996.45],[718387.13,6166994.92],[718382.47,6167001.48],[718375.61,6166996.45]]],[[[725414.33,6183998.04],[725420.26,6184007.92],[725410.15,6184003.83],[725414.33,6183998.04]]]]}},
{"type":"Feature","properties":{"navn":"Nordsjælland","nuts3":"DK013"},"geometry":{"type":"MultiPolygon","coordinates":[[[[705749.4,6225466.94],[705096.22,6225190.72],[704277.09,6225325.77],[703528.68,6225154.2],[702224.3,6224567.03],[701482.83,6224397.59],[699569.57,6223447.89],[698699.21,6223272.47],[697901.84,6222822.37],[695898.85,6221004.64],[694855.61,6220124.7],[694100.3,6219610.63],[693079.98,6218670.6],[690808.52,6216902.89],[690694.96,6216857.55],[690661.43,6216909.22],[688468.27,6214512.4],[687385.65,6213545.86],[684963.86,6211809.42],[684849.03,6211776.25],[684787.6,6211845.88],[683962.12,6211223.79],[683675.26,6211100.97],[683608.6,6210976.56],[683497.91,6210990.76],[683279.74,6210728.95],[683124.37,6210700.13],[683055.51,6210545.32],[682894.68,6210438.92],[682837.54,6210472.89],[682664.6,6210271.2],[682294.96,6210079.25],[681528.1,6209314.59],[680857.41,6208898.57],[680248.58,6208378.3],[679712.91,6208040.77],[679255.39,6207907.34],[678145.43,6207176.32],[677900.69,6206805.12],[677758.45,6206406.12],[677779.64,6206259.46],[677600.32,6206080.49],[677510.47,6206128.02],[677384.5,6205922.27],[677385.62,6205843.33],[677469.57,6206023.89],[677567.45,6205952.73],[677511.74,6205911.06],[677533.04,6205902.3],[677494.71,6205885.41],[677499.69,6205867.66],[677750.54,6205913.37],[677754.43,6205823.85],[677556.77,6205863.2],[677511.22,6205789.65],[677766.66,6205706.37],[677771.72,6205637.64],[677508.61,6205728.07],[677614.85,6205625.87],[677573.04,6205576.88],[677378.64,6205617.48],[677497.36,6205750.03],[677442.42,6205852.01],[677299.26,6205491.48],[677362.02,6205230.75],[677613.93,6205448.07],[677679.21,6205409.68],[677607.17,6205337.95],[677694.65,6205374.57],[677663.25,6205318.26],[677744.29,6205309.61],[677807.5,6204997.57],[677729.65,6204957.91],[677486.75,6205124.76],[677540.07,6205050.57],[677995.31,6204810.64],[678098.01,6203953.19],[678216.77,6203689.16],[678741.77,6203441.75],[679110.03,6203106.55],[678919.51,6203374.83],[678968.98,6203401.69],[679042.98,6203258.94],[679056.85,6203295.99],[679142.99,6203283.94],[679199.72,6203311.87],[679232.92,6203354.39],[679092.78,6203293.65],[678984.8,6203400.64],[678963.1,6203555.52],[679250.06,6203412.41],[679246.79,6203489.75],[679058.59,6203563.25],[679102.57,6203659.1],[679786.68,6203633.49],[680422.24,6203346.7],[682247.16,6204185.07],[682686.8,6204226.22],[683133.62,6204391.64],[683812.21,6204766.86],[683823.08,6205028.32],[684110.57,6205376.91],[684530.26,6205528.87],[685712.97,6206390.73],[685982.69,6206413.02],[686321.15,6206244.77],[686559.87,6206223.74],[687094.51,6206525.47],[687178.84,6206464.69],[687125.86,6206344.85],[687246.35,6206339.06],[687382.75,6206246.82],[687072.96,6205972.41],[687015.38,6205976.86],[687074.35,6205961.03],[687439.28,6206290.74],[687439.45,6206434.48],[687577.98,6206559.35],[687692.47,6206546.19],[687896.09,6206671.7],[687126.63,6205972.68],[687123.5,6205815.67],[687153.59,6205923.3],[687916.3,6206640.39],[687978.14,6206521.63],[687886.11,6206541.09],[687881.9,6206457.46],[687622.27,6206265.78],[687516.47,6205765.72],[687890.14,6205685.1],[687969.36,6206102.54],[688067.34,6206155.52],[688164.94,6205982.27],[688279.14,6205983.36],[687927.96,6205649.85],[688095.6,6205462.62],[688343.74,6205706.95],[688428.46,6205661.67],[688598.87,6205246.31],[688748.74,6204249.41],[689169.87,6203621.45],[689483.53,6202911.05],[689805.15,6202606.99],[690137.78,6201874.17],[690474.6,6200773.61],[690371.82,6199572.59],[690446.32,6199176.19],[691100.57,6197571.47],[691852.86,6196680.49],[691681.03,6195548.02],[691813.35,6195449.46],[691733.81,6195194.88],[691807.2,6194831.11],[691755.43,6194751.61],[691671.98,6194768.2],[691626.16,6194605.11],[691586.69,6194661.37],[691518.44,6194538.19],[690816.8,6194568.11],[690680.76,6194465.32],[690550.24,6193698.97],[690585.28,6193264.66],[690409.93,6192873.34],[690577.49,6192882.29],[690748.01,6192746.05],[691005.43,6192687.38],[691198.23,6192247.39],[691261.7,6192308.18],[691166.84,6191999.75],[691217.95,6192086.97],[691394.59,6192121.42],[691375.7,6191989.68],[691439.51,6191981.08],[691454.16,6191925.31],[691407.92,6191879.67],[691387.88,6191802.28],[691330.68,6191727.45],[691168.44,6191680.72],[691328.7,6191703.86],[691446.44,6191572.96],[691500.26,6191147.62],[691420.52,6190966.27],[691611.43,6191250.31],[691827.3,6191232.15],[691827.7,6191136.85],[691740.17,6191116.7],[691733.45,6191094.88],[691849.14,6191033.45],[691844.12,6190746.76],[692022.45,6190370.03],[692027.86,6190069.47],[692106.19,6190065.09],[692057.45,6189943.49],[692194.0,6189845.16],[692310.72,6189481.77],[692298.28,6189282.66],[692191.21,6189177.48],[692296.31,6188987.79],[692458.32,6188935.74],[692835.69,6188290.6],[692822.29,6188190.31],[693036.01,6187958.89],[692921.53,6187683.05],[692975.84,6187623.86],[692933.02,6187404.56],[692674.82,6187384.5],[692812.66,6186910.82],[692774.3,6186801.12],[692648.82,6186780.76],[692713.15,6186608.74],[693052.98,6186391.7],[693154.51,6186173.84],[693556.1,6186136.12],[694012.89,6185753.01],[694547.41,6185516.74],[694907.02,6185457.21],[695016.43,6185343.11],[695164.85,6184823.4],[695296.59,6184622.86],[695702.69,6184439.95],[696144.02,6184045.21],[696489.79,6183914.64],[696974.82,6183541.78],[697712.48,6183426.25],[698202.87,6182548.76],[698607.28,6182536.24],[698776.93,6182458.53],[699312.55,6182670.64],[699957.41,6182628.5],[700185.57,6182472.72],[700363.16,6182471.77],[700553.22,6182656.45],[700647.87,6182886.33],[700968.54,6182915.94],[701194.94,6183051.97],[701789.94,6182833.96],[702495.85,6182198.91],[702581.77,6181877.61],[702475.75,6181776.26],[702300.31,6181776.67],[702251.52,6181590.91],[702651.44,6181342.79],[702556.42,6181179.11],[702337.59,6181050.38],[702134.29,6181144.79],[701920.39,6181074.69],[701461.51,6180769.76],[701468.66,6180665.66],[701731.47,6180548.37],[701872.73,6180303.29],[701937.48,6180338.93],[702259.74,6180178.38],[702796.4,6179319.32],[703659.09,6179061.72],[704190.32,6178597.13],[704347.49,6178082.87],[705476.12,6177983.9],[706158.85,6177643.79],[706428.58,6177618.15],[707052.85,6177276.11],[708087.85,6176957.94],[708169.65,6177141.09],[708422.17,6177207.22],[708470.05,6177394.93],[708658.21,6177405.83],[709072.95,6177731.41],[709565.21,6177760.79],[709930.01,6178506.9],[709960.89,6178985.62],[709023.07,6179323.53],[708995.36,6179547.0],[708733.83,6179620.2],[708602.83,6180658.0],[708503.4,6180867.8],[708708.4,6181044.29],[708648.34,6181175.53],[708704.94,6181323.5],[709294.46,6181514.72],[709100.38,6182432.13],[708912.71,6182450.91],[708564.15,6182331.24],[708539.34,6182381.33],[708177.76,6182196.1],[708075.26,6182265.51],[708069.12,6182546.27],[707868.08,6182898.92],[707963.98,6183072.71],[707677.52,6183108.77],[707478.47,6183275.39],[706354.12,6183324.94],[706179.64,6183120.55],[706192.71,6183189.02],[705511.14,6182862.79],[704999.19,6182744.12],[704820.91,6182821.31],[705191.42,6183367.46],[705171.06,6183691.59],[705055.17,6183638.5],[704988.88,6183778.71],[705243.6,6184036.77],[705377.51,6184061.05],[705473.9,6184199.58],[705793.91,6184213.77],[705845.18,6183993.79],[706544.01,6184001.71],[706750.63,6184285.45],[706910.15,6184289.86],[707028.55,6184684.14],[707290.06,6184537.43],[707492.21,6184547.8],[707836.41,6184336.93],[708122.45,6184447.73],[708722.69,6184234.02],[708918.07,6184361.94],[709139.4,6184381.74],[709168.35,6184197.34],[709474.49,6184062.58],[710083.55,6184106.75],[710642.03,6183844.05],[711023.21,6183795.46],[711872.36,6184139.45],[712074.1,6184675.4],[712631.32,6184452.78],[712901.78,6184507.22],[712968.13,6184397.08],[713011.1,6184573.34],[713831.8,6183807.55],[714370.32,6183874.19],[714343.84,6185811.4],[714456.28,6186107.01],[714841.39,6186002.97],[715666.899,6186583.539],[715368.04,6186562.45],[714925.73,6186347.26],[714536.69,6186403.86],[714310.91,6186264.58],[714064.11,6186388.12],[714212.99,6187001.42],[714130.95,6187266.63],[714118.33,6187997.79],[714327.64,6188346.42],[714156.67,6188562.51],[714987.05,6189115.1],[715165.84,6189149.21],[715135.06,6189189.27],[715310.82,6189262.88],[715289.46,6189401.34],[715562.08,6189408.95],[715549.86,6189132.56],[716025.45,6189145.83],[716388.19,6189288.12],[716440.08,6189163.18],[716718.08,6189268.14],[716733.67,6189191.59],[717029.53,6189244.59],[717018.85,6189341.71],[717675.41,6189514.63],[717815.96,6189482.82],[717698.94,6188950.6],[717992.01,6188936.92],[718064.04,6189161.59],[718403.6,6189210.39],[718683.48,6189449.06],[718818.16,6189025.18],[718992.37,6189334.36],[719370.85,6189244.23],[719482.13,6189383.36],[720070.74,6189476.11],[720660.0,6189900.75],[720924.86,6189864.78],[721009.5,6189931.06],[721097.79,6189734.36],[721738.07,6189782.59],[722022.02,6189956.03],[722147.09,6189900.08],[722256.06,6189964.94],[722503.76,6190351.11],[723153.32,6190215.01],[723379.88,6190474.12],[723548.77,6190498.82],[723556.38,6190626.26],[723659.8,6190666.7],[723762.72,6190607.54],[723896.35,6190655.84],[724321.91,6190433.71],[724480.41,6190504.92],[724180.2,6190826.4],[724060.26,6191270.11],[723807.15,6193407.32],[723795.55,6194363.11],[723635.18,6194732.63],[723681.64,6194984.89],[723793.41,6195075.01],[723806.49,6195198.07],[723742.18,6195285.88],[723665.37,6195306.6],[723796.72,6195120.07],[723586.79,6194976.31],[723485.28,6195199.88],[723677.93,6195249.46],[723523.3,6195230.77],[723425.49,6195335.41],[723310.66,6195723.59],[722730.24,6196920.82],[721941.71,6198167.52],[721750.03,6198649.85],[721983.09,6198851.44],[722002.25,6198942.37],[721977.84,6199118.35],[721959.23,6198839.15],[721721.29,6198751.36],[721655.5,6198887.5],[721914.93,6199000.61],[721919.51,6199074.52],[721666.75,6199084.51],[721630.75,6199173.28],[721938.18,6199107.58],[721763.78,6199208.58],[721600.5,6199183.62],[721424.0,6199429.8],[721057.9,6200306.77],[720616.37,6201069.58],[720613.08,6201211.77],[720498.75,6201295.49],[720346.06,6201741.88],[719815.11,6202656.55],[719777.15,6203305.88],[719889.46,6203631.45],[720209.77,6203639.46],[720217.33,6203640.87],[720225.91,6203647.22],[720040.21,6203655.63],[720101.9,6203736.29],[720332.28,6203722.89],[720084.57,6203764.34],[719956.88,6204113.14],[720082.84,6204537.15],[720377.65,6204533.13],[720281.42,6204565.06],[720273.01,6204662.35],[720333.29,6204789.64],[720448.36,6204756.09],[720367.24,6204843.75],[720445.81,6204994.61],[720232.76,6204834.02],[720066.3,6204886.99],[720052.08,6205008.86],[720444.07,6205032.59],[720306.39,6205044.69],[720284.51,6205435.04],[720652.23,6206467.81],[720693.16,6206524.06],[720784.85,6206507.72],[720880.52,6206566.28],[720699.0,6206553.89],[720828.03,6206581.1],[720727.25,6206645.35],[720793.67,6206951.36],[720989.6,6207420.74],[721178.29,6208261.73],[721374.86,6208586.03],[721242.15,6208460.48],[721211.75,6208553.5],[721294.02,6208553.61],[721338.37,6208602.64],[721267.77,6208570.44],[721229.23,6208718.51],[721564.55,6209537.95],[721708.79,6210146.8],[722019.58,6210721.11],[722264.47,6210932.86],[722134.84,6210942.38],[722128.02,6210987.69],[722202.9,6210973.07],[722211.98,6210990.1],[722138.93,6211009.61],[722149.87,6211109.6],[722982.34,6212229.5],[723556.53,6212726.47],[723650.29,6212784.39],[723726.99,6212725.63],[723810.38,6212776.32],[723726.01,6212735.83],[723643.98,6212800.13],[723701.97,6212847.16],[723763.08,6212771.26],[723800.68,6212930.77],[724111.16,6213179.09],[724391.23,6213702.71],[724868.54,6215164.47],[725175.25,6215514.6],[725411.76,6215650.19],[725256.86,6215688.78],[725518.86,6215817.3],[725232.58,6215731.12],[725302.99,6215969.18],[725177.05,6216151.03],[725245.61,6216115.73],[725212.25,6216229.55],[725264.01,6216122.36],[725311.57,6216260.4],[725377.06,6216214.65],[725343.7,6216121.38],[725442.27,6216114.42],[725474.6,6215876.21],[725768.78,6216340.36],[725628.44,6216502.54],[725290.57,6216586.38],[725386.66,6216802.94],[725348.08,6216863.37],[725281.89,6216677.61],[725198.49,6216812.9],[725231.86,6216733.8],[725125.59,6216584.67],[725031.77,6216611.54],[725072.91,6216718.63],[724992.2,6216609.25],[724881.17,6216662.02],[725181.29,6216841.84],[725104.49,6216854.71],[725233.33,6216954.55],[725340.18,6216944.62],[725410.74,6216832.63],[725336.67,6216963.99],[725205.41,6216960.43],[725013.76,6216795.4],[724561.55,6216866.21],[724503.58,6217009.23],[723862.98,6217563.83],[722821.29,6218259.43],[722289.83,6218715.26],[721553.99,6219566.38],[720960.38,6220000.0],[720505.53,6220466.58],[720233.66,6220639.87],[719745.9,6220830.94],[719587.52,6220932.58],[719284.11,6221045.14],[718923.38,6221246.13],[717617.55,6221764.72],[716949.85,6221773.98],[716605.12,6221915.27],[716220.32,6221955.12],[715402.75,6221853.79],[715188.41,6221956.41],[715202.74,6222114.53],[715158.85,6222176.06],[715190.09,6222101.47],[715108.9,6222095.42],[715189.54,6222088.16],[715182.21,6221997.92],[715082.86,6221976.18],[715052.89,6221859.71],[715022.34,6221955.66],[715095.52,6222006.4],[715004.12,6222024.44],[715115.66,6222180.43],[714988.78,6222026.53],[714279.18,6221773.9],[713652.02,6221783.91],[712910.49,6221884.21],[712097.95,6222377.45],[710562.41,6222505.52],[709599.9,6223141.54],[709395.33,6223443.36],[708517.6,6224283.22],[708187.84,6224461.8],[706923.07,6224580.42],[705977.07,6224921.25],[705897.81,6225339.05],[705749.4,6225466.94]]],[[[689757.6,6178725.52],[689487.71,6178830.11],[689756.21,6178720.71],[689835.77,6178549.26],[689863.4,6178504.77],[689898.43,6178464.65],[689897.81,6178432.96],[689925.95,6178420.71],[689757.6,6178725.52]]],[[[694513.96,6179431.33],[694448.84,6179469.03],[694511.27,6179418.26],[694513.96,6179431.33]]],[[[688251.44,6179424.29],[688269.86,6179580.46],[688229.03,6179719.73],[688257.93,6179525.38],[688251.44,6179424.29]]],[[[688206.36,6179763.95],[688235.09,6179854.92],[688248.9,6179982.31],[688207.59,6179862.96],[688206.36,6179763.95]]],[[[692683.87,6180086.01],[692670.69,6180105.96],[692636.68,6180099.22],[692683.87,6180086.01]]],[[[692700.23,6180191.57],[692725.76,6180187.31],[692749.54,6180212.8],[692700.23,6180191.57]]],[[[692972.93,6181442.13],[692949.29,6181477.97],[692924.54,6181447.07],[692972.93,6181442.13]]],[[[693333.81,6181836.91],[693089.75,6181875.23],[693106.78,6181578.02],[692985.16,6181583.63],[693091.46,6181297.21],[692778.42,6180887.63],[692593.83,6180814.32],[692773.14,6180559.65],[692761.47,6180208.69],[692986.69,6180177.31],[692938.2,6180059.99],[692883.24,6180164.95],[692782.82,6180150.49],[692813.46,6179970.13],[692980.6,6179939.82],[693418.65,6180049.04],[693554.84,6179993.83],[693753.62,6180151.74],[693613.25,6180233.15],[694102.69,6180261.28],[694418.84,6180020.35],[694466.9,6179847.21],[694401.96,6179798.9],[694528.41,6179768.73],[694576.03,6180190.64],[694430.18,6180324.9],[694306.18,6180266.12],[694059.25,6180346.37],[693980.93,6180500.31],[693801.1,6180585.17],[693741.81,6180724.99],[693881.62,6180941.68],[693634.12,6181355.48],[693728.45,6181310.79],[693743.7,6181414.63],[693707.34,6181457.5],[693710.47,6181372.43],[693629.2,6181386.08],[693654.18,6181392.72],[693689.33,6181463.54],[693692.01,6181514.02],[693618.75,6181404.58],[693422.89,6181515.86],[693316.75,6181653.05],[693333.81,6181836.91]]],[[[691495.1,6186191.95],[691441.29,6186174.19],[691434.55,6186150.5],[691495.1,6186191.95]]],[[[692322.09,6187277.56],[692300.86,6187305.28],[692296.54,6187280.98],[692322.09,6187277.56]]],[[[692324.95,6187332.5],[692314.98,6187348.26],[692312.34,6187334.59],[692324.95,6187332.5]]],[[[691885.91,6187346.42],[691916.04,6187368.82],[691888.4,6187373.88],[691885.91,6187346.42]]],[[[692017.23,6187485.74],[691900.67,6187420.77],[691895.41,6187400.83],[691981.37,6187370.46],[692017.23,6187485.74]]],[[[680183.33,6187494.16],[680157.37,6187540.84],[680128.73,6187559.69],[680130.28,6187536.05],[680183.33,6187494.16]]],[[[679778.3,6187566.46],[679736.08,6187562.6],[679793.47,6187552.01],[679778.3,6187566.46]]],[[[692734.61,6187542.23],[692696.51,6187691.91],[692678.66,6187703.96],[692665.52,6187451.34],[692734.61,6187542.23]]],[[[679625.96,6187606.64],[679576.49,6187733.92],[679499.18,6187753.72],[679485.99,6187649.33],[679625.96,6187606.64]]],[[[679308.82,6187688.37],[679219.03,6187807.84],[679100.27,6187787.57],[679308.82,6187688.37]]],[[[679154.05,6187798.95],[679119.57,6187883.83],[679065.97,6187855.53],[679154.05,6187798.95]]],[[[679094.61,6187904.46],[679102.82,6187905.71],[679100.73,6187909.61],[679094.61,6187904.46]]],[[[691294.8,6187867.95],[691293.25,6187906.96],[691271.99,6187907.1],[691294.8,6187867.95]]],[[[678953.72,6187932.03],[678962.91,6187940.1],[678953.44,6187935.37],[678953.72,6187932.03]]],[[[691809.26,6187968.43],[691744.14,6187975.59],[691715.04,6187922.96],[691780.96,6187884.7],[691809.26,6187968.43]]],[[[691111.87,6187953.65],[691094.08,6187985.51],[691067.86,6187961.77],[691111.87,6187953.65]]],[[[679556.11,6187977.74],[679573.91,6187985.47],[679571.92,6187990.23],[679556.11,6187977.74]]],[[[679410.72,6187822.45],[679373.54,6188019.63],[679336.38,6187863.22],[679410.72,6187822.45]]],[[[678855.46,6188022.19],[678932.36,6187996.3],[678903.75,6188035.0],[678855.46,6188022.19]]],[[[680315.7,6188518.78],[680321.18,6188522.11],[680316.67,6188523.12],[680315.7,6188518.78]]],[[[691921.35,6188459.29],[691679.94,6188788.31],[691573.72,6188850.97],[691781.73,6188490.46],[691921.35,6188459.29]]],[[[691118.13,6189489.77],[690999.11,6189634.54],[690925.8,6189612.78],[691118.13,6189489.77]]],[[[692036.96,6190013.09],[692044.87,6190014.3],[692044.87,6190015.82],[692036.96,6190013.09]]],[[[684610.16,6190932.08],[684625.34,6190930.47],[684617.0,6190935.2],[684610.16,6190932.08]]],[[[691376.53,6191981.07],[691059.11,6191897.96],[691057.18,6191763.04],[691334.08,6191766.38],[691378.5,6191800.55],[691401.08,6191883.04],[691445.0,6191929.22],[691376.53,6191981.07]]],[[[689015.11,6193966.73],[689050.0,6194026.86],[689020.62,6194496.81],[688983.31,6194548.47],[689015.11,6193966.73]]],[[[687669.16,6194895.31],[687679.52,6194919.99],[687670.41,6194929.41],[687669.16,6194895.31]]],[[[687649.7,6194937.42],[687628.72,6194949.66],[687648.86,6194927.38],[687649.7,6194937.42]]],[[[691609.39,6194983.77],[691443.64,6195062.81],[691259.63,6195190.07],[691425.14,6195061.1],[691609.39,6194983.77]]],[[[688156.26,6196724.23],[688053.67,6196673.71],[688096.84,6196513.45],[688273.06,6196339.79],[688268.82,6196204.41],[688351.21,6196210.61],[688242.39,6196144.4],[688361.56,6195979.12],[688435.44,6196045.75],[688489.9,6195946.18],[688373.5,6196566.33],[688156.26,6196724.23]]],[[[688064.03,6196801.69],[688027.94,6196784.87],[688062.63,6196771.47],[688064.03,6196801.69]]],[[[688328.28,6197928.78],[688348.18,6197971.24],[688305.21,6197926.92],[688328.28,6197928.78]]],[[[688798.54,6200077.44],[688816.01,6200076.5],[688811.38,6200089.62],[688798.54,6200077.44]]],[[[680937.06,6200717.79],[680768.9,6200459.88],[680594.07,6200409.1],[680618.21,6200277.14],[680901.99,6200381.45],[681072.73,6200646.48],[681258.44,6200611.11],[680937.06,6200717.79]]],[[[681590.91,6202766.87],[681432.46,6202987.24],[681565.01,6202346.84],[681268.3,6201098.18],[681338.34,6200805.74],[682178.65,6199738.9],[682371.95,6199413.73],[682298.83,6199312.87],[682382.97,6199387.79],[682560.95,6199279.42],[682610.39,6199053.88],[682541.45,6198871.55],[682686.21,6198833.37],[682996.22,6198060.65],[683129.3,6198074.94],[683095.25,6197942.99],[683155.7,6197992.93],[683294.4,6197864.17],[683201.0,6197098.76],[683209.73,6196686.45],[683315.76,6196394.55],[683680.66,6195783.09],[683908.02,6195677.27],[684224.55,6195671.47],[684634.59,6194834.77],[684925.72,6194439.05],[685289.36,6193553.85],[685231.36,6192876.65],[685069.79,6192303.77],[684964.15,6192241.34],[685035.86,6192146.73],[684955.56,6191884.39],[684806.66,6191734.13],[684734.17,6191422.25],[684675.88,6191426.01],[684760.05,6191356.81],[684758.97,6191213.11],[684687.62,6191120.21],[684618.17,6191148.41],[684678.41,6190861.06],[684608.45,6190739.63],[684612.23,6190858.92],[684568.11,6190851.56],[684452.55,6190315.91],[684268.22,6190145.08],[683891.91,6190109.03],[683815.11,6189682.96],[683572.18,6189603.65],[683325.41,6189657.53],[683239.94,6189548.5],[683034.02,6189533.7],[682829.8,6189682.63],[682769.68,6189880.59],[682595.74,6189856.58],[682497.82,6189937.92],[682255.94,6189739.09],[682018.08,6189668.01],[681934.9,6189716.94],[681580.37,6189519.14],[681495.0,6189566.18],[681499.64,6189483.4],[681315.2,6189338.45],[681188.94,6189460.64],[681018.22,6189436.51],[680471.34,6189129.02],[680447.56,6188991.74],[680436.4,6189133.24],[680317.63,6189122.59],[680316.54,6189014.8],[680213.42,6188933.53],[680163.8,6188714.86],[680248.16,6188827.3],[680219.22,6188933.11],[680292.06,6188945.16],[680289.37,6188602.66],[680485.31,6188613.52],[680417.75,6188601.43],[680520.9,6188421.97],[680529.79,6188162.12],[680379.59,6187828.84],[680424.14,6187658.9],[680090.62,6187369.62],[679867.45,6187464.3],[679460.44,6186971.96],[679552.41,6187011.54],[679561.68,6186954.39],[679468.39,6186313.55],[679347.29,6186281.57],[679454.79,6186252.11],[679487.72,6186066.12],[679434.46,6185850.72],[679510.09,6185596.27],[679477.95,6185081.95],[679226.49,6184460.35],[679388.79,6184123.78],[679361.03,6183383.28],[679154.01,6183159.18],[679096.32,6182954.57],[679142.07,6182768.86],[679052.34,6182576.61],[678951.73,6182553.79],[678927.11,6182671.86],[678864.29,6182609.32],[678887.33,6182746.07],[678836.5,6182627.44],[678588.02,6182605.02],[678592.54,6182547.18],[678730.22,6182500.41],[678897.71,6182060.29],[679061.35,6182282.54],[679258.64,6182180.15],[679189.13,6180992.95],[679314.36,6180535.41],[679474.62,6180347.59],[679905.62,6180619.21],[680282.42,6180571.59],[680568.84,6180650.74],[680896.77,6180512.04],[681410.19,6180590.39],[681760.14,6180340.33],[682010.9,6180036.64],[682417.56,6180005.86],[682778.51,6180228.18],[682965.6,6180535.67],[683319.31,6180634.92],[683386.56,6180590.31],[683507.4,6180963.36],[683344.65,6181063.48],[683307.69,6181326.58],[683410.73,6181392.31],[683412.59,6181556.71],[684255.87,6181658.44],[684320.14,6181520.74],[685051.44,6181289.79],[684999.701,6181024.529],[685699.17,6180483.31],[686054.26,6180443.47],[686580.86,6180133.97],[687194.94,6180066.32],[687477.09,6180296.14],[687411.65,6180401.06],[687484.91,6180532.09],[687453.5,6180722.55],[687564.64,6180856.98],[687541.74,6181050.22],[687675.85,6181290.99],[687773.66,6181228.72],[687912.65,6180634.01],[688158.7,6180267.43],[688315.62,6180544.74],[688656.06,6180694.37],[688808.15,6180597.55],[688901.5,6179924.63],[688856.64,6179809.27],[688973.37,6179533.68],[688863.11,6179326.04],[689019.81,6179200.14],[689258.65,6179259.84],[689317.35,6179071.35],[689234.57,6179029.39],[689293.13,6178960.75],[689484.0,6179029.3],[689695.51,6179409.32],[689937.62,6179631.3],[690003.04,6179923.42],[690174.73,6180019.71],[690291.17,6179904.49],[690487.12,6179975.91],[690587.19,6180098.62],[690525.78,6180233.65],[690579.61,6180352.4],[690678.66,6180386.59],[690886.33,6180151.43],[691173.23,6180351.03],[691334.59,6180599.63],[691844.57,6180656.94],[691954.88,6180574.27],[692107.83,6180589.75],[692290.5,6180272.17],[692381.41,6180469.72],[692350.03,6180744.42],[692436.0,6180798.03],[692302.41,6180867.51],[692427.21,6181214.41],[692196.65,6181406.49],[692234.94,6181924.23],[692167.57,6182128.97],[692225.86,6182127.14],[692232.47,6182266.63],[692080.0,6182452.41],[692177.18,6182548.55],[692158.93,6182658.31],[692233.24,6182649.47],[692174.05,6182748.16],[692258.18,6182825.93],[692199.2,6182895.14],[692024.16,6182835.45],[691816.46,6182907.08],[691757.8,6183150.5],[691667.88,6183203.14],[691976.52,6183617.29],[692222.52,6183658.9],[692198.91,6183942.21],[692429.65,6184364.0],[692021.75,6184778.77],[691925.61,6185253.96],[691621.52,6185614.33],[691607.33,6185794.78],[691723.59,6185862.97],[691594.0,6185824.46],[691434.05,6185984.15],[691492.4,6186035.57],[691408.58,6186147.25],[691478.49,6186285.76],[691419.65,6186319.47],[691482.02,6186472.74],[691490.67,6186694.04],[691435.81,6186701.08],[691496.12,6186701.03],[691477.32,6186802.1],[691632.08,6187024.56],[691577.58,6187464.67],[691618.6,6187529.68],[691670.91,6187526.41],[691700.5,6187551.59],[691608.19,6187565.89],[691773.28,6187759.08],[691249.93,6187719.66],[691104.33,6187948.39],[690919.31,6187849.53],[690907.0,6187622.61],[690793.86,6187590.2],[690703.69,6187725.77],[690548.73,6188104.83],[690521.18,6188598.12],[690644.55,6188758.23],[690844.11,6188765.73],[691039.23,6189033.68],[691220.19,6188984.06],[691287.93,6189137.72],[691116.79,6189427.92],[690929.1,6189482.63],[690662.44,6189392.38],[690567.8,6189453.12],[690339.95,6189727.42],[690199.12,6190184.92],[690311.31,6190596.92],[690207.09,6190746.0],[690307.47,6190771.27],[690128.89,6191051.67],[690192.48,6191047.71],[690212.96,6191219.82],[690475.04,6191487.06],[690854.41,6191710.26],[690547.95,6191570.3],[690192.71,6191234.13],[690041.64,6191652.68],[690185.61,6191968.13],[690103.25,6192164.94],[690139.56,6192177.08],[690155.15,6192249.13],[690097.51,6192235.24],[689933.33,6192577.75],[690267.21,6192766.17],[690286.94,6192810.97],[689906.2,6192630.76],[689883.09,6192975.46],[689657.57,6193683.88],[689432.1,6193815.97],[689095.0,6193864.08],[688671.04,6194118.53],[688389.93,6194111.37],[688363.83,6194355.48],[688342.65,6194172.25],[688307.05,6194169.0],[688359.64,6194394.07],[688281.43,6194205.66],[688026.91,6194320.93],[687939.56,6194448.38],[687897.99,6194397.13],[687927.67,6194491.07],[687847.09,6194403.98],[687845.52,6194557.01],[687780.34,6194533.25],[687875.59,6194633.91],[687774.32,6194555.41],[687682.95,6194612.54],[687607.17,6194792.07],[687647.09,6194900.81],[687547.09,6194984.22],[687712.3,6195439.08],[687733.92,6195678.21],[687666.8,6195686.63],[687799.76,6195978.78],[687623.45,6196283.01],[687621.34,6196422.54],[687730.12,6196505.51],[687700.81,6197111.44],[687891.82,6197069.85],[688134.14,6197304.87],[688202.52,6197598.71],[688161.33,6197744.75],[688284.28,6197954.05],[688582.82,6198186.9],[688695.67,6198414.9],[688919.26,6198617.34],[689116.75,6199066.32],[689557.29,6199290.03],[689193.31,6199163.73],[688949.34,6199976.46],[688914.1,6199886.1],[688733.93,6199934.45],[688617.39,6200005.61],[688622.14,6200083.57],[688512.75,6200048.35],[688345.82,6200257.2],[688181.95,6200249.31],[687776.66,6200719.99],[687597.36,6200663.87],[687523.43,6200538.35],[687352.98,6200603.82],[687184.63,6200537.14],[687104.12,6200409.31],[686892.84,6200495.08],[686453.35,6200476.36],[686500.31,6200525.85],[685984.27,6200964.77],[685632.78,6201710.03],[685187.79,6202208.16],[684933.85,6202177.07],[684663.4,6202284.1],[684601.16,6202221.38],[684306.09,6202475.62],[683314.99,6202642.04],[681881.12,6202732.31],[681473.11,6202942.58],[681590.91,6202766.87]]],[[[680260.77,6203344.89],[680266.01,6203369.75],[680178.14,6203346.36],[680260.77,6203344.89]]],[[[687531.47,6205899.21],[687547.35,6205922.18],[687541.16,6205934.64],[687531.47,6205899.21]]],[[[687266.46,6206283.81],[687125.09,6206331.56],[686992.07,6206143.68],[687010.87,6206040.61],[687038.9,6205996.55],[687004.48,6206140.08],[687266.46,6206283.81]]],[[[677779.43,6206549.49],[677798.64,6206562.3],[677797.78,6206569.6],[677779.43,6206549.49]]],[[[677817.4,6206608.59],[677836.18,6206625.84],[677836.0,6206632.81],[677817.4,6206608.59]]],[[[679278.67,6207923.42],[679305.31,6207937.2],[679274.67,6207927.3],[679278.67,6207923.42]]],[[[679543.54,6208023.52],[679579.62,6208028.84],[679581.63,6208033.12],[679543.54,6208023.52]]],[[[723826.57,6212796.09],[723838.36,6212857.76],[723815.67,6212923.37],[723829.12,6212862.58],[723826.57,6212796.09]]],[[[720382.33,6220545.92],[720395.8,6220544.17],[720371.07,6220557.3],[720382.33,6220545.92]]],[[[720332.75,6220581.49],[720346.49,6220580.51],[720321.88,6220593.12],[720332.75,6220581.49]]],[[[720271.13,6220626.27],[720289.76,6220622.5],[720268.97,6220631.33],[720271.13,6220626.27]]],[[[720225.52,6220654.29],[720246.51,6220650.24],[720218.69,6220661.02],[720225.52,6220654.29]]],[[[720166.21,6220683.68],[720188.24,6220680.46],[720164.76,6220689.17],[720166.21,6220683.68]]],[[[720109.92,6220711.69],[720132.33,6220707.2],[720107.91,6220716.81],[720109.92,6220711.69]]],[[[720051.87,6220737.12],[720077.1,6220733.07],[720051.22,6220742.24],[720051.87,6220737.12]]],[[[719996.23,6220760.49],[720020.74,6220758.05],[719994.53,6220764.72],[719996.23,6220760.49]]],[[[719954.44,6220778.65],[719965.48,6220782.04],[719933.08,6220794.6],[719954.44,6220778.65]]],[[[719869.05,6220808.09],[719891.07,6220808.51],[719867.55,6220810.9],[719869.05,6220808.09]]],[[[719841.59,6220817.59],[719826.7,6220830.36],[719814.09,6220825.53],[719841.59,6220817.59]]],[[[719777.06,6220838.94],[719764.94,6220853.09],[719760.29,6220853.07],[719777.06,6220838.94]]],[[[719707.01,6220869.74],[719712.24,6220874.94],[719702.8,6220874.6],[719707.01,6220869.74]]],[[[719655.83,6220894.64],[719670.13,6220894.87],[719651.94,6220899.3],[719655.83,6220894.64]]],[[[719077.62,6221161.66],[719101.81,6221159.59],[719075.87,6221166.15],[719077.62,6221161.66]]],[[[719026.89,6221190.56],[719018.27,6221198.61],[719015.08,6221196.96],[719026.89,6221190.56]]],[[[667439.89,6231600.55],[667152.47,6231508.59],[667572.5,6230964.69],[667760.67,6230875.94],[668235.51,6230891.7],[668522.07,6230814.2],[668414.54,6231078.41],[668436.44,6231456.79],[668370.94,6231418.7],[668128.77,6231561.83],[667718.24,6231581.85],[667546.93,6231481.54],[667439.89,6231600.55]]],[[[666589.31,6231867.94],[666440.27,6231888.21],[666337.53,6231951.69],[666433.53,6231823.97],[666589.31,6231867.94]]],[[[666011.86,6232066.12],[666275.97,6231964.29],[665973.49,6232133.42],[666011.86,6232066.12]]]]}},
{"type":"Feature","properties":{"navn":"Bornholm","nuts3":"DK014"},"geometry":{"type":"MultiPolygon","coordinates":[[[[866332.51,6143279.19],[866252.08,6143171.73],[866103.46,6143132.89],[866095.69,6143001.75],[865995.18,6143013.84],[865871.1,6142833.14],[865805.96,6142850.07],[865807.29,6142721.99],[865704.29,6142644.67],[865737.32,6142518.92],[865646.48,6142490.0],[865562.91,6142283.33],[865325.4,6142210.09],[865095.86,6141924.1],[865056.07,6141760.89],[865147.88,6141244.27],[865323.03,6141035.68],[865366.37,6140778.62],[865368.57,6140949.5],[865529.2,6140817.06],[865442.52,6140688.86],[865373.52,6140749.53],[865354.9,6140388.65],[865250.66,6140281.03],[865316.65,6140115.87],[865239.43,6139840.6],[865304.63,6139732.08],[864964.16,6138936.58],[864690.15,6137887.38],[864425.14,6137469.66],[864463.56,6137508.66],[864484.08,6137488.55],[864430.5,6137420.92],[864389.24,6137509.61],[864211.93,6137080.95],[864042.91,6137094.68],[863996.09,6136989.3],[863953.25,6137182.77],[863987.28,6136969.99],[864118.78,6137046.23],[864168.15,6137002.98],[863621.21,6136057.66],[863446.12,6135203.64],[863109.41,6134478.71],[863168.96,6134485.02],[863144.38,6134423.1],[863075.64,6134474.76],[863114.37,6134030.68],[862990.51,6133574.94],[863022.65,6133412.89],[862906.6,6133261.44],[862950.48,6133229.92],[862879.52,6133246.58],[862938.01,6132574.69],[862696.17,6131505.04],[862918.21,6130794.67],[862689.17,6130633.53],[862796.16,6130656.16],[862790.04,6130562.78],[862819.89,6130656.85],[862915.58,6130683.59],[862920.85,6130551.64],[862857.41,6130624.85],[862820.93,6130621.29],[862872.84,6130487.94],[862987.99,6130471.39],[862914.31,6130445.77],[862975.03,6130409.74],[862910.84,6130351.15],[862967.04,6130314.09],[862921.46,6130141.29],[862865.89,6130444.93],[862787.47,6130520.26],[862837.17,6130363.61],[862613.96,6130662.35],[862587.81,6130609.64],[862838.02,6130340.17],[862788.18,6129842.46],[862919.22,6129787.69],[862964.68,6129388.43],[863152.62,6128982.44],[863278.95,6128419.23],[863320.23,6128025.05],[863209.75,6127531.2],[863371.94,6126821.94],[863334.14,6126170.48],[863554.3,6125486.31],[863676.79,6124171.7],[863479.1,6123553.51],[863236.39,6123167.89],[863538.24,6122370.59],[863405.25,6122131.67],[863465.52,6121950.56],[863405.21,6121544.33],[863226.03,6121270.69],[863093.46,6121233.41],[863064.88,6121096.51],[863060.54,6121194.01],[862949.91,6121114.78],[863093.04,6121297.73],[862978.96,6121181.29],[862880.4,6121212.73],[863082.93,6121478.12],[862562.31,6120996.46],[862323.2,6120093.56],[862417.47,6120380.89],[862576.52,6120356.94],[862584.99,6120267.11],[862617.1,6120211.52],[862621.93,6120419.14],[862809.73,6120334.53],[862721.87,6120396.04],[862744.79,6120663.57],[862850.85,6120680.8],[862877.98,6120511.53],[862968.24,6120447.04],[862941.53,6120697.8],[863051.95,6120625.98],[863125.02,6120719.81],[863185.89,6120608.27],[863047.8,6120520.2],[863274.66,6120518.75],[863223.98,6120561.31],[863266.31,6120611.43],[863449.45,6120249.54],[863371.1,6120174.9],[863178.14,6120290.47],[863129.05,6120225.97],[863278.81,6120091.73],[863171.81,6120019.75],[863111.27,6120078.17],[863131.72,6119966.86],[863013.22,6120041.21],[863084.01,6120063.98],[863026.83,6120092.8],[863071.76,6120272.34],[862874.84,6119943.58],[862829.1,6120073.5],[862686.29,6120148.56],[862877.76,6119875.07],[862379.9,6119946.82],[862923.53,6119854.78],[863095.25,6119694.42],[863033.4,6119585.7],[863276.8,6119408.95],[862975.78,6119244.09],[862593.6,6119463.6],[862905.6,6119250.8],[863149.6,6119198.0],[863333.6,6119243.0],[863656.6,6119487.52],[864001.85,6118962.87],[864142.09,6118879.04],[864437.75,6118720.54],[864549.01,6118798.99],[865105.47,6118681.96],[865504.12,6118370.9],[866062.93,6117595.81],[866110.45,6117404.04],[866421.09,6117286.39],[866680.38,6116962.44],[867046.04,6116955.9],[867125.33,6116848.2],[867451.07,6116774.29],[867831.99,6116461.59],[868080.36,6116414.53],[868842.68,6115866.85],[869661.37,6116142.47],[870200.83,6116104.73],[870609.31,6115910.39],[870758.82,6115886.31],[870769.09,6115869.92],[870849.15,6115857.25],[870891.75,6115837.38],[871319.16,6115461.85],[872463.35,6114910.37],[872702.73,6115117.19],[873041.97,6115152.57],[874458.01,6114763.2],[875384.27,6114329.76],[876017.22,6114145.86],[877227.1,6113213.59],[877317.54,6113190.56],[877226.3,6113242.84],[877264.8,6113299.1],[877314.09,6113213.79],[877457.65,6113297.09],[877812.63,6113142.13],[878611.98,6112452.44],[878991.44,6112653.63],[879311.63,6112578.26],[880185.64,6112078.83],[880650.64,6111704.76],[881209.44,6111466.43],[881744.81,6111539.22],[882343.58,6111353.11],[882553.87,6111193.81],[882928.6,6111126.34],[883054.56,6111199.39],[883463.44,6111077.67],[884077.65,6111036.89],[884238.1,6110950.1],[884423.15,6110980.75],[884997.52,6110785.76],[885705.6,6110953.55],[886514.46,6110857.63],[888588.52,6110250.44],[888889.78,6110399.07],[889345.86,6110932.65],[890354.68,6112867.01],[891125.37,6113549.31],[891068.5,6113807.71],[890824.73,6114241.74],[890886.4,6114663.94],[891157.38,6114894.3],[890772.06,6115121.72],[890461.1,6115477.22],[890259.15,6115842.37],[890186.26,6116179.92],[891020.18,6117086.5],[891069.06,6117260.79],[891008.16,6117250.65],[891048.72,6117297.84],[890970.61,6117394.96],[891021.78,6117472.45],[890948.93,6117483.69],[891036.27,6117618.8],[890980.95,6117788.87],[891178.75,6118241.91],[891199.98,6118181.81],[891239.43,6118117.91],[891201.37,6118224.01],[891253.53,6118126.97],[891311.37,6118155.03],[891330.66,6118138.19],[891850.14,6118363.26],[891848.97,6119137.34],[891951.89,6119222.0],[891955.92,6119261.52],[891769.01,6119079.77],[891762.19,6118988.55],[891670.45,6119027.01],[891705.25,6118634.69],[891770.87,6118583.5],[891717.68,6118566.9],[891781.82,6118524.36],[891728.6,6118507.77],[891794.49,6118456.78],[891705.8,6118395.66],[891626.14,6119018.13],[891589.69,6118919.11],[891549.52,6118992.93],[891672.78,6119059.19],[891573.64,6119087.02],[891586.54,6119318.77],[891651.53,6119099.53],[891713.09,6119095.98],[891835.71,6119214.78],[891707.26,6119162.84],[891694.79,6119631.49],[892246.26,6120381.77],[892471.37,6120458.81],[892564.75,6120834.35],[892741.93,6121080.4],[892727.46,6121121.41],[892774.53,6121281.33],[892759.37,6121468.57],[892730.91,6121391.55],[892740.77,6121519.16],[892703.21,6121475.94],[892636.95,6121602.28],[892699.4,6121754.26],[892473.55,6122027.86],[892570.24,6122072.28],[892651.3,6122308.22],[892594.98,6122437.27],[892433.43,6122511.78],[892449.66,6122634.95],[892306.31,6122626.49],[892109.67,6122902.75],[892100.41,6122959.66],[892130.91,6122960.95],[892156.57,6122993.87],[892206.04,6123005.27],[892212.28,6123043.14],[892093.63,6122976.8],[891836.58,6123648.69],[891902.74,6123772.39],[892064.15,6123786.16],[892020.91,6123812.99],[892050.72,6123956.85],[891909.06,6124081.16],[891790.1,6124105.8],[891901.99,6124063.37],[891824.92,6124016.76],[891707.01,6124077.81],[891683.18,6124173.79],[891827.13,6124459.26],[891679.01,6124492.31],[891607.14,6124624.88],[891633.24,6124770.62],[891740.19,6124848.55],[891701.37,6124896.71],[891899.19,6125103.37],[891886.83,6125183.72],[891772.12,6125210.32],[891909.05,6125282.55],[891828.24,6125296.72],[891783.85,6125450.0],[891857.14,6125495.3],[891961.89,6125430.71],[891947.97,6125550.95],[892028.47,6125603.73],[892051.95,6125551.17],[892087.67,6125554.24],[892061.35,6125670.07],[892245.78,6125687.53],[892302.16,6125810.02],[892287.0,6125836.64],[892300.13,6125897.38],[892221.07,6125858.83],[892202.8,6126072.54],[892089.6,6126143.03],[892081.77,6126281.4],[892171.12,6126249.07],[892184.86,6126347.6],[892043.9,6126329.26],[892137.32,6126462.16],[892044.9,6126481.55],[892130.16,6126644.19],[892053.5,6126603.41],[892025.18,6126663.27],[892155.76,6126717.71],[892096.03,6126941.02],[891872.7,6126808.04],[891804.57,6126942.4],[891558.81,6126975.08],[891520.48,6127172.43],[891485.65,6127099.29],[891436.36,6127177.23],[891465.13,6127247.79],[891504.8,6127199.94],[891587.8,6127185.63],[891509.06,6127650.25],[891411.57,6127723.24],[891199.32,6127528.8],[891170.09,6127579.28],[891186.18,6127512.78],[891131.36,6127474.81],[891101.36,6127729.53],[890965.88,6127829.62],[891074.95,6127876.46],[890949.74,6128049.47],[890650.65,6127985.29],[890602.07,6128091.68],[890564.33,6128033.37],[890406.12,6128023.52],[890330.06,6127910.64],[889932.64,6127873.26],[889900.2,6127936.86],[889673.93,6127854.79],[889459.33,6128031.49],[889522.38,6128060.82],[889493.47,6128167.42],[889402.76,6128071.93],[889195.32,6128200.6],[889111.7,6128152.13],[889276.55,6128101.3],[889259.19,6128059.61],[889134.37,6128075.64],[888993.03,6128109.6],[889048.57,6128226.08],[888952.12,6128289.4],[888819.13,6128242.6],[888795.7,6128323.04],[888632.29,6128314.91],[888352.21,6128434.91],[887762.88,6128488.02],[887706.35,6128571.63],[887752.0,6128647.96],[887662.86,6128702.23],[887258.79,6128788.74],[887115.62,6128935.92],[887117.03,6128900.79],[887058.14,6128887.0],[886984.3,6128955.23],[886975.41,6128867.32],[886835.51,6129031.24],[886726.08,6128980.24],[886624.07,6129231.63],[886502.55,6129240.44],[886306.66,6129425.08],[885892.9,6129405.04],[885585.38,6129828.81],[885574.26,6129798.07],[885343.64,6130006.83],[885241.68,6129975.6],[885202.83,6130079.75],[885179.84,6130023.61],[884835.92,6130274.73],[884526.67,6130630.85],[883983.27,6130706.25],[883905.95,6130805.14],[883651.27,6130802.77],[883330.2,6131011.04],[883186.41,6131005.89],[883044.3,6131247.02],[882711.07,6131380.77],[882683.69,6131551.46],[882253.43,6131853.07],[882104.76,6132106.32],[881914.88,6132132.01],[881471.52,6132537.76],[881323.22,6132542.23],[881027.53,6132756.05],[880975.17,6133103.53],[880927.81,6133083.22],[880843.81,6133351.98],[880579.15,6133541.04],[880554.78,6133777.51],[880622.78,6133867.91],[880523.19,6133829.98],[880536.66,6133921.95],[880522.01,6133954.97],[880519.49,6133857.04],[880499.28,6133833.04],[880516.93,6133904.11],[880458.31,6133873.31],[880422.83,6134000.46],[880325.08,6134024.16],[880345.06,6134246.37],[880133.45,6134372.23],[880177.28,6134506.19],[880106.39,6134588.13],[879865.37,6134673.93],[879796.83,6134805.05],[879767.1,6134791.03],[879749.16,6134717.04],[879787.33,6134733.68],[879833.07,6134690.44],[879810.08,6134661.92],[879695.78,6134712.76],[879739.9,6134782.92],[879663.18,6134786.52],[879672.22,6134883.91],[879544.03,6135005.92],[879495.72,6134981.88],[879468.74,6135022.96],[879298.26,6135017.93],[879437.14,6134946.65],[878839.81,6134763.2],[878608.99,6134452.7],[878120.09,6134221.97],[877697.63,6134319.99],[877055.6,6134749.19],[876957.42,6134972.88],[876452.18,6135260.13],[876147.26,6135381.92],[875948.01,6135299.65],[874024.52,6135995.25],[873684.9,6136451.78],[873712.04,6136610.28],[873591.51,6136637.63],[873613.33,6136727.99],[873563.81,6136676.56],[873556.75,6136753.87],[873455.16,6136746.3],[873406.14,6136828.48],[873403.63,6136956.69],[873221.8,6137025.69],[873174.8,6137121.61],[873192.59,6137075.93],[873070.16,6137064.16],[872920.56,6137208.64],[872824.68,6137161.06],[872683.26,6137324.45],[872480.17,6137247.35],[872314.35,6137269.66],[872288.16,6137368.26],[872261.15,6137304.9],[872180.26,6137298.3],[872162.52,6137378.1],[872024.57,6137332.89],[871972.15,6137458.28],[871818.61,6137510.69],[871805.37,6137657.28],[871693.86,6137796.16],[871595.87,6137802.06],[871571.11,6137900.97],[871436.39,6137884.77],[871410.3,6137950.61],[871216.93,6137884.69],[870756.4,6138223.23],[870910.31,6138033.59],[870842.5,6137982.54],[870918.36,6138025.61],[870949.69,6137968.85],[870868.43,6137969.94],[870998.39,6137962.66],[870867.49,6137956.2],[870850.98,6137891.82],[870668.54,6138025.7],[870838.13,6138023.75],[870722.82,6138066.75],[870761.47,6138114.39],[870052.99,6138371.85],[869870.66,6138576.4],[869847.72,6138713.26],[869616.58,6138876.53],[869586.06,6139042.05],[869487.91,6139097.28],[869544.08,6139208.96],[869409.63,6139208.19],[869355.57,6139453.34],[869433.69,6139647.94],[869360.34,6139677.97],[869234.74,6139982.99],[869104.5,6139981.3],[869093.86,6140159.53],[869021.22,6140143.98],[868928.83,6140425.81],[868695.68,6140538.36],[868716.46,6140664.15],[868692.49,6140637.87],[868577.1,6140770.33],[868651.64,6140849.43],[868625.2,6140992.65],[868512.21,6141061.84],[868438.3,6141187.36],[868459.59,6141119.44],[868324.81,6141157.07],[868373.16,6141066.02],[868307.95,6141093.0],[868273.89,6141203.31],[868364.19,6141154.05],[868377.33,6141179.88],[868257.09,6141241.73],[868239.21,6141423.74],[868107.87,6141387.79],[868105.68,6141449.3],[868084.75,6141374.79],[867981.25,6141429.86],[867976.11,6141521.58],[867860.91,6141510.53],[867907.44,6141721.46],[867882.56,6141780.82],[867769.25,6141755.34],[867789.28,6141874.11],[867704.97,6141838.52],[867592.29,6141879.76],[867522.78,6142034.06],[867441.39,6142017.05],[867458.76,6142062.29],[867391.58,6142096.89],[867243.52,6142030.42],[867161.66,6142180.6],[867056.35,6142185.73],[867028.93,6142293.44],[867037.99,6142180.49],[866980.63,6142274.62],[866755.89,6142257.57],[866669.32,6142370.55],[866707.1,6142446.63],[866653.69,6142437.13],[866704.03,6142499.86],[866649.49,6142496.68],[866744.62,6142894.68],[866617.55,6143009.66],[866652.4,6143001.32],[866671.19,6143047.55],[866517.32,6143112.25],[866436.24,6143251.38],[866332.51,6143279.19]]],[[[891167.82,6114737.93],[891095.9,6114766.12],[891086.98,6114733.64],[891167.82,6114737.93]]],[[[891186.84,6114679.24],[891207.7,6114741.09],[891159.68,6114814.67],[891194.86,6114737.38],[891186.84,6114679.24]]],[[[869070.31,6115725.12],[869127.7,6115768.7],[869067.04,6115760.34],[869070.31,6115725.12]]],[[[891043.26,6117346.1],[891058.02,6117365.08],[891037.67,6117353.95],[891043.26,6117346.1]]],[[[891003.44,6117480.84],[891018.15,6117497.5],[891000.32,6117488.37],[891003.44,6117480.84]]],[[[891252.12,6118115.83],[891314.04,6118128.99],[891317.25,6118136.48],[891252.12,6118115.83]]],[[[891217.44,6118141.77],[891204.76,6118148.22],[891220.09,6118128.52],[891217.44,6118141.77]]],[[[891194.18,6118160.41],[891190.33,6118176.48],[891185.7,6118177.42],[891194.18,6118160.41]]],[[[863349.23,6120304.87],[863353.63,6120339.44],[863349.61,6120342.92],[863349.23,6120304.87]]],[[[892490.76,6120509.75],[892501.97,6120514.98],[892500.47,6120521.02],[892490.76,6120509.75]]],[[[892513.93,6120545.56],[892530.21,6120546.5],[892523.34,6120565.71],[892513.93,6120545.56]]],[[[892600.11,6120682.16],[892610.65,6120689.13],[892602.45,6120694.33],[892600.11,6120682.16]]],[[[892602.03,6120651.21],[892573.6,6120712.52],[892562.73,6120622.03],[892602.03,6120651.21]]],[[[892589.34,6120723.89],[892594.69,6120731.87],[892586.65,6120734.6],[892589.34,6120723.89]]],[[[892592.31,6120828.99],[892602.39,6120833.63],[892592.14,6120837.71],[892592.31,6120828.99]]],[[[892581.14,6120828.03],[892589.15,6120835.9],[892582.1,6120839.02],[892581.14,6120828.03]]],[[[892760.89,6121140.25],[892766.83,6121175.53],[892753.72,6121136.31],[892760.89,6121140.25]]],[[[892783.49,6121392.48],[892785.82,6121401.58],[892777.21,6121404.23],[892783.49,6121392.48]]],[[[892790.0,6121422.19],[892762.9,6121430.36],[892777.08,6121411.05],[892790.0,6121422.19]]],[[[892765.2,6121457.06],[892779.45,6121466.02],[892765.12,6121468.26],[892765.2,6121457.06]]],[[[892747.5,6121497.39],[892762.24,6121517.49],[892752.31,6121518.96],[892747.5,6121497.39]]],[[[892242.0,6122761.2],[892248.28,6122767.91],[892241.81,6122773.21],[892242.0,6122761.2]]],[[[892159.31,6122944.73],[892167.4,6122946.75],[892160.29,6122953.1],[892159.31,6122944.73]]],[[[892174.29,6122987.06],[892178.35,6122992.93],[892173.68,6122990.98],[892174.29,6122987.06]]],[[[891897.7,6123509.08],[891901.72,6123512.68],[891900.28,6123513.84],[891897.7,6123509.08]]],[[[892044.29,6123768.34],[892045.81,6123773.61],[892042.84,6123771.27],[892044.29,6123768.34]]],[[[892046.07,6123841.81],[892050.64,6123845.66],[892053.34,6123850.15],[892046.07,6123841.81]]],[[[892058.15,6123989.78],[892043.76,6124010.17],[892034.58,6124003.85],[892058.15,6123989.78]]],[[[892013.75,6124124.56],[891985.84,6124122.48],[892015.44,6124120.17],[892013.75,6124124.56]]],[[[892012.38,6124136.67],[892010.37,6124150.98],[891997.45,6124150.6],[892012.38,6124136.67]]],[[[891752.66,6124245.63],[891763.2,6124257.93],[891750.87,6124252.78],[891752.66,6124245.63]]],[[[891785.44,6124255.96],[891795.47,6124306.48],[891783.81,6124299.04],[891785.44,6124255.96]]],[[[891736.75,6124883.35],[891754.87,6124900.32],[891731.86,6124891.95],[891736.75,6124883.35]]],[[[891785.71,6124921.22],[891771.11,6124941.16],[891768.95,6124928.66],[891785.71,6124921.22]]],[[[891870.49,6125227.48],[891888.73,6125233.75],[891868.77,6125234.32],[891870.49,6125227.48]]],[[[891835.03,6125444.01],[891849.75,6125453.12],[891849.49,6125455.77],[891835.03,6125444.01]]],[[[892078.25,6125413.72],[892012.68,6125459.89],[892002.38,6125453.78],[892078.25,6125413.72]]],[[[892346.78,6125854.86],[892298.38,6125849.24],[892306.38,6125810.91],[892346.78,6125854.86]]],[[[891856.51,6126878.27],[891871.72,6126884.58],[891867.04,6126891.13],[891856.51,6126878.27]]],[[[891806.25,6126946.5],[891823.67,6126954.13],[891805.41,6126949.31],[891806.25,6126946.5]]],[[[891832.89,6126968.61],[891845.08,6126965.57],[891840.52,6126973.86],[891832.89,6126968.61]]],[[[891827.43,6127030.72],[891794.6,6127037.1],[891812.82,6127009.15],[891827.43,6127030.72]]],[[[891536.75,6127162.0],[891526.87,6127158.02],[891544.69,6127146.08],[891536.75,6127162.0]]],[[[889647.31,6127914.65],[889663.78,6127913.68],[889639.18,6127922.44],[889647.31,6127914.65]]],[[[890258.13,6127923.84],[890241.81,6127930.92],[890246.1,6127920.99],[890258.13,6127923.84]]],[[[890086.88,6127924.86],[890077.89,6127934.3],[890069.6,6127915.95],[890086.88,6127924.86]]],[[[890273.58,6127941.5],[890246.21,6127947.91],[890233.12,6127944.75],[890273.58,6127941.5]]],[[[889644.35,6127953.07],[889661.73,6127952.47],[889657.2,6127961.57],[889644.35,6127953.07]]],[[[890518.4,6128058.48],[890534.83,6128065.18],[890519.43,6128069.18],[890518.4,6128058.48]]],[[[890568.65,6128092.82],[890551.69,6128101.63],[890533.51,6128079.41],[890568.65,6128092.82]]],[[[889309.2,6128136.13],[889293.19,6128146.05],[889288.88,6128143.64],[889309.2,6128136.13]]],[[[889290.92,6128147.88],[889306.95,6128157.56],[889289.1,6128154.39],[889290.92,6128147.88]]],[[[889320.94,6128148.01],[889327.81,6128162.79],[889320.8,6128162.24],[889320.94,6128148.01]]],[[[889487.34,6128194.1],[889458.79,6128176.75],[889515.79,6128176.36],[889487.34,6128194.1]]],[[[889318.91,6128175.71],[889324.96,6128197.07],[889307.92,6128195.84],[889318.91,6128175.71]]],[[[889286.01,6128170.42],[889244.17,6128197.32],[889237.8,6128181.32],[889286.01,6128170.42]]],[[[888523.42,6128399.9],[888507.05,6128416.87],[888502.18,6128403.05],[888523.42,6128399.9]]],[[[888445.1,6128423.56],[888492.06,6128426.97],[888431.07,6128456.59],[888445.1,6128423.56]]],[[[888269.67,6128468.24],[888260.62,6128457.98],[888290.25,6128467.46],[888269.67,6128468.24]]],[[[888224.08,6128477.1],[888256.16,6128481.67],[888223.5,6128479.26],[888224.08,6128477.1]]],[[[887031.69,6128927.56],[887051.93,6128931.32],[887030.16,6128933.24],[887031.69,6128927.56]]],[[[887006.38,6128988.63],[886970.71,6128987.83],[887000.26,6128964.49],[887006.38,6128988.63]]],[[[886699.58,6129146.4],[886711.95,6129122.73],[886707.08,6129148.86],[886699.58,6129146.4]]],[[[885541.93,6129859.08],[885553.02,6129886.74],[885527.55,6129904.27],[885541.93,6129859.08]]],[[[883096.95,6131311.5],[883080.02,6131304.11],[883101.55,6131300.61],[883096.95,6131311.5]]],[[[882255.24,6131970.25],[882254.82,6131998.41],[882231.92,6131964.18],[882255.24,6131970.25]]],[[[882207.66,6132018.51],[882220.87,6132003.82],[882222.7,6132017.78],[882207.66,6132018.51]]],[[[882101.33,6132118.89],[882093.82,6132132.64],[882091.32,6132130.91],[882101.33,6132118.89]]],[[[881841.63,6132270.78],[881857.37,6132270.87],[881840.19,6132272.37],[881841.63,6132270.78]]],[[[880942.96,6133172.24],[880951.16,6133193.77],[880938.14,6133178.97],[880942.96,6133172.24]]],[[[879749.16,6134849.93],[879702.71,6134865.85],[879699.13,6134808.06],[879749.16,6134849.93]]],[[[879106.92,6134882.09],[879118.07,6134870.61],[879111.59,6134885.33],[879106.92,6134882.09]]],[[[879054.15,6134862.32],[879042.19,6134895.86],[879020.32,6134875.06],[879054.15,6134862.32]]],[[[873731.48,6136577.53],[873747.43,6136589.56],[873732.71,6136583.52],[873731.48,6136577.53]]],[[[873434.19,6136900.7],[873418.4,6136894.04],[873435.87,6136893.18],[873434.19,6136900.7]]],[[[873346.25,6137041.2],[873351.64,6137057.36],[873336.63,6137048.21],[873346.25,6137041.2]]],[[[873158.94,6137098.2],[873165.89,6137109.79],[873160.37,6137112.34],[873158.94,6137098.2]]],[[[873053.71,6137129.91],[873040.4,6137139.67],[873049.02,6137118.31],[873053.71,6137129.91]]],[[[872976.3,6137177.87],[872959.01,6137195.31],[872960.38,6137173.38],[872976.3,6137177.87]]],[[[872806.06,6137237.51],[872805.82,6137254.78],[872800.53,6137254.49],[872806.06,6137237.51]]],[[[872208.32,6137330.63],[872223.89,6137348.36],[872205.52,6137340.24],[872208.32,6137330.63]]],[[[872256.58,6137356.21],[872241.12,6137373.03],[872237.17,6137338.91],[872256.58,6137356.21]]],[[[872150.24,6137386.16],[872139.0,6137396.57],[872134.5,6137373.36],[872150.24,6137386.16]]],[[[872154.69,6137388.2],[872168.9,6137394.58],[872161.26,6137404.06],[872154.69,6137388.2]]],[[[871941.07,6137481.99],[871954.43,6137478.29],[871953.69,6137488.87],[871941.07,6137481.99]]],[[[871917.14,6137480.77],[871933.39,6137488.58],[871912.5,6137482.58],[871917.14,6137480.77]]],[[[871971.81,6137478.87],[871961.75,6137489.6],[871959.02,6137478.42],[871971.81,6137478.87]]],[[[871615.76,6137852.72],[871596.67,6137864.2],[871603.09,6137841.44],[871615.76,6137852.72]]],[[[869354.21,6139778.03],[869364.51,6139777.94],[869352.96,6139787.55],[869354.21,6139778.03]]],[[[865276.28,6140134.42],[865295.37,6140138.5],[865296.19,6140143.17],[865276.28,6140134.42]]],[[[868797.87,6140494.07],[868814.53,6140507.48],[868791.61,6140502.31],[868797.87,6140494.07]]],[[[868731.45,6140632.24],[868725.68,6140665.02],[868719.32,6140627.55],[868731.45,6140632.24]]],[[[868658.04,6140705.82],[868654.89,6140731.51],[868629.78,6140725.55],[868658.04,6140705.82]]],[[[868640.15,6140741.67],[868624.95,6140751.63],[868606.32,6140745.74],[868629.12,6140736.36],[868640.15,6140741.67]]],[[[868602.62,6141061.14],[868578.73,6141053.84],[868607.23,6141032.87],[868602.62,6141061.14]]],[[[868521.61,6141070.61],[868540.56,6141076.28],[868525.11,6141084.0],[868521.61,6141070.61]]],[[[868068.35,6141433.1],[868052.39,6141434.21],[868072.86,6141427.27],[868068.35,6141433.1]]],[[[867992.79,6141551.24],[867984.23,6141537.79],[868003.8,6141537.71],[867992.79,6141551.24]]],[[[867934.1,6141726.55],[867938.59,6141743.01],[867929.18,6141729.81],[867934.1,6141726.55]]],[[[867703.64,6141859.18],[867702.26,6141873.96],[867690.12,6141868.13],[867703.64,6141859.18]]],[[[867116.17,6142193.42],[867105.86,6142202.64],[867102.67,6142198.24],[867116.17,6142193.42]]],[[[867117.65,6142232.17],[867123.32,6142243.23],[867109.65,6142233.07],[867117.65,6142232.17]]],[[[866722.59,6142517.07],[866692.47,6142513.21],[866721.83,6142503.91],[866722.59,6142517.07]]],[[[865640.97,6142522.86],[865681.04,6142533.35],[865681.66,6142543.23],[865640.97,6142522.86]]],[[[865884.4,6142887.11],[865875.04,6142896.1],[865871.58,6142891.86],[865884.4,6142887.11]]],[[[865891.44,6142901.76],[865881.95,6142909.01],[865876.18,6142904.57],[865891.44,6142901.76]]],[[[866094.58,6143082.37],[866084.46,6143092.52],[866091.43,6143078.26],[866094.58,6143082.37]]],[[[866619.51,6143084.26],[866592.01,6143107.62],[866619.42,6143077.69],[866619.51,6143084.26]]],[[[866198.08,6143189.54],[866188.59,6143189.27],[866187.87,6143175.55],[866198.08,6143189.54]]],[[[892666.39,6147717.27],[892652.87,6147709.65],[892659.11,6147704.46],[892666.39,6147717.27]]],[[[893006.37,6147738.11],[892982.05,6147718.06],[893021.73,6147711.64],[893006.37,6147738.11]]],[[[892994.78,6147751.59],[892980.44,6147768.27],[892978.31,6147752.13],[892994.78,6147751.59]]],[[[893015.4,6147754.94],[893013.71,6147774.2],[893002.2,6147761.57],[893015.4,6147754.94]]],[[[892729.52,6147837.14],[892747.21,6147837.97],[892737.2,6147846.93],[892729.52,6147837.14]]],[[[892032.83,6147912.06],[892008.22,6147903.17],[892037.04,6147875.04],[892032.83,6147912.06]]],[[[892050.77,6147968.5],[892041.0,6147957.45],[892048.7,6147957.25],[892050.77,6147968.5]]],[[[892029.01,6147952.23],[891998.45,6147931.06],[892034.01,6147921.52],[892029.01,6147952.23]]],[[[892115.51,6148099.49],[892112.55,6148114.04],[892104.37,6148107.42],[892115.51,6148099.49]]],[[[892157.16,6148139.52],[892096.52,6147896.26],[892140.91,6147754.09],[892271.88,6147708.15],[892171.93,6148024.47],[892220.37,6148116.4],[892157.16,6148139.52]]],[[[892621.45,6148124.36],[892607.79,6148147.41],[892608.77,6148129.37],[892621.45,6148124.36]]],[[[892379.14,6148249.19],[892293.44,6148147.66],[892306.42,6147730.42],[892424.68,6147565.16],[892515.95,6147557.8],[892610.39,6147600.64],[892660.51,6147817.5],[892743.84,6147897.87],[892589.39,6147983.87],[892597.48,6148226.6],[892379.14,6148249.19]]],[[[892544.64,6148261.99],[892544.53,6148276.09],[892540.87,6148274.49],[892544.64,6148261.99]]],[[[892506.53,6148264.97],[892536.19,6148265.21],[892513.86,6148287.94],[892506.53,6148264.97]]],[[[891775.07,6148406.94],[891494.87,6148311.62],[891581.8,6148130.41],[891867.23,6148126.53],[891910.25,6148367.2],[891869.38,6148408.72],[891864.98,6148324.37],[891775.07,6148406.94]]],[[[891415.71,6148877.4],[891429.51,6148878.09],[891427.37,6148885.63],[891415.71,6148877.4]]],[[[891532.08,6148865.6],[891539.38,6148905.76],[891533.51,6148894.92],[891532.08,6148865.6]]],[[[891470.16,6148892.43],[891433.03,6148947.01],[891425.6,6148892.36],[891470.16,6148892.43]]]]}},
{"type":"Feature","properties":{"navn":"Østsjælland","nuts3":"DK021"},"geometry":{"type":"MultiPolygon","coordinates":[[[[693744.6,6186003.27],[693640.85,6186013.59],[693552.67,6185881.11],[693691.58,6185427.78],[693620.73,6185041.39],[693700.52,6184702.45],[693638.57,6184635.93],[693769.73,6184474.77],[693727.22,6184370.7],[693604.05,6184408.42],[693550.09,6184309.76],[694034.44,6183910.31],[694066.4,6183801.21],[694164.66,6183889.55],[694576.83,6183243.52],[694551.27,6182844.07],[694622.84,6182851.27],[694553.19,6182830.86],[694613.86,6182814.02],[694620.52,6182633.44],[694464.16,6182237.79],[694317.51,6182233.47],[694225.51,6182091.29],[694393.5,6182178.55],[694364.93,6181911.37],[694288.84,6181918.05],[694220.83,6182063.94],[694282.4,6181880.3],[694396.9,6181858.99],[694389.53,6181700.01],[694648.13,6181210.27],[695205.49,6180719.49],[695207.76,6180621.87],[695012.2,6180425.65],[695508.35,6180405.28],[695735.57,6180546.79],[695932.49,6180358.01],[695869.08,6180040.04],[695379.5,6179961.59],[695215.88,6179746.46],[695377.47,6179466.9],[694953.87,6179329.05],[694800.54,6179150.77],[694870.03,6178213.67],[695009.73,6178138.35],[695516.52,6178251.48],[695630.86,6178082.76],[695417.95,6177457.91],[695229.57,6177499.33],[695210.0,6177421.95],[694850.94,6177412.88],[694644.75,6177501.49],[694608.43,6177430.86],[694705.64,6177346.4],[695182.53,6177375.46],[695189.18,6177266.14],[695106.5,6177237.07],[695204.74,6177130.22],[694950.95,6176983.05],[694744.97,6176603.8],[694559.41,6176740.35],[694267.7,6176613.72],[693983.35,6176642.89],[693779.45,6176405.77],[693821.31,6176196.26],[693703.69,6176068.76],[693719.07,6176044.01],[694194.76,6176295.35],[694313.19,6176183.58],[694424.68,6176296.12],[694536.38,6176250.24],[694615.23,6175953.75],[694423.26,6175716.38],[694527.93,6175583.09],[694487.78,6175484.9],[694303.71,6175249.85],[694063.43,6175451.07],[694038.67,6175813.87],[693936.58,6175883.08],[693870.31,6175742.4],[693795.27,6175817.23],[693472.71,6175699.58],[693365.11,6175591.55],[693327.01,6175181.79],[693212.51,6174895.94],[693125.58,6174769.99],[692929.08,6174695.55],[692928.21,6174621.51],[693049.1,6174728.28],[693030.75,6174531.54],[692894.63,6174584.9],[693279.88,6174121.15],[693672.09,6173967.68],[693697.12,6173755.35],[693811.36,6173628.14],[693954.39,6173640.45],[694153.44,6173818.22],[694374.8,6173702.23],[694156.14,6172569.84],[694174.32,6172010.55],[693961.06,6171606.38],[693797.94,6171529.11],[693790.7,6171412.74],[693676.92,6171416.12],[693275.8,6171720.9],[693151.71,6172008.3],[692963.59,6171949.33],[692853.36,6172050.85],[692274.33,6172147.69],[692230.9,6172838.09],[692569.22,6173238.65],[692462.75,6173444.39],[692267.22,6173450.48],[692262.08,6173535.27],[692329.82,6173562.83],[692330.35,6173490.37],[692380.89,6173562.12],[692290.93,6173703.9],[692327.42,6173997.75],[692292.66,6173906.55],[692124.93,6173881.11],[691824.08,6174031.24],[691511.34,6173858.82],[691414.06,6173752.15],[691331.62,6173341.76],[691132.04,6173516.95],[691113.47,6173622.77],[690897.45,6173710.91],[690577.21,6173320.82],[690430.66,6173253.93],[690406.43,6173310.82],[690242.82,6173288.37],[690103.43,6173605.1],[689837.54,6173659.68],[689554.45,6173490.48],[689383.68,6173196.15],[689430.81,6173105.12],[689371.25,6173188.47],[689232.42,6173131.13],[689131.87,6173229.96],[689396.0,6173434.55],[689298.48,6173472.47],[689247.51,6173353.92],[689170.33,6173367.04],[689240.51,6173482.11],[689228.78,6173776.64],[689359.25,6173794.58],[689400.25,6173965.35],[689305.63,6174225.42],[689213.25,6174252.05],[689245.03,6174354.45],[689095.56,6174453.2],[689148.13,6174592.29],[688991.65,6174545.59],[689045.41,6174709.03],[689147.38,6174717.29],[689103.31,6174934.01],[689005.92,6175010.01],[689042.94,6175098.08],[688931.75,6175177.56],[688725.21,6175173.92],[688521.91,6175054.84],[688370.55,6175160.24],[688337.36,6175375.37],[688478.99,6175623.06],[688769.91,6175647.5],[688823.01,6175544.09],[689101.48,6175483.97],[689122.07,6175357.87],[689244.04,6175310.66],[689491.15,6175375.64],[689474.66,6175314.42],[689539.63,6175346.02],[690149.45,6174700.35],[690476.9,6174680.41],[690946.48,6174959.89],[691274.11,6174619.46],[691787.45,6174490.22],[691941.01,6174642.62],[691949.38,6174845.05],[691808.99,6175022.97],[691633.16,6175053.09],[691627.01,6175235.32],[691182.74,6175229.82],[691160.79,6175612.61],[691357.24,6175804.9],[690981.91,6176055.85],[690615.93,6176103.39],[690514.6,6176330.05],[690429.9,6176192.55],[690381.23,6176303.14],[690178.99,6176172.1],[690066.64,6176205.23],[689990.2,6176098.12],[689775.03,6176097.71],[689577.16,6176188.22],[689408.75,6176431.05],[689292.49,6176377.77],[689322.64,6176293.9],[689049.81,6176241.54],[689013.89,6176043.13],[688921.78,6176015.64],[688937.97,6175833.64],[688755.79,6175969.91],[688563.97,6175967.95],[688374.02,6176111.43],[688347.82,6176241.46],[688441.14,6176219.03],[688610.04,6176383.83],[688668.63,6176819.61],[689011.76,6177379.66],[688915.71,6177453.11],[688853.01,6177362.38],[688597.35,6177282.34],[688527.53,6177112.23],[688202.31,6177069.24],[688044.4,6177178.53],[687934.18,6177520.94],[688051.91,6176851.18],[688008.11,6176556.16],[687894.7,6176380.08],[687465.96,6176186.25],[687327.38,6175995.28],[687455.51,6175815.47],[687804.12,6175819.93],[687979.96,6175659.51],[688113.83,6175403.16],[688186.09,6174957.01],[688034.27,6174896.57],[688175.41,6174645.81],[688451.22,6174494.49],[688455.27,6174352.5],[688116.45,6174310.24],[688009.78,6174191.55],[687884.68,6174218.2],[687897.8,6174301.22],[687852.3,6174226.66],[687869.82,6174341.52],[687415.51,6174179.44],[687187.5,6174223.52],[686503.43,6173968.7],[686099.42,6174012.89],[685753.82,6173908.55],[685610.58,6173947.41],[685519.05,6172873.72],[685733.12,6172724.27],[685760.72,6172568.42],[685661.46,6172457.43],[685738.27,6172602.65],[685627.9,6172672.43],[685558.52,6172505.25],[685041.33,6172275.89],[684958.04,6171731.86],[684831.83,6171462.25],[684827.76,6170988.27],[684547.21,6170738.65],[684355.1,6170914.03],[684388.8,6171175.14],[684267.95,6171137.67],[684172.94,6171381.94],[684269.04,6171694.47],[684218.35,6171858.92],[684362.8,6172192.28],[684298.77,6172327.36],[684353.08,6172539.64],[684555.12,6172837.19],[684777.61,6172826.96],[684756.99,6173079.27],[684777.19,6173101.02],[684862.09,6173099.97],[684872.21,6173111.62],[684735.33,6173132.08],[684873.35,6173121.82],[684775.21,6173146.2],[684834.0,6173173.16],[684799.07,6173496.48],[685039.96,6174288.3],[685372.66,6174813.55],[685440.26,6175104.22],[685545.04,6175245.86],[685672.82,6175273.04],[685651.44,6175505.48],[685834.05,6175756.76],[685817.49,6175835.63],[685931.0,6175847.83],[686011.22,6176143.81],[686172.76,6176093.82],[686287.73,6176204.79],[686491.53,6176751.08],[686544.04,6177315.32],[686668.91,6177426.8],[686761.96,6177886.24],[686934.51,6178243.8],[687214.76,6178511.49],[687239.92,6178564.18],[687220.26,6178529.12],[687170.66,6178535.37],[687273.08,6179166.33],[687112.02,6179865.54],[687194.94,6180066.32],[686580.86,6180133.97],[686054.26,6180443.47],[685699.17,6180483.31],[684999.7,6181024.53],[685051.44,6181289.79],[684320.14,6181520.74],[684255.87,6181658.44],[683412.59,6181556.71],[683410.73,6181392.31],[683307.69,6181326.58],[683344.65,6181063.48],[683507.4,6180963.36],[683386.56,6180590.31],[683319.31,6180634.92],[682965.6,6180535.67],[682778.51,6180228.18],[682417.56,6180005.86],[682010.9,6180036.64],[681428.64,6180586.61],[680888.8,6180512.56],[680547.24,6180652.32],[680556.73,6180520.44],[680327.39,6180237.22],[680235.76,6180255.78],[679889.92,6179953.02],[679413.49,6179886.09],[679128.78,6178826.0],[678464.57,6177227.35],[678487.83,6176841.1],[678293.2,6176163.21],[678280.36,6175823.59],[678335.12,6175863.06],[678410.0,6175614.05],[678389.22,6175201.83],[678461.24,6175016.54],[678335.32,6174481.36],[678183.39,6174365.0],[678097.57,6174534.31],[678164.71,6174359.94],[678039.85,6174278.75],[677997.2,6174329.38],[677914.09,6174583.55],[678055.95,6174725.83],[678112.19,6175149.36],[677913.23,6175556.73],[677694.76,6174827.15],[677859.28,6174415.83],[677523.28,6174159.68],[677395.47,6173943.63],[677229.42,6173865.97],[677008.76,6173402.31],[676896.51,6173352.52],[676985.22,6173046.45],[676884.26,6172494.03],[676353.89,6171851.63],[676043.48,6172133.04],[675874.3,6171976.02],[675784.0,6172048.53],[675611.31,6171974.28],[675502.37,6171767.36],[675318.01,6172080.77],[675207.51,6172043.61],[675139.59,6172110.16],[674910.49,6171997.11],[675040.27,6171581.15],[674829.11,6171562.85],[674832.34,6170884.3],[674871.09,6170535.46],[675756.44,6170048.3],[675994.09,6169722.71],[676109.0,6168916.33],[676042.03,6168733.91],[676164.92,6168568.82],[676317.19,6168562.11],[676255.85,6168348.64],[676424.98,6167327.16],[676587.29,6167212.95],[676682.93,6166976.37],[676892.47,6166873.39],[676915.95,6166408.38],[677123.81,6166124.96],[677052.54,6166026.17],[677072.8,6165859.13],[677465.82,6165793.64],[677851.12,6165130.69],[677910.51,6164778.52],[677784.57,6164608.85],[677790.41,6164153.05],[677836.05,6164087.78],[678001.72,6164128.04],[678250.47,6163831.08],[678398.06,6163818.66],[678523.18,6163913.5],[678992.93,6163740.14],[679038.2,6163822.72],[679510.57,6163571.27],[679851.26,6163239.26],[679723.15,6162905.83],[679764.69,6162173.38],[679955.59,6161938.23],[680139.41,6161992.81],[680221.68,6161831.67],[679521.94,6161332.96],[679584.01,6161247.63],[679430.91,6160945.16],[679560.78,6160579.45],[680389.42,6160618.74],[680465.95,6160263.37],[680775.99,6160239.36],[680706.93,6159987.53],[680921.34,6159689.7],[680996.59,6159340.09],[681647.8,6159121.64],[681841.28,6159105.02],[681927.77,6159278.21],[682329.01,6159317.29],[682388.82,6159133.5],[682536.73,6159101.48],[682601.29,6159212.07],[683029.1,6159111.51],[683283.9,6158920.91],[683591.89,6158426.06],[683759.13,6157850.03],[683888.46,6157706.15],[683801.37,6157457.07],[683860.38,6157162.54],[684012.35,6157055.89],[684088.46,6156849.67],[683946.62,6156796.19],[683883.33,6156635.35],[683795.96,6155865.22],[683928.31,6155677.8],[684334.18,6155726.93],[684534.56,6155672.66],[684438.46,6154941.88],[684195.21,6154829.54],[684290.73,6154712.38],[684296.51,6154499.43],[684218.91,6153922.05],[684624.12,6153666.63],[684552.87,6153221.93],[684726.11,6152899.63],[684830.61,6152855.23],[684959.43,6152576.35],[684893.61,6152338.11],[685003.11,6152304.7],[685085.76,6152079.59],[685134.73,6151747.47],[684972.31,6151625.04],[685323.5,6151521.41],[685560.85,6151128.51],[685788.61,6151013.72],[685826.86,6150399.35],[685667.91,6150264.03],[685752.77,6150061.93],[685972.08,6149993.37],[686202.88,6150086.15],[686223.75,6150028.94],[685829.05,6149505.02],[685754.726,6149102.074],[685619.6,6148933.139],[685542.089,6148529.684],[685639.78,6147829.45],[685488.98,6147782.77],[685510.21,6147562.3],[685715.94,6147286.06],[685755.044,6146838.838],[686061.48,6146606.9],[686265.847,6146572.873],[686434.571,6146277.129],[686936.41,6146209.72],[687056.6,6145970.33],[687158.44,6145928.8],[687058.37,6145644.26],[687278.63,6145260.78],[687209.15,6144930.3],[687290.28,6144616.19],[687018.84,6144344.28],[687142.38,6143972.1],[687574.754,6143498.871],[688158.8,6143840.0],[688624.82,6143864.74],[688792.78,6143738.8],[689195.71,6143658.23],[689555.5,6143698.84],[689784.663,6143576.518],[689813.03,6143637.68],[690128.62,6143616.725],[690108.029,6143291.331],[690210.663,6143213.147],[690456.438,6143310.396],[690668.18,6143280.92],[690945.86,6143568.67],[691030.83,6143560.41],[691330.612,6143310.244],[691490.649,6142985.06],[691707.82,6143002.92],[692440.2,6142724.71],[692797.16,6142850.63],[693099.04,6142838.77],[693408.12,6142311.56],[693642.07,6142125.16],[693874.15,6142111.29],[693951.56,6142009.01],[694216.18,6141922.92],[694225.49,6141843.66],[693961.28,6141654.11],[693947.24,6140953.96],[694374.27,6140777.06],[694794.84,6140754.31],[694866.47,6140624.3],[694808.7,6140564.04],[695015.53,6140488.08],[695205.75,6140094.81],[695604.77,6140788.65],[695746.49,6140438.23],[696346.62,6140660.92],[696738.13,6140994.46],[696919.73,6141032.07],[696942.05,6140749.8],[697092.96,6140626.6],[697434.0,6140788.09],[697534.52,6140683.32],[697508.97,6140504.09],[697762.68,6140429.26],[697977.46,6140510.55],[698073.86,6140652.84],[698455.04,6140354.0],[698609.25,6140546.38],[698972.22,6140597.41],[698953.26,6140984.28],[699010.88,6141037.68],[698849.25,6141129.77],[699000.56,6141378.32],[699494.72,6141196.53],[699923.91,6141715.04],[700058.7,6141487.51],[700310.69,6141387.99],[700379.57,6141242.77],[700872.25,6141001.57],[700981.3,6141029.17],[700954.49,6141132.94],[701092.11,6141269.65],[701477.02,6141393.57],[701586.53,6141569.04],[701995.65,6141354.31],[701995.25,6141804.18],[702216.13,6142085.01],[702255.06,6142273.07],[702071.71,6142510.56],[701836.61,6143095.22],[701907.08,6143240.81],[701846.93,6143437.98],[702111.18,6144153.64],[702285.08,6144317.97],[702185.38,6144577.83],[702391.01,6144712.45],[702661.9,6144736.34],[702684.04,6145045.62],[703440.5,6145101.25],[703608.11,6145833.15],[703916.93,6145780.51],[704181.03,6145856.77],[704290.23,6145767.76],[704503.44,6145780.49],[704281.14,6146369.07],[703869.48,6146524.68],[703724.85,6146826.25],[703486.7,6147048.18],[702640.41,6148310.94],[702390.02,6148832.66],[702220.11,6149726.14],[702848.9,6150092.1],[702979.7,6150225.97],[703038.72,6150342.07],[702832.8,6150099.24],[702334.26,6149851.17],[702127.63,6149809.4],[701990.64,6149843.74],[701955.95,6149934.28],[701552.48,6149970.6],[701441.65,6149772.9],[701512.9,6150014.76],[701594.49,6150044.05],[702266.24,6149961.43],[702251.29,6150042.74],[702020.38,6150119.28],[702130.56,6150124.81],[702000.45,6150217.99],[702470.01,6150409.54],[702454.31,6151383.68],[702602.14,6151386.17],[702642.71,6151302.29],[702681.19,6150472.71],[703067.47,6150478.59],[702844.86,6151181.05],[702328.98,6151932.25],[702406.77,6151671.11],[702282.81,6151668.07],[702266.97,6151853.23],[702117.14,6151570.57],[701864.87,6151547.63],[701923.5,6151746.49],[702185.72,6151733.88],[702093.62,6151767.9],[702092.5,6152045.14],[702182.26,6152084.69],[702293.5,6151964.92],[702099.86,6152297.85],[702127.76,6152543.5],[702892.34,6155013.81],[703148.87,6156109.36],[703094.87,6156203.01],[702915.49,6155893.26],[702979.03,6155860.3],[702871.49,6155712.9],[702937.18,6155579.51],[702870.24,6155270.37],[702379.69,6153995.68],[702195.45,6154040.15],[702100.59,6154234.58],[702210.55,6154273.85],[702143.73,6154418.16],[702253.83,6154568.9],[702226.31,6154813.68],[702363.68,6154827.21],[702219.05,6154882.11],[702314.21,6154898.44],[702265.7,6154957.29],[702318.16,6155014.3],[702204.9,6155112.6],[702371.23,6155329.5],[702260.31,6155392.54],[702478.48,6155615.49],[702457.52,6155681.48],[702303.66,6155683.54],[702375.41,6155752.8],[702340.28,6155916.86],[702417.24,6156060.47],[702641.18,6156057.07],[702592.6,6156274.49],[702667.13,6156252.52],[702884.64,6156526.29],[702973.12,6156890.73],[703156.73,6156825.92],[703173.93,6156933.09],[703099.31,6156956.15],[703122.47,6157269.41],[703270.41,6157475.65],[703282.6,6157605.94],[703341.01,6157660.21],[703381.16,6157802.65],[703433.27,6157852.52],[703312.13,6157381.88],[703120.22,6157048.88],[703209.65,6156995.83],[703120.72,6156993.83],[703178.13,6156956.49],[703190.57,6156904.87],[703086.42,6156594.44],[702981.28,6156472.68],[703006.5,6156146.79],[702899.84,6156101.29],[702906.6,6155997.83],[703142.79,6156290.16],[703658.04,6158219.3],[704097.07,6159315.51],[704776.3,6160526.16],[705706.9,6161686.25],[706290.8,6162146.74],[706539.21,6162222.09],[706939.73,6162679.11],[707057.2,6162697.98],[707190.32,6162633.76],[707287.37,6162652.89],[707332.36,6162711.72],[707317.24,6162743.16],[707279.0,6162657.66],[707128.91,6162698.11],[707220.39,6162818.53],[707249.13,6162728.18],[707303.57,6162760.35],[707143.8,6162883.41],[707264.94,6163122.52],[708194.51,6163989.27],[710753.99,6165472.6],[711190.74,6165640.92],[711420.4,6165399.83],[711507.88,6165628.07],[711462.41,6165744.8],[711907.04,6166032.39],[711693.01,6166243.45],[711518.51,6166571.14],[711693.66,6166773.73],[711455.71,6166791.86],[711367.3,6166923.52],[710711.01,6167043.81],[710504.31,6167334.58],[710184.08,6167491.84],[709996.01,6167443.43],[709412.35,6167642.05],[709186.51,6167568.69],[708899.09,6167646.85],[708826.6,6167574.32],[708639.56,6167699.51],[708653.89,6167796.58],[708390.01,6167797.4],[708239.56,6168001.4],[708018.12,6168053.21],[707878.08,6167933.4],[707411.23,6168428.91],[707056.71,6168245.96],[706460.84,6168831.87],[706298.36,6168886.67],[705933.83,6168811.99],[705548.64,6168606.63],[705099.77,6168191.94],[704466.4,6168126.4],[704244.75,6167833.05],[703692.4,6168653.38],[703455.18,6168645.6],[703513.1,6168402.24],[703418.19,6168180.31],[702463.48,6168218.77],[702498.95,6167643.33],[702262.11,6167532.99],[702171.23,6166743.3],[700298.89,6167048.37],[698985.94,6167518.54],[699234.82,6168518.09],[699335.29,6169915.56],[698720.33,6169851.99],[698673.8,6171194.07],[698745.45,6171575.8],[698644.84,6171975.09],[698681.89,6172030.8],[699050.72,6172003.81],[698964.7,6172494.37],[698609.23,6172610.89],[698650.96,6173401.91],[698201.03,6173483.79],[698117.59,6173967.62],[698585.68,6173968.7],[698989.78,6174293.44],[699227.7,6174612.25],[699209.75,6175208.14],[699996.74,6175336.77],[700229.25,6175979.04],[700660.08,6176037.4],[701908.32,6175945.32],[701951.37,6176187.55],[702253.52,6176360.82],[702432.65,6176763.51],[702711.1,6177004.0],[702879.44,6176938.49],[702995.42,6177083.12],[702948.09,6177233.1],[703010.73,6177362.73],[703271.7,6177363.19],[703366.15,6177443.57],[703496.25,6177726.1],[703934.99,6177990.29],[704064.75,6178171.69],[704008.13,6178266.5],[704221.91,6178404.36],[704231.68,6178523.35],[703645.24,6179072.48],[702803.38,6179312.85],[702259.74,6180178.38],[701937.48,6180338.93],[701872.73,6180303.29],[701731.47,6180548.37],[701468.66,6180665.66],[701461.51,6180769.76],[701944.57,6181088.44],[702134.29,6181144.79],[702337.59,6181050.38],[702556.42,6181179.11],[702649.36,6181331.7],[702251.52,6181590.91],[702300.31,6181776.67],[702475.75,6181776.26],[702581.77,6181877.61],[702495.85,6182198.91],[701953.25,6182721.22],[701559.26,6182954.93],[701194.94,6183051.97],[700968.54,6182915.94],[700647.87,6182886.33],[700553.22,6182656.45],[700363.16,6182471.77],[700185.57,6182472.72],[699957.41,6182628.5],[699312.55,6182670.64],[698776.93,6182458.53],[698607.28,6182536.24],[698202.87,6182548.76],[697712.48,6183426.25],[696974.82,6183541.78],[696489.79,6183914.64],[696144.02,6184045.21],[695702.69,6184439.95],[695296.59,6184622.86],[694913.86,6185451.77],[694289.27,6185617.8],[693912.38,6185808.41],[693744.6,6186003.27]],[[700866.67,6162192.05],[700872.41,6162192.15],[700861.47,6162191.95],[700866.67,6162192.05]],[[698545.77,6162157.3],[698551.38,6162176.77],[698540.96,6162140.57],[698545.77,6162157.3]],[[698666.627,6162165.248],[698663.29,6162166.68],[698691.81,6162154.44],[698666.627,6162165.248]],[[698525.92,6162091.28],[698529.05,6162100.74],[698515.95,6162061.11],[698525.92,6162091.28]],[[698857.787,6161966.19],[698861.66,6161988.26],[698857.75,6161965.98],[698857.787,6161966.19]],[[700801.614,6161659.642],[700806.24,6161659.92],[700796.57,6161659.34],[700801.614,6161659.642]],[[698273.04,6161510.98],[698280.25,6161526.74],[698261.99,6161486.81],[698273.04,6161510.98]],[[700626.233,6161051.677],[700599.57,6161053.56],[700628.46,6161051.52],[700626.233,6161051.677]],[[698016.5,6161006.06],[698031.27,6161036.3],[698001.75,6160975.85],[698016.5,6161006.06]],[[697969.31,6160913.19],[697971.98,6160918.61],[697945.018,6160863.76],[697969.31,6160913.19]],[[697888.19,6160737.02],[697888.194,6160737.02],[697884.78,6160727.4],[697888.19,6160737.02]],[[697169.35,6160723.89],[697196.77,6160711.57],[697127.23,6160742.81],[697169.35,6160723.89]],[[697360.71,6160623.69],[697360.73,6160623.69],[697360.13,6160623.56],[697360.71,6160623.69]],[[697602.58,6160550.926],[697566.4,6160558.47],[697644.52,6160542.18],[697602.58,6160550.926]]],[[[702194.39,6151842.87],[702191.64,6151911.57],[702243.31,6151981.94],[702182.34,6151916.67],[702194.39,6151842.87]]],[[[702323.2,6154019.89],[702328.2,6154031.2],[702322.27,6154037.29],[702323.2,6154019.89]]],[[[702296.46,6154068.46],[702311.22,6154094.41],[702289.14,6154100.72],[702296.46,6154068.46]]],[[[702282.43,6154140.99],[702243.07,6154174.47],[702267.93,6154122.3],[702282.43,6154140.99]]],[[[702223.09,6154231.62],[702221.09,6154246.42],[702208.56,6154234.02],[702223.09,6154231.62]]],[[[702322.42,6154756.3],[702310.9,6154776.28],[702275.31,6154762.04],[702322.42,6154756.3]]],[[[702347.24,6155011.31],[702375.44,6155063.57],[702337.86,6155033.72],[702347.24,6155011.31]]],[[[702879.09,6156100.61],[702722.28,6156058.04],[702691.05,6155843.11],[702817.35,6155917.2],[702879.09,6156100.61]]],[[[703154.29,6157190.11],[703171.69,6157206.94],[703154.37,6157207.02],[703154.29,6157190.11]]],[[[684429.42,6171273.73],[684465.34,6171299.85],[684462.27,6171338.98],[684429.42,6171273.73]]],[[[693784.36,6171453.6],[693679.04,6171525.53],[693685.19,6171435.13],[693784.36,6171453.6]]],[[[684660.96,6171575.52],[684605.09,6171568.55],[684518.7,6171475.04],[684583.58,6171534.39],[684660.96,6171575.52]]],[[[684551.84,6171640.88],[684602.49,6171667.1],[684583.2,6171675.84],[684551.84,6171640.88]]],[[[684650.35,6171695.98],[684618.19,6171713.06],[684627.2,6171682.61],[684650.35,6171695.98]]],[[[684572.43,6171779.68],[684579.17,6171795.24],[684575.73,6171796.11],[684572.43,6171779.68]]],[[[684622.72,6171888.52],[684542.65,6171881.69],[684630.07,6171846.41],[684622.72,6171888.52]]],[[[675983.31,6172222.18],[675915.65,6172199.99],[675934.4,6172113.29],[676002.84,6172126.45],[675983.31,6172222.18]]],[[[689365.46,6173516.57],[689393.3,6173538.2],[689362.6,6173529.44],[689365.46,6173516.57]]],[[[690509.09,6174007.43],[690472.7,6174134.94],[690407.86,6174059.39],[690406.33,6173920.64],[690492.7,6173828.92],[690508.5,6174005.21],[690482.67,6173881.75],[690421.61,6173912.82],[690435.73,6174079.19],[690509.09,6174007.43]]],[[[691462.39,6174430.41],[691322.81,6174424.01],[691458.93,6174281.65],[691577.29,6174420.33],[691477.74,6174339.65],[691462.39,6174430.41]]],[[[691334.97,6174583.11],[691145.89,6174615.75],[691236.38,6174491.02],[691390.46,6174545.67],[691582.43,6174477.77],[691414.14,6174568.61],[691275.75,6174537.62],[691334.97,6174583.11]]],[[[689210.47,6174722.81],[689242.69,6174623.29],[689246.45,6174674.78],[689210.47,6174722.81]]],[[[685896.4,6175052.69],[685995.84,6175163.38],[686014.55,6175257.26],[685892.58,6175170.87],[685896.4,6175052.69]]],[[[692545.15,6175331.37],[692443.55,6175443.73],[692418.81,6175365.51],[692444.39,6175286.24],[692511.71,6175305.82],[692754.58,6175310.86],[692787.43,6175321.3],[692545.15,6175331.37]]],[[[686503.84,6175631.97],[686396.31,6175481.69],[686255.79,6175484.19],[686449.45,6175275.6],[686467.76,6174889.94],[686506.3,6174949.3],[686436.04,6175437.03],[686503.84,6175631.97]]],[[[694338.62,6176073.74],[694198.85,6176033.3],[694178.13,6175965.4],[694300.34,6175995.68],[694338.62,6176073.74]]],[[[687530.46,6176466.0],[687496.95,6176476.58],[687493.06,6176473.82],[687511.44,6176460.25],[687530.46,6176466.0]]],[[[694526.58,6176777.89],[694534.87,6176813.14],[694523.26,6176813.97],[694526.58,6176777.89]]],[[[694943.25,6177523.95],[694925.13,6177532.57],[694917.45,6177523.59],[694943.25,6177523.95]]],[[[695048.23,6177543.27],[695053.73,6177554.02],[695044.36,6177556.8],[695048.23,6177543.27]]],[[[687885.07,6177905.67],[687943.47,6178116.8],[687968.2,6178338.06],[687963.29,6178367.36],[687885.07,6177905.67]]],[[[694364.28,6181785.59],[694373.3,6181791.5],[694361.61,6181788.39],[694364.28,6181785.59]]],[[[693627.16,6182123.25],[693614.57,6182178.63],[693600.97,6182191.88],[693627.16,6182123.25]]],[[[693645.54,6182284.14],[693671.52,6182291.73],[693648.3,6182304.76],[693645.54,6182284.14]]],[[[693592.66,6182365.54],[693553.42,6182358.31],[693594.04,6182346.78],[693592.66,6182365.54]]],[[[693167.62,6182364.36],[693179.93,6182446.37],[693054.6,6182273.4],[693167.62,6182364.36]]],[[[692999.35,6182430.89],[693124.42,6182478.72],[693023.76,6182592.27],[692999.35,6182430.89]]],[[[693630.73,6182638.26],[693578.85,6182654.93],[693550.34,6182683.77],[693571.87,6182640.72],[693630.73,6182638.26]]],[[[693698.35,6182654.04],[693697.67,6182686.53],[693645.23,6182654.66],[693698.35,6182654.04]]],[[[693720.22,6182745.99],[693712.56,6182775.0],[693679.2,6182764.12],[693720.22,6182745.99]]],[[[693979.64,6182820.11],[693900.68,6182824.67],[693888.6,6182705.7],[693768.17,6182626.85],[693884.62,6182680.72],[693979.64,6182820.11]]],[[[693454.72,6182685.06],[693234.51,6182831.0],[693126.87,6182721.91],[693454.72,6182685.06]]],[[[693836.8,6182897.02],[693864.53,6182930.14],[693830.13,6182912.28],[693836.8,6182897.02]]],[[[694142.92,6182971.89],[694160.4,6182979.88],[694157.23,6182984.49],[694142.92,6182971.89]]],[[[694393.27,6183070.16],[694152.47,6183330.17],[693991.56,6183250.42],[694051.47,6183047.85],[694214.16,6183000.44],[694042.27,6182876.02],[694247.46,6182827.79],[694393.27,6183070.16]]]]}},
{"type":"Feature","properties":{"navn":"Vest- og Sydsjælland","nuts3":"DK022"},"geometry":{"type":"MultiPolygon","coordinates":[[[[641996.7,6209602.82],[641982.88,6209277.05],[642428.27,6208393.66],[642891.34,6206405.22],[643350.82,6205669.18],[643345.43,6205534.26],[643396.42,6205331.37],[643403.6,6205719.71],[643519.54,6205640.29],[643519.49,6205537.35],[643551.82,6205653.52],[643693.67,6205603.77],[643543.46,6205320.84],[643756.62,6205649.86],[644102.04,6205744.04],[644961.27,6205243.33],[645735.93,6205156.68],[646269.99,6204862.42],[647174.71,6204133.3],[648452.97,6203408.74],[648844.59,6203488.57],[649352.23,6203397.65],[650123.49,6203396.04],[651645.29,6203101.36],[652915.76,6203211.08],[653853.64,6203129.43],[654353.07,6202932.58],[654974.75,6202508.27],[655800.16,6202260.68],[656232.86,6201959.61],[656667.17,6201458.73],[656946.62,6201522.57],[657346.67,6201221.92],[657609.82,6200795.46],[657864.84,6199806.16],[657886.27,6198681.1],[657756.72,6197511.45],[657849.9,6196680.44],[658013.02,6196292.28],[658122.81,6196204.6],[658246.32,6196231.83],[658094.94,6196284.57],[658144.43,6196386.52],[658051.91,6196359.45],[658074.45,6196655.74],[657990.04,6197019.67],[658165.51,6197281.44],[657990.46,6197351.22],[657916.97,6197593.38],[658050.62,6198098.02],[658189.69,6197620.59],[658129.52,6197374.06],[658277.57,6197287.21],[658230.2,6197056.4],[658098.44,6197004.57],[658202.0,6196944.16],[658304.74,6196330.46],[658139.45,6196050.81],[658228.67,6195931.83],[658138.66,6195692.47],[658026.27,6195696.42],[658153.3,6195620.73],[658037.7,6195467.57],[658045.67,6195066.08],[657961.36,6194989.3],[657892.36,6195083.6],[658005.42,6195334.64],[657910.97,6195417.08],[658011.51,6195715.73],[658000.15,6195982.44],[658123.53,6196038.29],[658023.82,6196080.19],[657882.6,6195950.12],[657705.27,6194889.04],[657437.26,6194026.47],[656927.52,6192954.54],[656444.49,6192229.34],[656081.62,6191893.43],[655561.19,6191701.41],[655285.94,6191724.69],[654771.42,6192001.18],[654181.48,6191798.47],[653382.11,6191877.11],[653060.75,6191728.73],[652386.88,6191203.82],[651685.59,6190836.65],[650732.06,6190102.98],[649901.34,6189820.28],[649579.23,6189860.72],[649370.96,6190160.13],[648845.64,6190380.04],[648680.86,6190866.29],[648364.15,6191023.3],[648313.32,6191175.03],[648001.57,6191313.88],[647950.04,6191413.91],[647614.44,6191205.61],[647413.96,6190862.02],[647580.36,6190838.4],[647902.96,6191044.61],[648139.02,6190910.82],[648516.4,6190377.14],[648802.69,6189399.93],[648940.03,6188647.99],[648859.66,6187797.25],[649022.29,6187381.67],[648914.35,6186861.29],[648941.1,6186146.43],[649395.69,6185130.77],[649086.23,6184029.46],[649106.12,6183872.01],[649273.29,6184027.11],[649430.07,6184610.29],[649285.36,6183859.87],[648727.79,6183020.23],[648717.44,6182818.75],[648408.38,6182603.09],[648512.65,6182709.94],[648461.64,6182737.2],[648171.29,6182472.71],[647701.04,6181850.91],[647316.44,6181513.29],[646977.52,6181332.03],[646919.79,6181375.15],[646647.81,6181177.66],[646052.43,6181052.61],[645990.31,6181101.34],[646050.92,6181199.95],[646022.13,6181264.26],[646026.98,6181171.47],[645940.13,6181132.61],[645943.46,6181201.59],[645917.48,6181115.02],[645830.73,6181198.65],[645856.2,6181078.1],[645759.87,6181092.19],[645763.84,6181232.49],[645973.5,6181244.77],[645732.73,6181270.36],[645748.38,6181135.97],[645644.98,6181092.32],[644946.4,6181113.86],[644687.05,6180659.53],[644779.73,6180282.33],[644614.03,6179854.74],[644617.8,6180046.67],[644365.15,6180099.4],[644224.14,6180332.35],[644269.9,6180385.25],[644143.35,6180505.86],[644144.52,6180643.34],[644252.41,6180687.54],[644082.03,6180922.92],[644163.57,6180955.05],[644125.2,6181110.21],[644387.43,6181002.81],[644631.53,6180784.75],[644606.32,6180882.52],[644179.72,6181147.68],[643902.57,6181039.43],[643677.48,6181263.24],[643545.05,6181168.19],[643428.23,6181184.71],[643558.4,6181058.63],[643805.16,6181018.11],[643919.55,6180822.52],[643814.01,6180082.65],[643273.44,6179167.14],[642536.69,6178524.45],[642239.77,6178379.76],[641594.35,6178317.15],[641271.48,6178495.21],[640951.1,6178952.76],[640817.93,6178982.28],[640392.29,6179400.69],[640027.81,6179539.98],[640030.42,6179653.05],[639862.31,6179679.63],[639826.54,6179859.26],[639616.09,6180189.29],[639514.45,6180232.32],[639128.66,6180070.82],[639051.36,6179638.96],[639313.21,6179317.02],[639246.6,6178959.04],[639025.56,6178812.89],[638942.46,6178518.36],[637938.76,6178424.14],[637983.36,6178480.39],[637885.23,6178580.06],[637296.17,6179033.84],[637166.57,6179376.15],[637251.16,6179411.48],[637326.5,6179222.49],[637205.57,6179754.19],[636892.07,6180185.63],[636730.14,6180826.88],[636580.88,6180924.19],[636031.21,6180638.16],[635308.47,6180446.6],[635008.3,6180470.67],[634696.19,6180711.44],[634180.24,6180497.65],[633876.7,6180603.88],[633573.49,6180554.72],[632361.22,6179508.42],[630858.71,6178645.91],[629327.97,6178246.77],[628473.18,6178118.17],[627305.91,6178573.22],[626675.93,6178615.15],[626165.86,6178895.28],[626028.25,6179166.5],[625439.16,6179317.31],[624681.77,6179655.96],[623686.0,6179851.26],[623095.28,6179857.58],[622779.8,6179962.19],[622197.24,6179949.92],[622106.25,6179985.43],[622083.19,6180167.75],[622027.62,6180123.02],[622063.32,6180205.13],[621997.06,6180152.51],[622084.35,6180026.69],[621879.54,6179881.04],[621117.57,6179919.65],[620499.57,6179828.08],[620160.32,6179593.62],[619143.96,6179185.28],[618237.76,6179073.65],[617339.15,6179149.05],[617288.19,6179094.51],[617900.77,6178774.71],[618377.12,6178201.38],[618553.45,6178214.45],[619430.03,6177716.37],[620457.92,6177396.69],[621112.14,6177363.08],[621742.99,6177520.65],[622423.41,6177461.54],[623532.99,6177749.16],[624167.78,6177549.36],[624632.85,6177498.53],[625022.04,6177232.79],[625281.12,6177162.79],[625949.44,6175934.53],[626291.67,6175541.52],[626619.26,6174982.66],[626942.06,6174722.87],[627190.06,6174367.09],[627933.73,6173945.67],[628454.95,6173336.97],[629588.75,6172694.09],[630626.12,6171286.61],[630655.36,6171275.98],[630746.72,6171325.29],[630799.28,6171388.85],[630660.02,6171294.38],[630593.75,6171336.19],[630631.13,6171374.11],[630471.23,6171532.97],[630459.81,6171837.99],[630275.49,6171924.98],[630424.56,6172013.37],[630137.59,6172226.22],[630287.56,6172482.34],[630565.4,6172456.81],[630909.78,6172191.99],[631002.84,6172228.16],[630922.42,6172195.27],[630996.6,6172184.99],[630955.04,6172142.3],[631392.28,6172112.5],[631414.93,6171993.16],[631526.7,6172112.27],[631745.96,6171893.22],[632058.53,6171893.22],[632100.02,6172062.39],[632167.93,6172048.98],[632250.69,6171799.59],[631910.7,6171802.92],[631946.32,6171561.47],[631496.36,6171656.24],[631417.1,6171374.13],[631562.25,6171227.11],[632020.71,6171125.88],[632153.65,6171321.78],[632262.35,6171281.71],[632208.85,6170980.8],[631880.69,6171015.77],[631853.15,6170897.5],[631588.94,6170965.53],[631912.77,6170845.52],[631840.02,6170674.41],[631535.43,6170736.81],[631301.32,6170365.3],[631241.53,6170376.92],[631220.72,6170715.75],[631191.91,6170719.94],[631110.52,6170821.02],[630788.11,6170792.87],[630718.67,6170698.33],[630422.66,6170795.99],[630714.88,6170689.98],[630675.42,6170627.06],[630299.36,6170623.39],[630671.95,6170614.8],[630952.28,6170330.74],[630683.35,6170591.34],[630286.94,6170601.28],[630335.08,6170473.18],[630016.32,6170318.98],[629994.91,6170572.08],[629510.09,6170702.32],[629497.48,6170379.08],[629405.96,6170354.79],[628084.77,6170728.63],[627503.47,6170698.91],[626832.51,6170904.53],[625721.03,6171079.71],[624960.64,6170796.58],[624591.41,6170784.25],[624044.12,6170926.12],[623557.31,6170907.46],[623412.72,6170982.57],[623398.3,6171130.41],[623139.5,6171285.66],[622725.29,6171246.22],[622061.38,6171481.99],[621721.72,6171366.82],[621531.82,6171081.15],[621501.98,6170880.56],[621623.03,6170586.35],[621616.27,6170321.88],[622064.59,6170197.27],[622267.54,6169823.6],[622487.77,6169864.16],[622872.44,6169727.84],[623580.79,6169783.57],[624222.92,6169626.33],[626398.72,6169490.06],[627159.15,6169247.47],[627556.22,6169219.86],[628330.65,6168941.61],[629011.06,6168413.47],[630406.32,6167716.65],[632014.32,6166779.21],[632364.28,6166465.03],[632909.97,6166235.95],[633943.29,6165337.43],[635510.31,6162148.76],[635715.75,6160980.37],[635984.56,6160297.68],[636127.09,6159087.72],[635732.82,6157578.87],[635313.31,6156729.1],[635208.67,6156614.95],[635286.65,6156639.82],[635078.3,6156507.83],[635217.25,6156419.92],[635777.22,6156646.53],[635869.12,6156796.61],[636097.39,6156787.73],[636030.22,6156720.77],[635861.73,6156736.04],[635907.27,6156592.31],[635813.43,6156509.27],[635886.06,6156443.21],[635746.42,6156270.56],[635525.36,6156146.54],[635388.21,6156159.88],[635353.2,6156085.83],[635110.69,6156148.86],[635009.27,6156307.4],[635150.23,6156412.86],[635077.48,6156456.66],[635066.57,6156532.45],[635277.06,6156766.13],[634948.61,6156508.41],[634600.44,6156417.42],[634382.67,6156409.21],[634037.12,6156607.13],[633618.94,6156589.3],[633457.15,6156572.06],[632826.95,6156188.96],[632480.36,6156201.47],[632296.35,6156448.15],[631875.64,6156249.2],[631794.13,6156165.99],[631360.74,6154079.19],[631703.39,6154095.31],[632025.18,6153718.98],[632275.32,6153627.38],[632989.14,6153664.73],[633403.34,6153819.36],[633655.4,6154264.61],[633805.31,6154317.84],[633924.55,6154411.49],[633807.51,6154328.76],[633717.91,6154344.66],[633849.04,6154389.99],[633736.29,6154446.09],[633818.85,6154701.71],[634122.84,6155131.54],[634122.31,6155183.07],[633982.28,6155012.43],[633978.27,6155074.73],[633969.13,6155089.24],[633900.98,6154903.37],[633828.27,6155039.93],[633698.78,6154942.47],[633573.31,6155084.98],[633492.15,6155336.95],[633585.68,6155380.31],[633551.71,6155450.98],[633486.0,6155420.99],[633561.18,6155513.83],[633515.26,6155530.82],[633523.47,6155628.02],[633615.47,6155686.5],[633578.74,6155749.65],[633712.32,6155762.01],[633828.1,6156013.23],[633993.13,6156110.82],[633941.71,6156022.79],[634118.86,6155900.7],[634061.87,6155850.85],[634162.7,6155840.12],[634149.44,6155606.61],[634271.72,6155399.73],[634844.02,6155104.77],[635191.27,6154252.55],[635812.41,6153537.8],[635974.5,6153396.69],[636078.72,6153411.25],[636401.81,6153243.44],[636284.89,6153213.69],[636184.87,6153325.78],[636122.13,6153295.44],[636259.71,6153199.61],[636429.69,6153229.59],[636591.94,6153144.22],[637229.1,6152414.29],[637386.35,6152038.9],[637280.57,6151888.78],[637330.95,6151932.36],[637447.1,6151862.6],[637407.23,6151802.03],[637322.18,6151861.02],[637212.37,6151878.56],[637400.87,6151796.26],[637463.47,6151806.43],[637626.95,6151345.68],[637638.32,6149917.55],[637899.7,6149334.01],[638418.15,6148657.91],[638615.02,6148158.51],[638885.35,6147968.43],[639111.8,6147634.68],[639343.0,6147028.25],[639421.82,6145914.43],[638995.32,6144190.46],[638933.88,6143531.39],[639017.57,6143311.16],[639410.91,6142953.79],[639602.28,6142496.4],[640145.12,6141903.44],[640244.3,6141518.31],[640244.08,6140965.0],[640154.31,6140553.15],[639505.4,6139585.55],[639240.41,6139503.03],[639082.27,6139535.49],[638786.28,6139361.03],[638137.54,6139158.66],[637938.74,6139189.86],[637600.31,6138913.12],[637233.03,6138444.79],[636228.3,6137775.99],[635785.29,6137687.41],[635477.75,6137765.41],[634902.65,6137469.85],[634432.18,6137432.15],[634170.54,6137530.09],[634160.07,6137845.48],[634003.74,6137890.86],[633924.75,6138024.67],[633602.55,6137560.82],[633271.38,6136790.64],[632761.91,6135957.1],[632806.1,6135689.57],[632682.36,6135389.52],[632916.54,6135562.53],[633219.47,6135534.1],[633357.27,6135487.46],[633385.67,6135297.57],[633446.82,6135180.88],[633756.09,6135598.02],[633728.82,6135513.93],[633804.44,6135531.37],[633741.06,6135429.57],[633836.04,6135479.03],[633959.47,6135092.44],[633540.0,6135096.63],[634002.27,6135080.66],[634233.56,6134768.33],[634604.53,6134523.07],[634697.06,6134391.53],[634565.19,6134038.76],[634718.1,6134401.74],[635106.23,6134234.02],[635241.77,6134300.96],[635185.84,6134212.91],[635391.59,6134319.24],[635323.29,6134218.82],[635663.06,6134226.39],[635839.01,6133758.17],[636157.1,6133896.44],[636165.43,6134026.81],[636348.48,6134101.53],[636334.98,6134181.07],[637206.98,6134505.63],[637023.55,6134701.15],[637019.12,6134858.84],[636879.49,6134857.27],[636813.98,6134965.84],[636794.9,6135177.59],[637058.2,6135398.96],[636772.42,6135636.45],[636736.67,6135876.88],[636756.38,6135966.5],[637256.74,6136360.56],[637655.64,6136381.46],[637745.67,6136294.41],[637816.06,6136394.15],[637978.89,6136274.29],[638253.24,6136353.53],[638846.16,6135841.56],[638945.17,6135833.24],[639034.36,6135611.42],[639881.0,6135327.64],[639999.55,6135042.62],[639997.56,6134722.14],[639885.07,6134441.77],[639412.96,6134209.75],[639162.55,6133941.61],[638927.47,6133861.17],[638870.59,6133764.75],[638959.38,6133480.63],[638830.11,6133451.66],[638822.89,6133306.11],[638549.71,6133181.56],[638206.28,6133163.61],[637933.07,6133415.92],[637675.71,6133492.95],[637048.82,6133301.58],[636697.68,6133369.9],[636662.93,6133611.04],[635713.35,6133732.77],[635547.8,6134144.42],[635449.74,6134141.05],[635358.52,6134082.72],[635449.34,6134086.68],[635379.78,6133943.05],[635349.18,6134076.62],[635173.71,6134030.83],[635275.93,6134044.13],[635360.11,6133895.93],[635161.79,6133779.99],[635101.8,6133921.85],[635047.61,6133877.82],[634935.47,6133998.92],[635163.81,6133613.05],[635073.72,6133569.27],[634991.62,6133730.24],[635049.04,6133575.1],[634962.26,6133524.33],[634833.54,6133764.35],[634824.93,6133842.82],[634848.9,6133909.75],[634840.11,6133932.01],[634815.45,6133846.9],[634818.03,6133781.65],[634956.6,6133484.98],[634921.68,6133445.22],[634925.97,6133375.53],[634937.28,6133459.99],[635101.86,6133543.68],[635249.99,6133479.44],[635276.92,6133299.44],[635147.17,6133159.79],[635067.05,6133224.68],[635045.43,6133365.1],[635020.01,6133386.53],[635006.89,6133379.31],[635059.04,6133218.36],[635248.4,6133061.81],[636621.31,6132462.11],[637990.32,6131014.14],[638163.36,6130928.65],[638482.11,6130939.79],[639709.95,6130339.76],[640324.21,6129815.17],[641319.82,6129455.8],[641857.23,6129026.78],[642091.86,6128416.78],[642112.62,6127494.62],[642493.2,6126836.43],[642668.04,6126204.17],[642594.04,6125445.7],[642296.03,6124874.54],[642452.62,6124784.14],[642436.27,6124703.46],[642502.43,6124774.22],[642622.02,6124729.36],[642808.57,6124442.75],[642870.42,6124620.57],[643162.97,6124745.86],[643526.05,6124612.3],[644102.5,6123712.05],[644317.61,6123851.58],[644380.56,6124374.16],[644540.93,6124642.75],[644718.34,6124714.83],[644746.45,6124842.39],[644927.37,6124953.4],[645129.45,6125233.59],[645636.86,6125429.73],[645667.56,6125601.7],[645143.77,6125777.14],[645227.62,6125948.84],[645187.61,6126188.61],[645301.13,6127635.71],[645579.08,6128103.8],[645765.42,6128093.96],[645984.42,6128319.97],[646204.31,6128261.68],[646245.66,6127966.49],[646498.95,6127783.94],[646539.11,6126945.82],[646229.49,6126296.62],[646086.06,6125690.49],[645695.95,6125598.81],[645644.94,6125364.29],[645532.81,6125330.52],[645519.67,6125221.17],[645442.53,6125231.79],[645517.0,6125122.08],[645495.98,6124722.07],[645184.06,6124414.08],[645088.84,6124194.79],[645005.87,6123780.96],[645063.16,6123439.97],[644934.81,6123293.3],[644682.87,6123243.51],[644570.19,6123341.24],[644584.87,6123487.78],[644461.66,6123482.44],[644349.49,6123648.92],[644044.35,6123528.06],[643904.67,6123562.74],[643690.93,6123792.15],[643469.65,6123826.79],[643283.94,6123753.45],[642841.15,6123875.4],[642748.24,6124045.94],[642923.18,6124240.22],[642552.65,6124335.07],[642272.42,6124610.99],[642015.75,6124254.66],[642092.82,6123759.82],[642742.81,6122620.62],[642808.85,6122270.09],[642928.6,6122321.09],[643203.22,6121875.08],[642980.1,6121762.73],[642567.29,6121724.25],[642336.98,6121605.7],[642362.63,6121287.96],[642814.31,6120727.22],[642723.21,6120699.36],[642885.45,6120685.05],[643083.65,6120485.39],[643120.05,6120340.12],[643137.12,6120394.05],[643191.84,6120342.89],[643107.37,6120309.29],[642989.16,6120419.74],[642750.77,6120277.05],[642871.36,6120341.91],[642800.31,6120229.59],[643101.23,6119931.14],[643248.8,6119944.23],[643329.32,6120081.95],[643375.98,6119994.64],[643303.04,6119923.8],[642820.47,6119921.83],[642876.64,6119828.86],[642867.75,6119879.58],[643301.77,6119919.34],[643330.19,6119763.82],[643692.86,6119500.64],[643762.64,6119553.62],[643790.16,6119474.31],[643629.04,6119341.27],[643553.84,6119443.86],[643544.57,6119436.03],[643507.21,6119488.51],[643497.76,6119484.01],[643720.8,6119159.04],[643827.07,6119101.98],[643721.15,6119181.56],[643639.51,6119334.83],[643862.99,6119491.64],[644232.47,6119413.12],[645005.48,6119506.7],[645371.13,6119369.17],[645646.05,6119016.83],[646108.18,6118642.73],[647033.07,6118899.65],[648557.59,6118697.52],[649149.97,6118721.93],[649757.44,6118591.83],[650129.27,6118257.17],[650922.18,6118139.52],[650084.82,6118360.47],[649786.6,6118834.76],[649821.04,6118635.78],[649745.07,6118725.52],[649553.77,6118702.93],[648901.13,6118913.92],[648735.27,6118886.96],[648612.68,6118994.12],[648415.35,6118878.71],[648331.19,6118998.87],[648118.27,6118899.52],[648027.62,6118960.99],[648063.42,6119094.53],[647746.52,6118876.69],[647548.66,6118876.51],[647131.44,6119514.77],[647170.94,6119831.25],[647305.32,6119827.67],[647348.85,6119957.2],[647310.7,6120240.86],[647461.59,6120321.95],[647456.47,6120391.73],[647333.21,6120353.82],[647363.67,6120499.75],[647559.22,6120696.79],[648036.66,6120636.58],[647995.64,6120601.96],[648068.3,6120561.55],[648284.92,6120579.14],[648378.44,6120089.57],[648729.86,6119544.27],[648872.66,6119581.19],[649038.79,6119758.3],[648966.3,6119991.89],[649008.61,6120202.12],[649431.64,6120473.96],[649542.17,6120652.15],[649674.7,6120651.54],[650324.09,6119607.29],[650755.04,6119376.21],[651417.07,6119516.57],[651754.43,6120089.76],[652367.55,6120347.84],[652532.31,6120659.9],[652897.9,6120424.72],[653141.52,6120434.84],[653323.32,6120327.9],[653577.15,6120427.74],[653790.31,6120015.65],[653607.7,6119913.04],[653714.73,6119955.1],[653750.81,6119899.48],[653813.62,6118837.63],[654087.57,6118766.27],[654186.42,6118562.99],[654132.02,6118451.78],[653872.82,6118505.47],[653861.88,6118641.28],[653703.92,6118678.66],[653529.4,6118879.15],[653058.14,6119046.1],[652982.43,6118971.69],[653063.38,6118685.27],[652712.62,6118865.84],[652628.98,6119013.32],[652678.92,6119092.46],[652511.52,6119263.62],[652233.23,6119001.14],[652003.97,6118487.35],[651871.87,6118451.69],[651824.98,6118516.2],[651790.47,6118400.3],[652994.56,6118641.34],[654981.38,6118182.32],[655772.93,6118352.84],[656005.62,6118315.84],[656950.06,6118586.75],[657224.24,6118893.62],[657240.28,6119076.32],[657047.31,6118768.35],[656760.25,6118671.35],[656700.89,6118563.73],[656506.07,6118569.99],[656363.42,6118442.92],[656476.37,6118593.0],[656497.25,6118807.51],[656232.94,6118996.91],[656226.76,6119066.1],[656349.27,6119097.5],[656178.41,6119248.65],[656265.01,6119384.15],[656009.32,6119566.65],[655821.27,6119534.91],[655837.05,6119629.78],[655763.12,6119660.38],[655796.18,6119960.94],[655926.93,6120069.92],[655828.25,6120169.18],[655633.41,6120197.37],[655607.75,6120289.9],[655345.61,6120243.47],[655196.59,6120461.84],[655030.91,6120475.38],[654793.9,6120283.2],[654750.77,6120124.33],[654614.47,6120116.28],[654759.28,6120343.38],[654465.25,6120464.2],[654341.92,6120379.81],[654311.17,6120146.16],[653788.63,6120053.21],[653612.54,6120411.87],[653749.99,6120392.09],[654002.23,6120548.25],[654082.97,6120798.99],[654251.62,6120952.46],[654341.88,6121348.46],[654486.92,6121592.76],[654582.49,6121597.86],[654540.97,6121817.28],[654801.71,6121911.86],[655247.86,6121745.98],[655342.81,6121498.09],[655587.73,6121308.37],[655920.0,6121394.9],[655873.65,6121551.9],[655980.62,6121488.84],[655924.4,6121423.4],[655949.31,6121402.99],[656243.55,6121676.99],[656447.05,6121327.5],[656666.19,6121286.14],[657028.18,6120939.63],[657084.24,6120797.59],[656934.88,6120491.29],[657024.06,6120318.31],[657308.81,6120380.46],[657390.87,6120516.94],[657632.73,6120622.18],[658381.73,6120403.6],[658587.85,6120070.82],[658546.98,6119796.1],[658662.02,6119640.94],[658608.68,6119601.18],[659027.6,6119834.64],[659403.57,6119891.28],[661068.15,6119541.72],[662416.66,6118931.58],[662941.92,6119029.61],[663680.07,6119025.36],[664272.54,6118768.04],[665276.51,6119034.18],[666035.37,6118672.53],[666755.82,6118215.07],[667188.62,6118266.12],[667516.48,6118153.36],[667991.02,6117683.06],[667909.65,6117549.27],[667927.16,6117469.37],[668048.62,6117687.74],[668060.19,6117617.54],[668085.79,6117635.89],[668158.99,6117580.72],[668203.17,6117572.76],[668140.69,6117607.49],[668313.92,6117708.65],[668351.84,6117648.15],[668213.8,6117600.85],[668280.46,6117578.49],[668855.42,6117873.48],[669105.94,6118163.84],[669002.11,6118189.67],[669105.2,6118194.53],[669091.0,6118358.24],[668998.56,6118376.64],[669070.29,6118390.41],[669072.98,6118483.09],[669007.25,6118544.78],[668995.94,6118935.99],[669056.55,6118990.84],[668994.62,6119032.09],[669085.25,6118974.98],[669352.95,6119193.26],[669402.22,6119414.61],[669679.26,6119670.38],[669746.52,6119888.94],[669987.52,6120027.92],[670076.18,6120399.02],[670457.17,6120550.52],[670611.78,6120805.62],[670808.97,6120878.12],[670902.38,6121079.78],[671331.72,6121318.46],[671579.72,6121227.86],[671932.17,6121289.14],[672123.36,6121224.22],[672678.16,6121418.64],[672823.58,6121232.38],[672670.16,6121286.73],[672680.32,6121353.68],[672613.58,6121304.09],[672650.17,6121233.86],[673027.88,6121064.8],[672871.2,6121177.99],[673178.79,6121113.84],[673237.1,6121075.51],[673186.32,6120996.81],[673040.26,6121057.75],[673828.5,6120613.38],[673877.47,6120433.48],[674131.64,6120125.17],[674316.7,6120090.79],[674400.55,6120224.31],[674364.14,6120071.85],[674462.9,6120045.13],[674708.5,6120236.46],[674721.09,6120113.5],[674503.89,6119842.92],[673980.94,6119609.97],[673902.36,6119187.4],[673661.82,6119021.54],[673582.33,6119063.9],[673618.59,6119008.66],[673388.31,6118483.87],[673475.6,6118398.39],[673688.25,6118399.22],[673706.55,6118468.85],[674003.42,6118575.96],[674126.89,6118537.7],[674361.74,6118752.6],[674442.56,6118568.73],[674639.54,6118411.94],[674649.48,6118270.18],[673832.07,6117636.35],[673458.71,6117533.94],[672892.35,6116948.58],[672870.66,6115795.72],[673080.14,6115528.07],[673642.52,6115249.27],[673985.71,6115221.45],[674154.41,6115128.35],[674324.81,6115190.63],[674660.04,6115599.17],[674795.95,6115616.14],[674975.1,6115449.04],[675483.73,6115345.51],[676022.23,6115443.1],[676176.45,6115585.92],[676603.21,6115747.25],[676767.69,6115621.03],[676781.9,6115478.46],[676566.77,6115225.13],[676564.48,6114947.88],[677186.61,6114621.44],[677353.02,6114636.28],[677535.01,6114819.14],[677429.04,6114784.18],[677423.07,6114996.47],[677574.36,6115345.03],[678084.49,6115468.59],[678470.03,6115076.26],[678982.57,6115097.97],[679135.76,6114995.32],[679363.99,6114568.36],[679375.69,6114122.6],[679519.51,6113879.53],[679472.39,6113781.14],[679607.79,6113540.95],[679654.22,6113167.79],[679564.59,6112987.79],[679296.13,6112870.86],[679110.73,6112891.32],[679001.08,6112720.64],[678118.65,6113038.8],[677409.38,6113119.48],[677118.49,6113058.02],[676675.91,6112769.41],[676599.61,6112639.75],[676498.05,6112646.61],[676319.25,6112171.88],[676360.24,6112027.34],[676254.89,6111970.34],[676337.87,6111888.51],[676319.67,6111781.36],[676160.45,6111558.76],[675973.49,6111464.34],[675775.33,6111508.07],[675294.11,6111726.51],[674760.29,6111638.49],[674332.9,6111708.76],[673969.54,6111544.06],[673916.56,6111668.75],[674153.17,6112164.34],[674050.14,6112338.81],[673697.08,6112505.23],[673401.28,6112018.01],[673486.57,6110730.68],[673725.21,6110397.18],[674104.49,6110126.69],[674599.5,6109205.41],[674995.37,6108657.76],[675142.42,6108635.19],[674944.14,6108791.6],[675262.99,6108697.63],[675448.54,6108462.05],[675522.62,6108510.06],[675586.01,6108509.25],[675878.83,6108436.43],[676112.37,6108618.24],[675997.9,6108715.55],[676297.72,6108712.6],[676258.54,6108559.21],[676007.3,6108484.02],[675914.26,6107988.19],[675750.99,6108027.58],[675650.73,6108157.15],[675395.15,6108001.48],[675553.1,6107513.7],[676241.21,6106807.92],[677041.1,6106611.23],[677341.15,6106666.9],[677424.08,6106823.64],[677458.02,6106921.87],[677466.08,6106965.71],[677410.11,6106852.65],[677160.76,6106997.33],[676943.84,6107021.71],[676804.62,6107182.33],[676738.49,6107527.11],[676629.25,6107596.51],[676669.44,6107784.62],[677014.85,6107834.49],[677078.1,6107942.14],[677190.47,6107872.18],[677240.31,6107586.42],[677413.77,6107513.12],[677489.77,6107353.8],[677822.06,6107161.98],[678529.62,6106965.65],[679278.66,6106499.73],[679494.43,6106128.58],[679558.02,6105677.87],[680321.57,6104767.47],[680838.86,6104287.15],[680986.68,6103695.59],[680911.19,6103354.45],[680640.09,6103064.54],[679920.15,6103214.61],[679139.05,6103834.17],[678036.1,6104192.21],[677594.86,6104500.56],[677111.36,6104588.48],[676591.14,6104946.7],[675902.78,6105101.2],[675690.83,6105297.52],[675419.76,6105403.68],[674711.97,6105308.57],[672960.21,6105729.58],[672413.26,6105945.0],[671992.47,6105992.94],[671506.33,6106183.95],[670981.15,6106180.93],[670650.63,6106297.79],[670443.63,6106302.47],[670278.24,6106419.46],[669527.32,6106609.43],[669340.04,6106827.21],[668906.78,6106868.52],[668120.67,6107167.57],[667222.41,6107183.96],[666999.28,6106963.47],[667133.96,6106953.44],[667160.02,6107061.58],[667324.48,6107096.0],[667607.65,6106856.86],[668002.74,6106911.73],[668283.81,6106648.67],[668489.01,6106567.81],[668678.87,6106735.29],[668813.82,6106740.27],[669047.76,6106656.19],[669320.43,6106376.46],[669493.37,6106411.36],[669715.49,6106229.03],[670102.85,6106303.79],[670664.82,6106280.32],[671109.54,6106056.83],[671402.62,6105753.51],[672371.98,6105168.02],[672732.34,6105126.39],[672925.4,6104975.46],[673103.5,6104993.06],[673699.7,6104733.57],[674353.67,6104314.37],[676733.69,6103806.64],[678219.71,6103167.2],[679094.69,6102698.26],[679526.29,6102592.12],[679969.89,6102266.18],[680509.65,6101706.48],[680837.99,6101125.44],[681443.26,6100732.04],[681698.37,6100709.16],[682165.08,6100447.78],[682655.14,6100003.97],[683130.22,6099371.34],[684459.78,6098834.09],[684660.91,6098653.82],[684810.36,6098372.4],[685370.42,6097994.15],[685368.74,6098096.1],[685464.14,6098095.54],[685396.52,6097978.02],[685525.36,6098058.59],[685868.34,6097920.66],[686161.65,6098036.47],[686199.75,6098166.32],[686698.97,6098152.73],[686734.82,6098455.62],[686602.72,6098763.87],[686421.31,6098898.93],[686257.1,6098892.34],[686172.75,6099021.86],[685971.99,6099001.23],[685968.99,6099119.08],[686175.27,6099211.96],[686820.08,6099091.72],[687076.02,6098861.54],[687442.63,6098799.91],[687470.0,6098725.7],[687539.3,6098773.67],[687785.3,6098627.15],[688768.72,6098524.89],[688965.84,6098397.87],[689103.14,6098176.53],[689177.56,6097800.9],[689467.2,6097260.98],[689900.32,6096961.93],[690581.99,6096253.58],[691879.42,6095449.86],[693675.2,6094829.94],[694479.18,6094796.87],[695459.94,6094904.55],[695463.46,6094986.78],[695773.73,6095204.35],[696150.75,6095296.14],[696543.3,6095676.39],[696942.4,6095711.18],[696901.77,6095767.84],[697064.91,6096031.0],[697268.07,6096153.72],[697515.35,6096457.98],[697711.59,6096526.06],[697778.82,6096779.34],[697914.87,6096805.46],[698009.9,6097135.93],[698206.44,6097296.48],[698225.29,6097211.64],[698274.13,6097266.95],[698348.81,6097197.34],[698587.35,6097452.26],[698555.64,6097582.57],[698597.61,6097663.98],[698717.99,6097626.98],[698607.2,6097682.25],[698867.31,6098133.66],[699233.59,6098456.09],[699550.79,6098541.48],[699643.73,6098684.5],[700252.0,6098550.1],[700314.77,6098668.63],[700500.87,6098720.4],[700572.89,6098666.01],[700614.25,6098731.35],[700761.25,6098697.56],[700905.87,6098532.98],[701055.64,6098587.3],[701163.48,6098785.63],[701270.89,6098773.18],[701326.18,6098874.99],[701889.03,6098900.99],[702005.98,6098871.37],[702242.7,6098460.8],[702279.6,6098511.42],[702046.68,6098861.07],[702423.02,6098931.78],[702455.53,6098873.46],[702433.3,6098844.87],[702412.34,6098699.83],[702442.2,6098668.94],[702541.4,6098659.3],[702550.79,6098671.99],[702415.57,6098700.64],[702439.21,6098847.48],[702555.88,6098839.13],[702548.55,6098773.41],[702560.24,6098734.72],[702572.31,6098714.01],[702559.96,6098687.3],[702595.04,6098695.93],[702551.75,6098772.13],[702583.46,6098845.0],[702665.88,6098613.36],[702729.16,6098638.56],[702673.79,6098847.19],[702814.49,6099634.33],[702780.99,6099858.08],[701757.85,6101546.21],[701567.28,6102097.34],[700922.2,6102914.28],[700846.22,6103120.47],[700779.6,6103087.07],[700826.89,6103153.14],[700572.84,6103560.26],[700738.99,6103755.3],[700591.85,6103916.96],[700879.64,6104208.64],[700848.76,6104420.86],[700665.16,6104606.8],[700309.84,6104668.67],[699792.85,6104569.33],[699731.01,6104729.6],[699855.28,6104922.38],[699708.22,6104920.7],[699855.83,6104931.52],[699921.03,6104921.71],[699842.2,6104947.09],[699824.68,6105114.54],[699907.29,6105193.86],[699862.57,6105253.97],[699949.64,6105499.93],[699896.28,6105591.46],[699770.79,6105564.68],[699685.15,6105660.77],[699733.93,6105822.16],[699464.07,6105963.49],[699532.71,6106054.3],[699371.05,6106210.54],[699434.36,6106507.55],[699335.03,6106561.62],[699336.77,6106842.15],[699191.84,6106845.44],[699172.57,6106989.4],[699061.27,6106860.85],[698879.94,6106872.46],[698979.53,6107129.71],[699165.11,6106992.85],[699294.34,6107056.99],[699370.75,6106990.54],[699385.89,6107250.14],[699482.87,6107360.1],[699417.76,6107450.73],[699562.72,6107464.23],[699264.68,6107588.02],[698915.0,6107615.25],[698957.1,6107774.65],[699149.6,6107901.16],[698911.54,6108535.51],[698522.51,6108562.82],[698374.15,6108651.15],[698216.98,6108583.82],[698087.52,6108745.57],[698018.8,6108712.63],[698078.92,6108621.59],[698016.14,6108632.59],[697844.71,6108824.27],[697942.84,6108780.77],[697971.59,6108868.98],[697774.23,6109181.23],[697791.37,6109327.37],[697822.97,6109375.58],[697818.39,6109224.93],[697912.58,6109126.42],[698122.92,6109097.09],[698275.01,6109215.77],[698467.36,6109062.76],[698459.29,6108883.84],[698608.36,6108629.14],[699052.54,6108706.22],[699192.77,6108593.12],[699257.83,6108094.58],[699352.4,6108030.2],[699832.02,6108296.23],[699971.66,6108456.79],[700121.37,6108486.84],[700543.35,6108099.82],[700765.71,6108194.51],[700999.18,6108158.03],[701236.79,6107886.05],[701203.93,6107788.24],[701316.52,6107779.56],[701560.24,6108000.0],[701711.38,6108369.34],[701998.19,6108588.96],[702370.5,6109203.32],[702404.29,6109472.64],[702242.27,6109875.96],[702238.18,6110286.2],[702362.28,6110489.05],[702481.87,6111006.44],[702891.4,6111126.72],[702906.45,6111369.74],[703059.15,6111662.23],[703046.35,6111849.82],[702793.01,6112243.51],[702281.41,6112523.87],[701988.73,6113043.18],[701804.49,6113223.91],[699503.52,6113909.94],[699041.15,6113779.23],[699094.16,6113716.15],[699322.95,6113739.38],[699378.83,6113401.83],[699302.15,6113321.01],[699237.35,6113365.08],[698705.98,6113175.63],[698540.7,6113032.66],[698142.45,6113112.1],[697934.85,6113314.88],[697759.51,6113105.68],[697777.33,6112885.08],[697608.21,6112834.82],[696666.87,6112827.2],[696904.48,6113005.36],[697020.58,6113355.4],[696891.53,6113416.27],[696834.01,6113552.87],[696398.85,6113652.29],[696123.98,6113462.98],[695465.21,6113542.3],[695261.52,6113304.54],[695191.73,6112681.84],[694953.06,6112470.23],[694730.23,6112481.18],[694603.66,6112744.43],[694510.09,6112591.48],[694404.14,6112571.31],[694378.02,6112693.04],[694572.52,6112919.7],[694430.89,6113076.25],[694023.5,6112885.29],[693982.71,6112944.11],[694004.13,6112890.36],[693931.93,6112834.22],[693928.16,6112907.9],[693820.29,6112756.87],[693543.93,6112669.03],[693414.11,6113124.32],[693719.1,6113576.3],[693809.86,6113891.37],[693476.51,6114675.45],[693174.97,6114890.23],[693171.37,6114994.16],[692363.19,6114907.3],[691874.69,6115185.28],[691958.38,6115260.34],[691831.53,6115382.67],[691846.82,6115466.12],[692119.12,6115748.17],[692116.76,6115910.84],[692398.27,6116459.25],[692516.95,6116920.09],[692706.08,6117053.51],[692693.95,6117184.83],[692908.3,6117324.74],[692976.52,6117518.49],[693795.19,6118066.21],[694076.01,6118182.37],[694193.51,6118157.81],[694204.57,6118223.98],[694209.13,6118158.03],[694372.62,6118163.93],[695054.24,6118612.29],[695545.64,6118706.58],[696362.77,6118711.9],[696863.68,6118873.64],[697091.94,6118681.08],[697143.78,6118436.26],[697024.64,6118112.37],[696823.19,6118161.94],[697032.07,6118044.44],[696847.91,6118115.78],[696901.04,6117951.79],[696588.13,6117641.81],[696450.03,6117329.63],[696518.72,6116076.12],[696352.49,6115290.77],[696352.16,6114907.43],[696222.04,6114802.77],[696166.07,6114456.11],[696331.86,6114217.8],[696558.93,6114202.08],[696703.12,6114002.92],[697297.52,6114163.23],[697514.69,6114119.74],[698031.77,6114678.7],[698160.05,6115101.25],[698065.28,6114664.46],[698246.8,6114709.43],[698338.53,6114883.35],[697859.08,6117292.46],[697884.58,6118527.82],[698090.38,6119234.05],[698497.9,6119818.02],[699640.99,6120669.75],[700491.45,6122498.02],[700889.97,6123042.23],[701015.03,6123029.35],[701350.64,6123116.88],[700971.42,6123048.9],[701046.16,6123178.26],[701124.64,6123134.34],[701331.32,6123236.86],[701537.87,6122883.76],[701602.08,6123108.69],[701937.37,6123517.26],[702902.31,6124316.89],[703338.69,6124464.91],[703796.03,6124470.06],[704568.88,6124866.6],[705517.65,6125698.3],[705839.99,6125827.76],[705925.01,6125716.79],[706298.56,6126067.35],[707202.36,6126405.09],[708233.58,6126611.55],[708801.99,6126412.52],[709497.73,6126345.45],[709676.28,6126258.27],[709904.72,6126307.21],[709969.8,6126272.93],[709925.21,6126119.65],[709989.19,6126277.41],[710383.25,6126339.16],[711047.16,6126364.26],[711563.85,6126291.52],[712401.43,6126408.95],[712932.54,6126139.02],[713253.21,6126183.84],[713485.37,6126438.92],[713521.98,6127016.28],[713689.36,6127618.28],[714056.33,6128169.07],[714178.2,6128234.64],[714209.27,6128177.82],[714477.6,6128083.82],[714275.06,6128186.31],[714437.95,6128283.23],[714484.53,6128128.04],[714569.5,6128215.24],[714635.36,6128152.46],[714535.07,6128088.82],[714517.43,6128009.22],[714866.24,6128332.82],[715113.76,6128435.08],[715788.64,6128272.72],[716003.49,6128637.71],[716233.83,6128686.99],[716918.42,6129069.95],[717295.51,6129758.14],[717683.71,6129917.23],[718053.14,6130611.08],[718793.21,6131001.62],[718938.28,6131491.11],[719144.72,6131642.33],[719364.69,6132338.92],[719333.88,6132922.73],[718826.01,6133622.42],[718739.43,6134180.7],[718633.64,6134385.42],[718675.2,6134685.01],[718592.05,6135199.32],[718744.59,6136055.67],[719140.13,6136994.86],[718710.86,6137272.74],[718616.82,6137468.01],[718605.22,6138353.79],[718415.44,6138862.23],[718007.88,6139379.23],[717829.78,6139478.75],[717527.41,6139972.15],[717095.92,6140188.55],[716496.6,6140966.63],[716449.46,6141125.16],[716497.63,6141177.45],[716511.8,6141228.45],[716481.48,6141298.72],[716436.25,6141325.68],[716399.17,6141311.71],[716486.13,6141185.07],[716382.57,6141208.72],[716386.8,6141293.91],[716362.42,6141199.44],[716231.38,6141208.62],[715944.49,6141502.13],[715607.22,6141707.61],[714867.2,6142572.71],[714343.99,6143005.11],[713889.14,6143528.42],[713060.0,6144160.69],[712620.96,6144040.18],[710844.16,6144416.58],[710097.83,6144430.73],[710124.03,6144340.26],[710055.56,6144243.86],[710077.95,6144430.37],[709594.41,6144286.02],[709132.34,6144347.78],[707642.5,6145123.18],[707227.84,6145227.42],[706115.24,6145874.16],[705648.57,6145916.08],[705168.23,6146109.56],[704172.76,6146637.71],[703867.54,6147013.78],[703791.32,6146930.72],[703486.7,6147048.18],[703724.85,6146826.25],[703899.03,6146494.76],[704281.14,6146369.07],[704503.44,6145780.49],[704290.23,6145767.76],[704181.03,6145856.77],[703916.93,6145780.51],[703608.11,6145833.15],[703440.5,6145101.25],[702684.04,6145045.62],[702661.9,6144736.34],[702391.01,6144712.45],[702185.38,6144577.83],[702285.08,6144317.97],[702111.18,6144153.64],[701846.93,6143437.98],[701907.08,6143240.81],[701836.61,6143095.22],[702071.71,6142510.56],[702255.06,6142273.07],[702216.13,6142085.01],[701995.25,6141804.18],[701995.65,6141354.31],[701586.53,6141569.04],[701477.02,6141393.57],[701092.11,6141269.65],[700954.49,6141132.94],[700981.3,6141029.17],[700872.25,6141001.57],[700379.57,6141242.77],[700310.69,6141387.99],[700058.7,6141487.51],[699923.91,6141715.04],[699494.72,6141196.53],[699000.56,6141378.32],[698849.25,6141129.77],[699010.88,6141037.68],[698953.26,6140984.28],[698972.22,6140597.41],[698609.25,6140546.38],[698450.8,6140353.01],[698073.86,6140652.84],[697977.46,6140510.55],[697762.68,6140429.26],[697508.97,6140504.09],[697534.52,6140683.32],[697434.0,6140788.09],[697092.96,6140626.6],[696942.05,6140749.8],[696919.73,6141032.07],[696738.13,6140994.46],[696346.62,6140660.92],[695746.49,6140438.23],[695604.77,6140788.65],[695205.75,6140094.81],[695015.53,6140488.08],[694808.7,6140564.04],[694866.47,6140624.3],[694794.84,6140754.31],[694374.27,6140777.06],[693947.24,6140953.96],[693961.28,6141654.11],[694225.49,6141843.66],[694216.18,6141922.92],[693951.56,6142009.01],[693874.15,6142111.29],[693642.07,6142125.16],[693408.122,6142311.562],[693099.04,6142838.77],[692797.16,6142850.63],[692440.2,6142724.71],[691707.82,6143002.92],[691490.649,6142985.06],[691330.612,6143310.244],[691030.83,6143560.41],[690945.86,6143568.67],[690668.18,6143280.92],[690456.438,6143310.396],[690210.663,6143213.147],[690108.029,6143291.331],[690128.62,6143616.725],[689813.03,6143637.68],[689784.663,6143576.518],[689555.5,6143698.84],[689195.71,6143658.23],[688792.78,6143738.8],[688624.82,6143864.74],[688158.8,6143840.0],[687574.75,6143498.87],[687142.38,6143972.1],[687018.84,6144344.28],[687290.28,6144616.19],[687209.15,6144930.3],[687278.63,6145260.78],[687058.37,6145644.26],[687158.44,6145928.8],[687056.6,6145970.33],[686936.41,6146209.72],[686434.57,6146277.13],[686265.85,6146572.87],[686061.48,6146606.9],[685755.04,6146838.84],[685715.94,6147286.06],[685510.21,6147562.3],[685488.98,6147782.77],[685639.78,6147829.45],[685542.09,6148529.68],[685619.6,6148933.14],[685754.73,6149102.07],[685829.05,6149505.02],[686223.75,6150028.94],[686202.88,6150086.15],[685972.08,6149993.37],[685752.77,6150061.93],[685667.91,6150264.03],[685826.86,6150399.35],[685788.61,6151013.72],[685560.85,6151128.51],[685323.5,6151521.41],[684972.31,6151625.04],[685134.73,6151747.47],[685085.76,6152079.59],[685003.11,6152304.7],[684893.61,6152338.11],[684959.43,6152576.35],[684830.61,6152855.23],[684726.11,6152899.63],[684552.87,6153221.93],[684624.12,6153666.63],[684218.91,6153922.05],[684296.51,6154499.43],[684290.73,6154712.38],[684195.21,6154829.54],[684438.46,6154941.88],[684534.56,6155672.66],[684334.18,6155726.93],[683928.31,6155677.8],[683795.96,6155865.22],[683883.33,6156635.35],[683946.62,6156796.19],[684088.46,6156849.67],[684012.35,6157055.89],[683860.38,6157162.54],[683801.37,6157457.07],[683888.46,6157706.15],[683759.13,6157850.03],[683591.89,6158426.06],[683283.9,6158920.91],[683029.1,6159111.51],[682601.29,6159212.07],[682536.73,6159101.48],[682388.82,6159133.5],[682329.01,6159317.29],[681927.77,6159278.21],[681841.28,6159105.02],[681647.8,6159121.64],[680996.59,6159340.09],[680921.34,6159689.7],[680706.93,6159987.53],[680775.99,6160239.36],[680465.95,6160263.37],[680389.42,6160618.74],[679560.78,6160579.45],[679430.91,6160945.16],[679584.01,6161247.63],[679521.94,6161332.96],[680221.68,6161831.67],[680139.41,6161992.81],[679955.59,6161938.23],[679764.69,6162173.38],[679723.15,6162905.83],[679851.26,6163239.26],[679510.57,6163571.27],[679038.2,6163822.72],[678992.93,6163740.14],[678523.18,6163913.5],[678398.06,6163818.66],[678250.47,6163831.08],[678001.72,6164128.04],[677836.05,6164087.78],[677790.41,6164153.05],[677784.57,6164608.85],[677910.51,6164778.52],[677851.12,6165130.69],[677465.82,6165793.64],[677072.8,6165859.13],[677052.54,6166026.17],[677123.81,6166124.96],[676915.95,6166408.38],[676892.47,6166873.39],[676682.93,6166976.37],[676587.29,6167212.95],[676424.98,6167327.16],[676255.85,6168348.64],[676317.19,6168562.11],[676164.92,6168568.82],[676042.03,6168733.91],[676109.0,6168916.33],[675994.09,6169722.71],[675756.44,6170048.3],[674871.09,6170535.46],[674829.11,6171562.85],[674354.59,6171634.67],[674287.65,6171573.58],[674221.7,6171633.38],[674265.26,6171968.72],[674485.91,6172110.46],[674585.59,6172310.04],[674619.29,6172689.65],[674713.24,6172755.53],[674883.35,6172699.97],[674899.73,6172891.43],[675331.3,6172893.95],[675428.44,6173026.01],[675334.95,6173519.13],[675378.64,6173959.89],[675325.77,6174099.04],[675384.31,6174194.03],[675568.0,6174006.13],[675812.44,6174015.97],[675888.25,6174188.48],[676089.89,6174188.15],[676301.24,6173986.0],[676247.7,6173481.03],[676336.04,6173303.26],[676428.07,6173301.24],[676576.71,6173231.38],[676621.57,6173227.31],[676566.91,6173309.31],[676787.7,6173332.55],[676534.13,6173397.32],[676349.14,6173865.11],[676352.42,6174219.57],[676200.91,6174368.99],[676359.28,6174557.61],[676512.11,6174475.27],[676667.12,6174525.11],[676756.83,6174750.65],[676471.76,6174843.7],[676407.1,6175245.52],[676452.28,6175514.9],[676195.56,6176034.28],[676096.52,6176052.67],[676000.0,6175910.49],[675861.31,6175895.31],[675601.3,6176022.83],[675554.25,6176171.54],[675468.95,6176156.79],[675388.18,6176306.47],[675350.47,6176554.22],[675465.59,6177619.92],[675216.71,6177975.53],[674838.99,6178819.08],[674141.47,6179316.2],[674053.49,6179624.88],[673728.59,6179874.39],[673545.49,6179705.57],[673564.43,6179440.31],[673981.69,6179392.34],[674257.22,6179190.53],[674129.98,6178701.68],[673899.77,6178452.99],[673496.24,6178580.68],[673540.64,6178822.43],[673389.83,6179048.76],[673326.08,6179085.96],[673495.96,6178862.01],[673440.64,6178595.65],[673199.66,6178656.5],[673322.25,6179018.84],[673101.2,6178597.89],[672679.11,6178704.61],[671976.97,6178353.99],[671637.38,6178277.12],[671177.27,6178344.03],[671194.79,6178391.52],[671086.95,6178439.47],[671167.76,6178350.67],[671041.5,6178365.67],[671105.97,6178502.02],[670846.88,6178656.68],[670903.26,6178603.07],[670848.44,6178501.26],[670958.26,6178417.57],[670936.34,6178290.86],[670436.31,6178346.34],[670420.68,6178276.67],[670412.3,6178465.41],[670694.51,6178596.94],[670665.14,6178638.84],[670174.1,6178359.51],[670277.24,6178352.44],[670251.04,6178235.93],[670144.24,6178320.93],[670169.2,6178239.55],[670087.42,6178253.74],[670140.37,6178398.14],[669964.86,6178188.2],[669747.12,6178131.09],[669337.29,6178092.44],[669332.68,6178233.31],[669291.22,6178253.17],[669335.32,6178092.22],[668513.82,6177965.86],[668181.74,6177773.57],[667579.21,6177643.29],[667254.22,6177748.38],[667284.01,6178095.28],[666712.9,6178143.35],[666582.29,6178239.93],[666744.12,6178468.85],[666571.2,6178603.02],[666879.16,6178686.33],[666506.64,6179326.67],[666590.56,6179450.97],[667107.74,6179695.91],[667701.7,6179646.96],[668601.65,6179917.89],[669111.54,6179937.2],[669822.8,6179879.33],[669986.38,6179792.39],[669900.54,6179858.98],[669980.15,6179971.48],[670036.99,6179807.93],[669999.07,6179985.87],[670800.21,6180027.27],[671033.76,6180155.96],[671244.05,6180402.65],[671412.12,6180459.56],[671757.57,6180486.77],[672276.48,6180395.48],[672581.56,6180460.65],[673278.35,6180955.93],[673451.47,6181180.05],[673765.05,6181172.81],[673854.7,6181106.32],[673808.91,6181051.14],[673882.25,6181107.84],[673845.14,6181818.43],[673803.59,6182051.93],[673788.4,6181854.75],[673628.25,6182007.85],[673291.61,6182040.74],[672924.71,6182206.2],[672673.05,6182392.52],[672713.44,6182466.2],[672638.0,6182378.42],[672604.65,6182455.7],[672410.91,6182469.74],[672153.31,6182897.16],[672047.21,6182953.23],[672087.76,6183001.64],[671940.45,6183427.11],[672467.52,6183991.27],[672680.98,6183815.26],[672553.77,6183509.34],[672711.12,6183117.01],[672884.3,6183068.36],[673212.58,6183449.27],[672982.7,6183899.81],[672606.45,6184140.67],[672434.76,6184359.97],[672338.73,6184711.19],[672354.51,6185112.4],[672191.66,6185461.55],[672204.18,6185609.89],[672068.88,6185767.54],[672050.12,6186023.33],[671471.46,6186481.31],[671397.26,6186594.67],[671461.29,6186673.73],[671269.69,6186815.37],[671026.07,6186736.69],[670657.16,6186231.38],[670156.79,6186070.26],[669455.78,6186077.28],[669416.4,6185821.4],[669094.49,6185526.48],[668367.1,6185419.9],[668077.59,6185158.04],[668007.71,6184868.31],[667822.47,6184627.03],[667317.1,6184299.01],[666541.81,6183991.77],[665561.76,6184003.73],[665164.57,6183850.01],[665086.94,6183981.31],[665033.24,6183807.24],[663897.29,6184495.03],[663884.47,6184567.14],[663760.44,6184564.71],[663891.3,6184585.57],[663761.07,6184604.04],[663699.49,6184632.54],[663676.1,6184666.23],[663803.77,6184611.67],[663732.43,6184659.34],[663802.52,6184708.52],[663862.92,6184604.01],[663874.44,6184736.43],[663974.44,6184730.77],[663989.88,6184620.2],[664002.04,6184728.16],[664155.59,6184719.54],[664192.34,6184495.24],[664177.36,6184748.04],[663836.03,6184772.9],[663665.76,6184699.92],[663622.44,6184808.04],[663731.62,6185203.69],[664112.84,6185452.43],[664689.14,6185597.46],[665226.16,6186028.65],[665818.31,6186260.69],[665923.86,6186374.99],[665955.19,6186465.96],[665801.07,6186836.26],[665953.3,6187284.42],[666272.53,6187443.04],[666440.09,6187441.2],[666105.03,6187754.36],[666221.37,6187824.14],[666061.61,6187800.45],[665987.24,6187953.27],[666879.9,6189091.42],[666930.52,6188931.43],[666936.02,6189052.79],[667361.51,6188948.88],[667833.41,6188999.44],[668310.42,6188816.84],[668787.29,6188479.46],[669522.19,6188259.45],[669853.91,6188328.5],[670122.81,6187836.3],[670277.3,6187984.05],[670570.19,6188612.97],[670829.93,6188875.63],[671232.39,6189505.89],[671205.92,6189684.23],[671319.7,6189897.59],[671274.63,6190026.41],[671457.08,6190029.93],[671484.91,6189902.96],[671491.7,6190040.7],[671300.35,6190055.29],[671133.55,6190606.6],[671084.05,6191113.95],[670885.09,6191545.74],[670648.61,6192000.0],[670312.57,6192297.38],[669877.05,6192869.44],[669502.98,6193769.9],[669525.85,6193953.56],[668984.42,6194528.8],[668385.57,6195375.62],[667109.27,6195862.47],[666919.25,6196040.35],[666843.47,6196704.92],[666735.94,6196854.1],[666741.31,6197158.87],[666654.42,6197308.33],[666672.32,6197578.45],[666856.87,6198215.16],[666945.12,6198301.84],[666911.69,6199261.04],[667115.11,6199564.94],[667189.96,6199566.85],[667249.21,6199607.68],[667119.37,6199584.8],[667106.75,6199648.66],[666827.13,6199532.53],[666790.9,6199663.92],[667067.55,6199818.75],[667174.48,6199659.58],[667249.77,6199700.92],[667301.21,6199779.02],[667147.41,6200000.4],[667193.6,6200033.77],[667336.09,6199864.85],[667310.23,6199742.03],[667417.93,6199872.43],[667589.72,6199854.21],[667864.36,6199741.38],[667993.78,6199523.03],[668301.25,6199804.51],[668542.79,6199873.51],[669308.54,6199669.87],[669405.89,6199506.51],[669320.06,6199137.34],[669472.48,6198690.48],[670308.69,6198313.12],[670910.63,6198197.44],[671979.5,6198892.78],[672085.82,6199055.08],[672100.34,6199773.15],[671858.36,6200318.1],[671844.17,6200508.06],[671919.97,6200598.73],[671857.17,6200568.51],[671788.62,6200679.26],[671738.54,6201050.63],[671927.94,6201756.71],[671912.49,6202176.41],[672046.07,6202510.25],[672042.36,6202881.63],[672261.31,6203141.12],[672558.88,6203314.43],[672689.58,6203308.13],[672809.61,6203200.9],[672848.91,6203195.97],[672897.47,6203271.62],[672820.55,6203201.62],[672736.62,6203326.89],[672802.48,6203363.91],[672851.32,6203279.94],[672879.39,6203315.65],[672912.71,6203289.69],[672927.29,6203311.12],[672751.42,6203433.9],[672969.9,6203333.93],[672791.92,6203474.55],[672820.46,6203549.82],[673233.5,6204193.66],[673478.61,6204388.95],[674034.63,6204363.79],[674137.71,6204175.65],[674059.11,6204000.0],[674135.97,6203772.37],[674344.47,6203919.63],[674246.25,6204816.65],[673450.51,6206478.38],[673306.11,6207006.88],[671960.43,6206209.09],[671826.57,6206220.44],[671656.35,6206010.95],[670925.27,6205507.8],[669977.84,6204466.53],[668970.18,6203778.09],[668067.21,6203408.56],[667021.45,6203192.14],[665602.56,6202524.83],[664577.59,6202402.04],[664108.68,6202532.72],[663993.9,6202789.9],[663469.62,6202849.52],[662930.94,6203113.6],[662121.24,6204133.57],[662079.56,6204537.45],[661979.73,6204628.11],[662073.44,6204555.93],[662055.39,6204643.6],[661771.11,6204862.3],[661268.96,6204829.4],[660213.75,6204256.79],[659415.89,6203958.45],[658384.62,6203665.6],[657416.84,6203545.62],[657011.23,6203585.83],[655893.93,6203956.13],[654962.28,6204465.15],[654289.34,6204361.89],[653837.46,6204426.97],[651246.21,6204449.04],[649724.04,6204860.9],[648688.97,6204998.62],[648069.02,6205435.85],[647952.14,6205420.7],[647958.46,6205521.57],[647907.7,6205432.64],[647828.87,6205556.67],[647807.55,6205496.7],[647688.47,6205567.34],[647737.39,6205605.8],[648030.57,6205524.92],[647984.98,6205561.54],[647327.81,6205688.25],[646601.61,6206172.54],[644472.68,6206838.45],[643813.66,6207165.18],[643292.02,6207627.57],[643064.34,6208074.18],[642616.4,6208588.32],[641996.7,6209602.82]],[[687754.8,6142989.69],[687750.912,6142995.702],[687754.803,6142989.689],[687754.8,6142989.69]],[[687785.16,6142968.39],[687777.346,6142973.294],[687794.027,6142963.458],[687785.16,6142968.39]],[[687781.19,6142909.68],[687791.816,6142915.387],[687759.254,6142893.143],[687781.19,6142909.68]],[[686869.41,6140945.65],[686887.443,6140996.705],[686867.99,6140945.23],[686869.41,6140945.65]],[[686800.982,6140745.364],[686810.21,6140773.46],[686799.02,6140739.39],[686800.982,6140745.364]],[[686414.488,6140508.137],[686414.49,6140508.14],[686414.596,6140508.126],[686414.488,6140508.137]],[[685835.06,6139894.76],[685836.47,6139896.803],[685824.42,6139880.15],[685835.06,6139894.76]]],[[[687574.32,6050108.05],[687261.54,6049998.98],[686234.83,6049906.27],[686475.65,6049831.83],[686222.71,6049832.46],[686093.87,6049866.72],[685906.16,6049863.92],[686210.45,6049820.59],[686571.17,6049821.81],[687528.95,6050047.03],[687554.24,6049996.57],[687574.32,6050108.05]]],[[[687585.0,6049953.53],[687956.61,6050094.36],[687353.25,6049888.89],[687585.0,6049953.53]]],[[[689267.84,6051118.65],[689261.31,6051124.87],[689261.22,6051123.76],[689267.84,6051118.65]]],[[[683948.03,6050602.71],[682950.73,6051462.66],[682735.62,6051664.49],[682704.64,6051872.99],[682704.35,6051702.03],[682920.68,6051401.21],[683483.56,6050896.31],[684326.38,6050302.42],[684920.12,6050058.39],[685570.28,6049908.74],[686302.73,6049961.5],[686814.05,6050133.62],[686760.0,6050241.75],[686436.39,6050138.62],[686295.14,6050000.86],[685870.15,6050000.96],[685750.91,6050076.21],[685546.14,6049976.95],[684843.21,6050136.52],[684388.63,6050316.71],[683948.03,6050602.71]]],[[[665145.3,6052865.56],[665127.22,6052880.11],[665137.22,6052860.82],[665145.3,6052865.56]]],[[[665159.57,6052909.78],[665133.88,6052934.7],[665141.59,6052901.85],[665159.57,6052909.78]]],[[[665104.13,6052952.78],[665082.07,6052950.94],[665096.79,6052933.35],[665104.13,6052952.78]]],[[[664684.34,6052988.47],[664736.57,6053040.27],[664706.02,6053132.19],[664684.34,6052988.47]]],[[[659148.67,6054050.55],[659166.78,6054065.84],[659146.63,6054081.23],[659148.67,6054050.55]]],[[[662115.57,6056019.02],[661846.48,6055957.32],[661565.23,6055771.36],[662055.86,6055616.26],[662178.24,6055645.54],[662208.92,6055928.11],[662115.57,6056019.02]]],[[[662294.98,6056226.7],[662233.65,6056225.07],[662217.21,6056204.24],[662284.18,6056153.58],[662294.98,6056226.7]]],[[[660807.54,6056476.19],[660842.49,6056495.83],[660801.22,6056478.38],[660807.54,6056476.19]]],[[[660861.2,6056515.94],[660880.57,6056531.37],[660879.48,6056540.96],[660861.2,6056515.94]]],[[[661918.29,6057144.17],[661985.69,6057176.47],[661890.41,6057182.25],[661918.29,6057144.17]]],[[[681236.32,6058358.13],[681282.58,6058368.06],[681261.56,6058416.5],[681236.32,6058358.13]]],[[[667224.71,6058748.1],[667839.91,6058241.42],[667984.39,6058334.44],[667530.91,6058670.08],[667224.71,6058748.1]]],[[[666043.42,6059146.36],[666284.43,6058949.32],[666559.51,6059003.75],[666377.39,6059018.58],[666043.42,6059146.36]]],[[[667850.62,6059426.74],[667819.95,6059533.62],[667679.13,6059391.54],[667480.24,6059502.44],[667692.68,6059203.59],[667850.62,6059426.74]]],[[[671396.51,6058973.07],[671542.92,6059480.62],[671507.06,6059757.61],[671272.04,6059123.21],[671396.51,6058973.07]]],[[[682837.89,6059747.93],[682842.17,6059759.54],[682827.13,6059754.14],[682837.89,6059747.93]]],[[[665352.55,6059782.07],[665345.11,6059789.91],[665337.42,6059784.38],[665352.55,6059782.07]]],[[[675816.97,6060754.87],[675735.16,6060707.83],[675794.39,6060690.25],[675816.97,6060754.87]]],[[[681211.77,6066013.72],[681223.18,6066002.16],[681227.49,6066018.09],[681211.77,6066013.72]]],[[[686123.52,6066382.96],[686093.33,6066466.4],[686115.15,6066519.8],[686084.91,6066471.35],[686123.52,6066382.96]]],[[[686030.68,6066758.71],[686124.31,6066855.72],[686075.21,6066834.1],[686019.78,6066753.53],[686041.93,6066597.83],[686084.73,6066558.18],[686030.68,6066758.71]]],[[[681401.72,6066874.54],[681388.48,6066877.96],[681390.67,6066867.26],[681401.72,6066874.54]]],[[[681504.61,6066944.25],[681524.31,6066953.2],[681513.17,6066957.6],[681504.61,6066944.25]]],[[[681731.7,6066989.92],[681741.94,6066992.39],[681738.74,6066997.23],[681731.7,6066989.92]]],[[[682591.52,6066847.19],[682377.23,6067052.28],[682340.64,6066838.57],[682605.89,6066623.85],[682591.52,6066847.19]]],[[[682169.75,6067149.2],[682099.07,6067066.72],[682214.37,6066951.16],[682293.69,6067037.93],[682169.75,6067149.2]]],[[[683964.81,6068071.15],[683799.65,6068005.69],[683871.01,6067850.4],[684410.63,6067571.63],[684884.18,6067480.57],[684935.77,6067479.32],[684956.98,6067496.4],[684545.18,6067646.77],[684463.96,6068025.06],[684318.14,6067949.35],[683964.81,6068071.15]]],[[[684477.09,6068649.55],[684422.15,6068740.15],[684297.78,6068617.79],[684325.42,6068408.57],[684477.09,6068649.55]]],[[[627025.55,6073822.91],[627094.66,6073896.96],[627097.0,6073918.86],[627012.32,6073886.19],[627025.55,6073822.91]]],[[[632791.47,6075222.18],[632865.93,6075300.84],[632719.95,6075222.87],[632685.06,6075289.58],[632636.12,6075200.81],[632791.47,6075222.18]]],[[[632185.96,6076563.19],[631990.21,6076626.23],[631852.8,6076912.82],[631870.84,6076732.52],[632022.9,6076583.27],[632107.16,6076542.42],[632185.96,6076563.19]]],[[[634556.14,6077709.78],[634209.56,6077651.21],[633933.94,6077340.3],[633976.32,6077295.86],[634329.82,6077433.37],[634556.14,6077709.78]]],[[[631410.99,6077777.72],[631429.74,6077768.93],[631480.59,6077809.77],[631410.99,6077777.72]]],[[[631955.84,6077801.18],[631943.5,6077923.2],[632019.32,6078157.79],[631913.97,6077979.4],[631955.84,6077801.18]]],[[[632424.99,6078872.86],[632203.19,6079232.87],[631909.12,6078987.2],[631947.22,6078796.63],[632122.14,6078562.22],[632193.41,6078575.15],[632098.57,6078624.82],[632149.5,6078733.73],[632424.99,6078872.86]]],[[[630770.19,6079311.47],[630821.84,6079392.42],[630842.07,6079539.81],[630572.45,6079318.72],[630770.19,6079311.47]]],[[[660240.72,6079848.83],[660332.67,6079940.61],[660344.94,6080006.04],[660244.95,6079923.25],[660240.72,6079848.83]]],[[[629739.91,6079495.62],[629920.88,6079625.04],[629903.71,6079741.2],[629763.95,6080031.78],[629594.34,6080206.18],[629465.71,6080159.79],[629341.27,6079436.67],[629362.4,6078662.06],[629563.38,6077819.07],[629732.06,6077568.28],[629857.32,6077629.0],[629677.84,6077774.64],[629766.43,6078491.95],[629912.42,6078801.03],[630037.1,6078715.83],[629928.32,6078853.21],[630081.19,6079054.4],[629890.24,6079153.03],[629760.81,6079119.92],[629739.91,6079495.62]]],[[[677823.33,6080234.75],[677878.02,6080370.59],[677939.3,6080466.03],[677805.61,6080309.06],[677823.33,6080234.75]]],[[[631852.02,6080640.71],[631771.91,6081052.05],[631674.24,6080784.74],[631823.32,6080341.32],[631597.86,6079881.44],[631917.68,6079811.96],[632098.57,6079987.9],[632242.77,6080345.25],[632162.67,6080487.37],[631926.32,6080469.28],[631990.72,6080594.32],[631852.02,6080640.71]]],[[[630157.14,6082902.2],[630150.8,6082919.2],[630144.66,6082909.59],[630157.14,6082902.2]]],[[[630048.03,6082894.99],[630070.0,6082942.05],[630068.9,6082946.58],[630048.03,6082894.99]]],[[[657377.63,6084537.64],[657161.55,6084573.98],[656750.74,6084344.32],[657191.9,6084341.17],[657377.63,6084537.64]]],[[[695540.1,6087030.47],[695455.83,6087044.91],[695389.95,6087055.93],[695389.34,6087051.93],[695540.1,6087030.47]]],[[[669141.45,6087959.18],[668969.45,6087937.56],[668794.54,6087732.34],[668642.04,6087288.86],[668682.16,6087179.11],[668798.55,6087187.46],[668999.51,6087382.87],[668778.01,6087205.95],[668690.3,6087216.81],[668813.16,6087640.08],[668966.09,6087677.85],[669252.13,6087921.55],[669538.59,6087838.62],[669722.44,6087603.25],[669753.6,6087528.76],[669767.17,6087521.32],[669707.69,6087728.75],[669536.07,6087903.26],[669141.45,6087959.18]]],[[[660284.32,6087575.51],[660591.63,6087986.23],[660188.65,6088084.94],[659122.99,6087830.91],[658507.34,6087919.48],[658483.22,6087717.87],[658572.81,6087563.98],[658793.91,6087509.24],[659074.06,6087111.29],[659315.14,6087271.57],[659711.53,6086573.56],[659625.0,6086384.59],[659327.28,6086443.8],[659082.84,6086118.93],[658897.42,6086103.89],[658789.72,6086187.75],[658960.74,6085025.11],[659064.93,6084890.6],[659279.7,6084701.47],[659210.24,6084814.16],[659313.85,6084705.85],[659296.7,6084931.37],[659980.76,6084969.81],[660791.82,6085347.05],[661356.99,6085058.4],[661537.97,6085011.15],[661604.22,6085044.33],[661621.63,6085232.17],[661468.67,6085500.28],[660660.79,6085856.17],[660235.53,6086181.73],[660156.2,6086461.42],[659783.85,6086766.95],[659658.86,6086761.37],[659307.65,6087305.1],[659351.93,6087449.62],[659464.63,6087474.31],[659598.57,6087667.54],[659815.27,6087740.3],[659906.22,6087901.51],[660166.32,6087648.95],[660267.17,6087666.94],[660284.32,6087575.51]]],[[[700845.02,6088135.72],[700856.89,6088131.56],[700854.99,6088145.41],[700845.02,6088135.72]]],[[[700101.04,6088071.04],[699972.41,6088145.73],[699981.76,6088081.48],[700101.04,6088071.04]]],[[[631817.76,6089115.94],[631486.01,6089158.04],[631134.68,6088924.08],[630896.35,6088586.88],[630869.11,6088399.96],[630983.77,6088416.1],[630906.76,6088498.82],[631153.44,6088897.52],[631512.86,6089128.7],[631817.76,6089115.94]]],[[[686770.74,6090065.47],[686790.39,6090092.83],[686769.12,6090108.55],[686770.74,6090065.47]]],[[[652034.15,6090173.92],[652030.75,6090181.36],[652028.2,6090176.46],[652034.15,6090173.92]]],[[[652041.39,6090195.53],[652047.26,6090220.73],[652036.9,6090197.06],[652041.39,6090195.53]]],[[[686857.12,6090189.78],[686848.86,6090255.46],[686812.05,6090233.06],[686857.12,6090189.78]]],[[[673130.41,6091949.03],[672722.32,6091955.18],[672644.75,6091861.96],[672836.66,6091805.1],[673072.92,6091900.62],[673340.93,6091807.46],[673422.28,6091825.07],[673130.41,6091949.03]]],[[[638606.65,6092010.98],[638580.06,6092056.44],[638555.02,6092025.2],[638606.65,6092010.98]]],[[[651571.06,6092494.21],[651475.2,6092497.62],[651563.63,6092446.44],[651571.06,6092494.21]]],[[[639930.63,6092607.66],[639552.74,6092566.19],[639156.25,6092412.36],[638959.34,6092155.89],[638858.83,6092137.4],[638755.28,6091916.93],[638490.32,6091996.34],[638408.01,6092120.73],[638092.55,6092026.69],[638034.96,6091858.78],[637644.74,6091665.6],[637268.8,6091247.44],[637001.22,6091286.8],[636919.77,6091425.96],[636660.89,6091558.47],[636446.86,6091517.0],[636397.23,6091462.61],[636491.61,6091270.23],[636419.82,6090880.85],[636473.14,6090788.8],[636371.45,6090700.45],[635541.99,6091202.87],[635211.18,6090913.74],[634958.12,6090997.68],[634917.38,6090932.19],[634952.79,6090978.8],[635056.02,6090945.75],[635036.35,6090883.37],[634940.55,6090940.97],[634986.71,6090897.77],[635046.7,6090875.83],[635151.26,6090901.78],[635229.12,6090865.37],[635226.41,6090592.56],[635696.15,6090218.89],[635832.35,6089851.28],[635812.66,6089461.81],[635885.22,6089351.97],[635831.41,6089243.24],[635761.93,6089236.42],[635522.44,6089830.99],[634934.81,6090141.77],[634923.29,6090282.63],[634830.66,6090196.86],[634311.44,6090304.64],[633985.6,6090108.39],[633836.2,6090104.29],[633752.62,6090150.2],[633713.67,6090369.77],[633497.57,6090383.79],[632932.11,6090122.77],[632619.74,6089844.49],[632407.96,6089319.88],[632010.66,6088746.8],[631650.15,6088491.4],[631386.37,6088105.09],[630419.71,6087596.28],[629984.07,6087038.58],[629725.69,6086240.06],[629285.37,6084274.21],[629490.23,6083849.62],[629471.01,6083314.69],[629685.48,6083226.03],[629829.61,6083016.15],[629892.2,6083099.38],[629870.43,6083012.48],[629908.39,6083121.24],[629868.79,6083270.79],[630106.31,6083559.97],[630214.35,6083532.25],[630361.03,6083255.2],[630344.67,6082954.58],[630141.15,6082858.84],[630232.82,6082852.58],[630202.67,6082801.91],[630055.91,6082779.44],[630265.66,6082762.5],[630162.19,6082356.65],[630490.98,6082227.78],[630690.92,6082294.7],[630615.68,6082284.33],[630681.54,6082405.36],[630680.47,6082485.98],[630660.8,6082381.72],[630622.52,6082331.8],[630591.91,6082343.63],[630645.5,6082528.43],[630824.82,6082865.35],[630980.6,6082973.71],[631215.68,6082866.0],[631281.2,6082749.96],[631149.07,6082101.52],[631251.21,6081968.29],[631363.16,6081950.86],[631537.05,6082149.54],[631772.82,6082241.7],[632261.35,6082178.24],[632272.1,6082064.42],[631942.54,6081516.31],[631917.6,6081310.59],[632151.97,6081276.31],[632432.28,6080830.47],[632617.15,6080821.3],[632718.03,6080698.28],[632844.52,6080424.23],[632776.51,6080051.57],[632843.09,6079830.69],[633461.95,6079831.97],[633597.53,6078872.06],[633403.28,6078460.36],[633490.6,6078348.89],[633802.8,6078546.0],[634101.97,6078438.21],[634262.39,6077948.17],[634076.28,6077963.72],[633999.45,6077907.09],[634028.41,6077815.54],[634515.15,6077985.11],[634404.65,6078235.4],[634472.07,6078250.31],[634553.11,6078013.48],[634556.78,6078313.76],[635047.1,6078443.47],[635236.4,6078437.25],[635507.18,6078246.11],[635868.92,6078162.48],[635996.22,6078204.14],[636135.14,6078403.76],[636444.16,6078260.66],[636336.09,6078415.2],[636490.34,6078446.97],[636643.44,6078196.56],[636806.95,6078146.08],[636754.85,6078141.29],[636987.31,6077932.44],[637427.54,6077791.95],[637237.93,6077734.65],[636667.81,6078089.11],[636319.63,6078045.36],[636426.28,6077934.86],[636380.19,6077879.67],[636146.7,6078040.42],[635802.96,6078015.56],[635695.37,6078089.72],[635516.82,6078027.75],[635629.46,6077545.01],[635743.15,6077445.97],[635710.93,6077336.8],[635495.2,6077351.91],[634945.59,6077044.85],[634754.73,6076709.47],[634532.11,6075935.49],[633984.03,6075773.54],[633834.38,6075906.58],[633582.01,6076399.03],[633227.69,6076437.8],[633083.41,6076790.66],[633147.1,6076973.21],[632990.81,6076984.08],[632849.82,6076725.99],[632852.62,6076085.51],[633173.95,6075901.62],[633216.14,6075655.44],[633688.77,6075286.05],[633620.53,6075029.49],[633233.55,6074753.49],[633053.2,6074427.69],[632414.6,6074384.38],[632310.31,6074466.35],[632244.32,6074374.01],[631449.5,6074326.59],[631258.01,6075334.46],[631016.53,6075823.63],[630931.57,6075613.29],[630423.35,6075597.1],[630157.01,6076050.32],[629913.04,6076222.52],[629700.17,6076262.53],[629637.19,6076370.81],[629577.62,6076350.75],[629638.23,6076353.08],[629715.82,6076208.83],[629570.69,6076338.61],[629515.39,6076292.85],[629622.17,6076201.73],[629550.98,6076165.65],[629498.18,6076315.66],[629482.7,6076284.63],[629573.86,6076102.59],[629468.43,6076057.44],[629011.57,6076251.75],[628563.35,6076623.62],[627551.7,6076721.78],[628125.89,6076282.17],[628971.02,6075864.9],[629410.03,6075264.54],[629091.98,6074599.78],[628854.4,6074507.39],[628484.47,6074123.98],[628162.25,6074035.53],[627693.82,6074236.27],[627561.94,6074205.82],[627273.96,6074017.31],[627129.19,6073508.81],[627073.87,6073582.0],[627126.22,6073692.35],[626964.34,6073750.98],[626935.26,6073922.26],[626816.23,6073908.37],[626984.85,6074088.44],[626946.27,6074158.44],[626826.17,6074158.18],[626759.25,6074059.6],[626621.11,6074156.1],[626415.24,6074641.0],[626317.49,6074645.1],[626278.78,6074782.37],[626200.97,6074781.84],[626106.71,6075059.21],[626137.1,6075224.52],[625927.5,6075596.37],[625807.49,6076117.18],[625762.19,6076820.91],[625981.2,6077281.77],[626102.01,6077303.23],[626419.34,6077154.24],[626456.67,6077262.55],[626419.27,6077520.79],[626031.69,6077858.87],[626008.73,6078057.14],[626131.29,6078217.32],[626591.41,6078031.75],[626856.05,6077798.8],[627039.93,6077817.66],[627618.9,6077383.38],[627543.46,6077542.9],[626482.35,6078360.67],[626197.62,6078440.44],[625873.73,6078309.0],[625621.14,6077938.93],[625566.92,6077478.6],[625739.57,6076468.51],[625713.14,6076006.1],[625878.57,6075485.38],[626220.82,6074672.29],[627044.93,6073512.0],[628506.37,6070892.42],[629041.35,6070212.33],[631059.8,6069168.97],[632950.72,6068424.19],[636445.45,6067579.38],[637413.36,6067117.14],[638817.7,6066723.51],[640863.6,6065813.61],[641720.98,6065630.49],[642307.9,6065383.42],[643401.21,6064677.11],[643739.89,6064588.62],[643986.07,6064675.13],[644294.22,6064643.31],[644928.95,6064263.2],[644892.75,6064371.93],[645028.73,6064635.19],[644949.38,6064377.65],[645214.92,6064351.94],[645824.18,6063994.23],[646886.82,6063063.56],[648088.32,6062272.9],[649408.5,6060625.82],[649595.04,6060187.44],[649493.98,6059884.5],[650085.36,6059320.94],[651273.8,6058445.2],[651338.29,6058854.71],[651252.29,6059004.03],[651437.59,6058943.14],[651431.7,6059057.59],[651580.93,6059213.89],[651673.18,6059129.67],[651392.7,6058835.4],[651448.37,6058788.71],[651652.67,6058885.64],[651608.86,6058743.24],[651710.89,6058774.62],[651642.56,6058691.19],[651781.05,6058757.67],[651710.05,6058578.02],[651797.8,6058610.2],[651888.69,6058514.52],[651503.9,6058350.04],[651331.75,6058373.95],[651474.04,6058337.8],[651841.01,6057946.42],[652278.14,6057684.8],[652273.8,6057559.35],[652418.37,6057499.76],[652508.36,6057603.74],[653117.55,6057253.85],[653171.19,6056857.27],[653224.62,6056697.7],[653299.19,6056557.6],[653394.84,6056745.67],[653303.69,6056576.8],[653145.21,6057223.79],[653314.79,6057147.17],[653375.3,6057357.08],[654154.51,6057010.87],[654022.95,6056711.62],[653554.86,6056569.7],[653579.76,6056661.72],[653502.96,6056465.61],[653547.09,6056559.97],[653869.03,6056625.54],[654051.11,6056716.64],[654172.18,6056808.32],[655152.93,6056783.18],[655822.01,6056367.01],[657985.77,6054594.24],[659627.01,6053693.14],[660436.76,6053042.97],[661863.39,6052528.89],[662247.19,6052487.31],[663384.22,6052658.88],[663517.41,6052695.1],[663613.28,6052895.25],[663390.21,6052824.51],[663189.45,6053048.79],[663035.5,6052716.72],[662315.21,6052556.92],[661578.83,6053064.92],[661339.59,6053040.47],[661202.99,6052902.28],[660960.75,6052912.56],[660757.04,6053268.36],[660316.39,6053247.02],[659721.08,6053719.84],[659110.06,6053995.84],[659005.85,6054174.72],[658895.5,6054211.07],[658902.9,6054302.21],[658983.38,6054388.58],[659104.96,6054375.35],[659053.49,6054463.7],[659674.97,6055123.02],[660478.39,6056226.26],[660752.4,6056339.09],[660687.25,6056421.39],[661159.05,6057085.93],[662085.79,6057219.6],[662068.85,6057293.38],[662110.03,6057314.4],[662097.27,6057223.99],[662368.5,6057277.69],[662313.11,6057150.72],[662505.91,6057138.31],[662680.53,6057211.39],[662755.59,6057521.6],[663006.29,6057447.85],[663438.81,6057467.61],[664126.21,6057693.63],[664248.32,6057869.8],[664207.47,6057971.33],[664462.74,6058332.27],[664547.56,6058341.94],[664525.93,6058447.47],[664567.85,6058351.57],[664569.03,6058592.43],[664443.57,6058745.09],[664579.26,6058992.94],[664945.72,6059173.1],[665748.32,6059100.45],[665636.61,6059279.15],[665526.31,6059253.65],[665142.52,6059509.65],[665200.31,6059895.5],[665283.93,6059898.09],[665294.91,6059786.83],[665433.68,6059851.72],[666324.24,6059654.52],[666577.19,6059677.79],[666734.37,6059862.68],[667003.49,6059798.73],[667112.01,6059936.15],[666950.87,6059947.78],[666950.57,6060045.85],[666620.41,6060194.85],[666589.91,6060329.14],[667007.18,6060492.36],[667008.45,6060573.24],[667532.23,6060488.2],[667705.54,6060340.9],[667770.01,6060383.01],[668118.57,6060244.0],[668204.01,6060017.03],[668536.12,6060053.17],[668876.9,6059962.41],[669063.69,6060064.56],[669419.69,6060061.97],[669503.32,6060135.04],[669420.28,6060212.63],[669486.81,6060415.63],[669678.57,6060505.59],[669907.74,6060411.89],[670249.15,6060447.74],[670563.34,6060350.35],[670956.28,6059934.76],[671175.6,6060010.13],[671216.74,6060092.54],[671112.99,6060064.46],[671138.62,6060124.14],[671410.65,6060165.7],[671470.11,6059900.22],[671714.44,6059991.62],[671694.94,6060107.54],[671807.54,6060198.68],[671716.38,6060244.9],[671787.09,6060350.18],[671581.45,6060454.75],[671605.94,6060561.68],[671721.97,6060611.48],[671897.86,6061054.66],[671966.26,6060932.65],[672055.11,6060954.92],[672025.22,6060838.04],[672196.21,6060728.91],[672182.46,6060442.99],[672585.16,6060442.41],[672794.09,6060613.25],[673355.7,6060783.91],[673445.86,6060698.75],[673435.79,6060763.94],[673514.95,6060738.24],[673472.12,6060690.36],[673570.53,6060741.86],[674271.31,6060486.6],[674448.69,6060306.74],[674731.64,6059612.56],[674963.76,6059428.69],[675423.98,6059636.29],[675567.24,6059842.27],[675702.24,6059862.41],[675726.87,6059987.18],[675687.96,6060067.63],[675648.87,6060009.53],[675558.54,6060064.44],[675616.27,6060194.77],[675449.15,6060433.92],[675526.66,6060652.85],[675459.29,6060730.1],[675529.42,6060845.73],[675735.28,6060799.06],[675743.55,6060935.06],[675844.68,6061021.12],[676098.22,6060817.32],[676089.88,6060566.12],[676354.57,6060238.94],[676271.55,6060024.8],[676006.79,6059845.67],[676035.63,6059660.59],[676663.28,6059402.98],[677398.81,6059411.53],[677752.66,6059570.63],[677899.93,6059457.31],[678445.01,6059467.84],[678659.92,6059317.67],[679332.61,6059253.15],[679678.79,6059310.64],[679892.3,6059067.44],[680298.43,6058953.01],[680520.08,6058752.12],[680815.89,6058641.64],[680969.9,6058695.47],[681212.84,6058615.44],[681230.9,6058731.54],[680911.55,6058865.22],[681165.24,6059031.06],[681222.29,6059280.5],[681386.99,6059322.02],[681538.43,6059162.73],[681740.07,6059122.93],[681852.65,6059240.25],[681774.38,6059494.53],[681834.76,6059658.5],[682190.18,6059606.92],[682263.28,6059463.17],[682564.67,6059561.67],[682659.91,6059691.7],[682838.96,6059702.62],[682793.33,6059857.94],[682516.13,6060143.21],[682154.55,6060385.79],[681725.88,6060505.75],[682016.93,6060494.47],[682037.07,6060596.53],[682199.4,6060661.43],[682373.97,6060903.77],[682737.96,6061040.27],[682846.24,6061192.29],[683215.4,6061357.78],[683515.3,6061340.17],[683677.51,6061352.66],[683273.0,6061505.24],[683088.88,6061833.16],[683377.61,6062144.72],[683667.89,6062306.83],[683860.29,6062314.01],[683904.27,6062394.96],[683652.14,6062627.0],[683046.04,6062935.43],[682968.64,6063191.14],[683528.53,6063327.49],[683774.73,6063311.8],[684261.12,6063505.77],[684387.76,6063704.3],[684191.81,6064116.69],[684335.12,6064222.44],[683785.0,6064748.22],[683548.16,6064687.36],[683563.32,6064584.74],[683391.47,6064493.38],[683203.71,6064664.92],[683015.84,6064650.61],[682799.08,6064745.92],[682771.24,6064692.53],[682373.48,6064909.92],[682298.63,6065019.47],[681433.22,6065495.66],[681428.71,6065593.68],[681301.09,6065610.82],[681490.7,6065722.94],[681465.79,6065838.66],[681220.08,6065930.35],[680966.01,6065784.01],[680907.61,6065696.58],[680849.41,6065652.85],[680826.3,6065649.32],[680840.46,6065803.31],[681165.74,6065946.3],[681081.62,6066061.17],[681149.5,6066141.53],[680999.89,6066178.78],[680802.57,6066468.43],[680869.77,6066705.86],[681005.82,6066824.04],[681098.46,6066799.82],[681522.91,6066999.34],[681672.78,6066933.41],[681660.01,6067006.71],[681832.83,6067156.85],[681790.55,6067303.32],[681680.88,6067378.14],[681565.83,6067343.57],[681525.82,6067452.11],[681373.65,6067482.86],[681278.52,6067605.29],[681344.25,6067713.3],[681333.41,6068027.96],[681604.45,6068277.26],[681515.03,6068308.01],[681409.68,6068184.14],[681267.89,6068245.85],[681419.64,6068250.46],[681366.67,6068337.57],[681460.22,6068322.45],[681487.36,6068453.98],[681160.38,6068811.32],[681266.84,6068928.83],[681175.64,6068999.47],[681104.39,6069139.99],[681032.05,6069086.61],[681076.47,6069150.04],[681126.04,6069154.67],[681338.89,6068909.42],[681294.84,6068780.87],[681467.79,6068637.9],[681594.4,6068690.52],[681923.86,6068597.96],[682165.21,6068204.72],[682451.42,6068014.79],[683351.43,6068101.54],[683317.26,6068380.8],[683573.51,6068405.65],[683820.84,6068733.2],[684013.97,6068760.41],[683984.17,6068894.98],[684392.41,6069143.27],[684540.71,6069487.4],[684341.29,6070781.77],[684125.74,6070931.9],[684010.3,6071334.77],[683854.16,6071391.94],[684284.56,6071629.31],[684251.76,6071677.1],[683769.7,6071586.12],[683877.26,6071825.54],[684162.83,6071934.98],[683784.31,6071915.79],[683714.31,6072680.67],[683774.73,6072803.48],[683449.7,6073265.82],[682747.34,6073717.7],[682787.91,6073614.89],[682707.75,6073605.21],[682728.31,6073748.66],[682232.79,6074013.49],[681916.92,6074534.82],[681433.83,6075042.29],[681180.38,6075165.77],[680822.76,6075198.94],[680751.2,6074865.24],[680618.19,6075469.45],[680267.52,6075531.37],[680191.33,6075431.29],[679997.43,6075473.8],[680051.09,6075630.21],[679909.91,6075767.57],[679849.32,6076038.55],[679393.66,6076391.72],[679344.51,6076506.82],[679024.41,6076594.05],[678889.05,6076856.71],[678786.7,6076842.62],[678841.82,6076954.14],[678755.96,6076965.83],[678663.15,6077238.22],[678596.2,6078211.14],[679035.64,6078903.67],[679158.53,6079641.32],[679467.8,6079816.02],[679403.61,6079876.87],[678538.92,6079575.66],[677287.91,6080237.82],[677186.85,6080365.37],[676564.52,6080375.0],[676526.39,6080657.36],[676177.5,6081070.56],[676145.06,6081680.68],[676019.64,6081835.94],[675945.37,6082150.43],[675693.64,6082470.48],[675777.86,6083284.52],[675925.6,6083380.71],[676103.17,6083815.15],[676232.05,6083798.42],[676166.31,6083872.67],[676294.11,6083976.22],[676103.12,6084109.03],[676015.05,6084293.9],[675874.91,6084331.08],[674649.85,6084005.39],[674264.89,6084049.03],[673615.73,6084371.54],[672165.34,6085452.58],[671560.32,6086028.46],[671369.81,6086492.54],[671041.2,6086473.65],[670810.36,6086608.62],[670528.93,6087034.07],[670262.25,6087037.08],[669885.28,6087212.56],[669406.53,6087052.47],[669216.27,6087109.16],[669087.65,6087287.74],[669029.07,6087225.83],[668974.34,6086992.14],[669058.47,6086731.74],[669514.57,6086220.71],[669876.43,6085586.92],[669566.18,6083653.58],[669647.53,6083423.97],[670150.29,6082955.14],[670177.23,6082262.65],[669726.14,6082154.41],[669313.77,6082165.93],[668721.19,6081508.43],[668252.26,6081227.85],[667552.96,6081064.02],[667216.18,6081219.15],[666951.06,6081230.4],[666513.39,6081598.3],[665766.97,6081977.08],[665371.44,6081659.69],[665233.47,6081370.86],[664870.57,6081278.47],[664613.65,6081341.99],[664455.82,6080652.61],[664705.93,6080199.22],[665038.1,6080049.46],[665402.8,6079398.28],[665585.38,6079300.14],[665988.06,6079326.25],[666280.5,6079044.33],[666556.26,6079011.24],[666631.46,6078764.93],[666564.74,6078609.2],[666771.12,6078597.59],[666968.29,6078467.36],[667532.05,6077710.77],[668025.3,6077417.82],[668456.81,6076992.28],[668843.78,6076449.56],[669291.85,6076108.22],[669372.73,6076118.73],[669509.22,6075879.54],[668834.66,6076382.7],[668441.09,6076928.34],[668312.1,6076924.0],[668308.81,6077015.3],[668107.07,6076952.06],[668097.37,6077049.45],[667768.32,6077288.2],[667526.8,6077352.78],[667178.64,6077793.16],[667064.91,6077756.95],[666764.2,6078342.99],[666374.82,6078565.44],[665828.01,6078428.49],[665453.01,6078459.24],[664797.46,6078170.95],[664749.56,6078232.61],[664670.54,6078180.72],[664517.68,6078360.7],[664470.34,6078323.13],[664051.07,6078775.62],[663727.64,6078753.72],[663397.03,6078627.47],[662873.81,6078780.86],[662621.65,6078714.02],[662529.74,6078802.01],[662253.53,6078797.95],[661744.82,6079035.5],[661265.09,6079131.74],[660896.13,6078865.0],[660347.04,6078974.72],[660102.23,6078842.99],[660045.53,6078856.22],[660116.14,6078897.4],[660103.81,6079003.16],[659911.73,6079329.84],[660150.69,6079564.7],[660083.95,6079641.24],[659824.95,6079431.58],[659735.89,6079512.04],[659872.31,6079639.8],[659951.6,6079585.74],[659921.96,6079689.08],[660036.93,6079716.54],[659927.1,6079752.18],[659682.04,6079581.38],[658996.07,6079942.21],[658625.85,6079684.19],[658474.86,6079733.32],[658376.0,6079834.46],[658390.82,6079986.4],[658255.32,6080123.12],[658214.05,6080338.44],[658360.4,6080703.35],[658261.0,6081171.79],[658449.25,6081438.72],[658514.69,6081716.26],[658168.94,6082303.27],[657014.55,6082582.52],[656692.64,6082480.24],[656556.44,6082348.56],[656329.01,6082356.42],[656221.86,6082079.56],[656134.99,6082039.62],[655805.63,6082209.93],[655711.7,6082345.81],[655735.35,6082533.17],[656064.93,6082857.88],[656006.84,6082886.6],[656046.93,6082960.65],[656090.96,6082893.25],[655973.07,6083091.23],[655308.45,6083109.84],[654586.61,6083743.92],[653907.13,6083787.42],[653497.68,6084218.0],[652900.4,6084402.79],[652637.57,6084568.14],[652066.99,6085370.72],[651595.67,6085654.36],[651427.07,6085929.28],[651376.02,6086219.3],[651509.6,6086896.87],[651161.82,6087584.07],[651287.94,6087685.54],[651259.02,6087960.46],[651264.36,6087698.48],[651161.22,6087673.16],[651191.45,6087842.79],[651125.02,6087828.69],[651105.31,6087940.05],[651347.25,6088058.59],[650936.3,6088098.93],[650418.74,6088533.99],[650188.77,6088621.2],[649597.38,6088694.57],[648925.13,6088920.82],[648659.64,6088797.61],[648546.57,6088821.95],[647539.18,6090444.57],[646896.93,6091136.8],[646276.4,6091490.66],[646224.16,6091627.13],[646310.71,6091872.69],[646223.98,6091664.76],[645916.31,6091713.65],[645617.78,6091862.65],[645266.87,6092244.72],[644828.48,6092342.82],[642105.32,6092432.89],[641083.24,6092587.22],[640281.81,6092544.27],[639930.63,6092607.66]]],[[[654928.38,6093542.59],[654419.0,6093963.16],[654269.01,6093866.38],[654166.12,6093271.26],[654290.32,6093098.15],[654393.76,6092460.45],[654374.32,6091822.26],[654207.88,6091659.78],[653977.6,6091609.18],[653719.43,6091763.84],[653448.16,6092159.19],[653014.5,6092214.45],[652415.46,6092446.63],[652232.29,6092415.15],[652248.18,6092351.14],[652337.93,6092368.11],[652368.54,6092223.09],[652201.66,6091786.76],[651725.57,6091747.6],[651480.48,6091953.36],[651514.65,6092329.39],[651362.65,6092487.6],[651500.72,6092575.32],[651393.8,6092648.01],[651537.41,6092626.97],[651655.78,6092852.68],[651482.85,6093339.49],[650958.51,6093818.97],[650707.49,6093739.29],[650436.64,6093763.0],[650429.28,6093431.76],[650802.21,6092560.49],[650862.86,6092535.39],[650883.79,6092486.86],[650906.66,6092466.67],[650919.07,6092469.08],[650957.07,6092581.92],[651108.05,6092622.09],[651022.96,6092673.35],[651176.45,6092720.21],[651318.49,6092591.62],[651425.05,6091579.33],[652018.12,6090415.45],[651911.69,6090202.78],[651956.35,6090278.08],[651989.79,6090167.14],[652009.24,6090224.2],[652114.55,6090240.08],[652017.56,6090155.15],[652134.94,6090217.03],[653104.81,6089567.96],[653655.66,6089121.69],[653897.63,6088645.53],[654172.22,6088827.1],[654599.44,6089767.93],[655032.14,6090289.87],[655254.4,6090405.89],[655490.23,6090892.74],[655883.7,6091336.32],[655998.65,6091322.61],[655993.77,6091393.81],[656019.16,6091315.53],[656663.15,6091237.73],[657012.18,6091370.2],[657517.28,6091308.45],[657869.95,6091360.33],[658152.2,6091239.21],[658202.18,6091326.84],[658257.6,6091833.07],[658181.18,6092173.54],[657138.02,6093448.5],[656770.55,6093613.9],[656366.8,6093654.53],[655396.28,6093322.15],[654928.38,6093542.59]]],[[[694923.98,6094091.29],[694953.3,6093873.66],[695098.19,6093680.05],[695146.87,6093661.34],[695303.27,6093677.03],[695410.66,6093715.88],[695610.54,6093743.65],[695684.42,6093769.55],[695159.43,6093675.41],[695034.07,6094024.65],[694923.98,6094091.29]]],[[[648400.56,6093496.66],[648354.6,6093744.62],[647992.25,6094098.38],[647785.45,6094125.65],[647354.09,6093931.86],[647491.94,6093487.5],[647500.34,6093218.28],[647405.96,6093189.69],[647396.91,6093166.71],[647498.85,6093207.77],[647714.9,6093016.36],[647946.32,6092966.42],[648252.28,6093438.76],[648400.56,6093496.66]]],[[[691768.38,6093970.5],[691627.91,6094131.78],[691457.09,6093929.87],[691114.72,6093826.51],[691009.47,6093374.9],[691061.42,6093210.39],[691218.5,6093193.52],[691710.52,6092699.24],[691835.61,6092689.72],[692030.07,6092516.16],[692054.81,6092181.06],[691983.21,6091995.34],[691824.81,6091875.82],[691798.71,6091504.42],[691996.52,6090853.77],[692458.47,6090215.36],[693176.28,6089893.45],[694064.49,6089837.2],[694483.85,6089626.07],[695140.31,6089582.88],[695338.11,6089437.81],[695578.24,6089406.8],[695578.15,6089305.63],[695625.55,6089363.14],[695609.68,6089308.02],[696089.03,6089251.91],[696988.84,6088893.59],[697241.02,6089028.69],[698653.43,6088700.79],[697698.89,6088941.47],[697517.64,6089289.49],[697338.38,6089193.45],[697368.12,6089033.82],[697142.71,6089087.4],[697361.76,6089431.26],[697411.85,6089769.63],[697490.96,6089782.55],[697827.6,6090420.44],[697787.26,6090866.76],[697876.93,6090951.64],[697709.67,6090995.45],[697675.41,6091100.1],[697733.12,6091127.38],[697656.25,6091193.79],[697285.41,6091336.18],[697223.51,6091494.02],[697087.65,6091552.69],[696774.32,6091916.96],[696598.89,6092237.64],[696207.12,6092394.74],[695554.21,6092215.93],[694213.91,6092154.95],[693952.56,6091997.7],[694013.86,6091971.98],[693898.24,6091785.12],[693558.67,6091496.46],[692746.0,6091614.93],[692678.85,6091832.73],[692777.43,6091978.18],[692333.07,6092050.29],[692188.05,6092424.92],[692224.08,6092545.66],[692082.53,6092596.92],[691972.44,6092775.27],[691933.72,6093850.84],[691884.62,6093956.21],[691768.38,6093970.5]]],[[[647056.47,6094390.75],[647014.14,6094481.62],[647016.09,6094322.0],[647042.91,6094295.8],[647043.91,6094365.34],[647192.31,6094423.36],[647314.73,6094394.22],[647201.64,6094460.92],[647056.47,6094390.75]]],[[[647681.45,6094566.43],[647509.76,6094566.65],[647387.36,6094349.63],[647523.53,6094535.66],[647615.53,6094513.43],[647572.18,6094406.44],[647681.45,6094566.43]]],[[[646892.96,6094413.25],[646738.04,6094668.52],[646544.03,6094490.01],[646624.91,6094357.2],[646542.47,6094261.86],[646605.96,6093891.66],[646723.5,6093811.69],[647043.64,6093772.59],[646869.13,6093812.43],[646888.47,6093870.38],[646646.71,6093879.7],[646940.2,6093887.32],[647106.4,6094073.28],[647078.85,6094220.22],[646632.71,6094218.85],[646709.91,6094332.82],[646587.52,6094456.25],[646639.41,6094556.27],[646719.37,6094590.57],[646892.96,6094413.25]]],[[[681248.67,6094738.41],[681281.51,6094728.61],[681262.09,6094743.06],[681248.67,6094738.41]]],[[[680867.09,6094878.44],[680606.52,6094689.04],[680717.26,6094413.65],[681031.02,6094177.39],[681126.38,6093981.39],[681049.76,6093150.24],[680838.4,6092320.93],[680749.02,6092186.8],[680591.86,6092242.6],[680466.93,6092112.12],[680265.88,6091518.42],[679998.24,6091553.22],[679428.27,6091293.4],[679240.56,6091628.52],[679111.81,6092092.86],[678653.69,6092610.46],[678635.67,6092763.34],[678375.39,6093124.55],[678208.06,6093307.03],[677864.56,6093473.89],[677718.54,6093651.24],[677617.5,6093717.9],[677596.43,6093759.95],[677127.35,6093942.42],[677396.81,6093955.97],[677556.74,6093835.88],[677630.63,6093714.82],[677627.78,6093799.05],[677672.08,6093762.18],[677591.88,6093886.6],[677360.37,6094003.74],[676312.44,6093999.53],[675574.58,6093790.05],[674894.25,6092668.18],[674891.64,6092491.17],[675477.1,6092337.78],[675271.04,6091756.47],[674816.71,6091687.86],[674605.32,6091886.87],[674272.47,6091981.79],[673713.54,6091073.21],[673347.95,6090823.7],[673294.32,6090584.63],[673462.75,6090393.74],[673645.24,6090331.25],[674067.83,6090420.79],[674386.13,6090347.21],[674954.87,6090434.14],[675435.59,6090357.76],[675836.61,6090397.43],[676021.98,6090263.18],[676253.74,6089758.8],[676592.7,6089311.55],[676670.1,6088735.06],[676594.02,6088462.93],[675887.84,6087395.33],[675744.24,6086474.4],[675893.04,6086023.84],[676198.96,6085491.13],[676293.33,6085519.84],[676688.68,6085352.56],[676843.36,6085098.81],[676779.6,6084492.77],[676420.41,6083841.95],[676709.58,6083737.92],[676767.08,6083354.34],[677033.58,6082797.09],[676856.64,6082393.59],[676855.5,6082184.32],[677300.14,6082309.83],[677774.09,6082072.02],[678694.28,6082060.59],[679212.08,6081515.68],[679922.72,6081362.53],[680239.0,6080942.64],[680110.79,6080207.53],[679837.34,6080032.98],[679892.63,6079965.73],[680213.12,6080079.43],[680354.9,6079857.62],[680725.93,6079773.39],[680794.16,6079258.7],[680408.13,6078527.8],[680351.87,6078071.05],[679648.47,6077512.25],[679579.19,6077220.47],[679932.22,6076735.71],[680163.58,6076508.02],[680554.15,6076301.87],[680761.3,6076038.71],[681092.03,6076063.69],[681980.77,6075826.29],[682438.33,6074723.53],[683102.96,6074485.82],[683167.06,6074307.45],[683218.95,6074347.57],[683432.29,6074181.39],[683884.64,6073702.96],[684061.45,6073440.44],[684046.2,6073345.46],[684343.68,6073183.0],[684017.8,6073239.62],[683973.38,6073087.57],[684039.39,6072959.91],[684036.64,6073140.18],[684178.89,6073038.18],[684058.44,6072913.09],[684452.42,6071972.55],[684603.26,6071988.91],[684501.88,6071802.76],[684754.4,6071639.21],[685024.1,6071215.42],[685576.21,6070635.35],[685639.76,6070461.96],[685287.06,6069963.1],[685065.35,6069804.39],[685083.79,6069043.82],[684737.01,6068628.66],[684801.33,6068175.4],[685598.12,6067956.12],[686898.24,6067355.76],[687232.28,6067472.58],[687480.01,6067284.54],[687452.74,6066777.57],[687003.04,6066240.2],[686853.12,6065709.37],[686305.7,6065099.3],[686152.15,6064673.54],[685776.0,6064389.01],[685496.34,6063933.18],[685517.29,6062857.45],[685043.79,6061366.06],[684886.12,6060407.15],[685072.99,6060097.79],[685377.04,6059093.08],[686620.73,6057475.36],[687123.68,6056390.06],[688156.07,6054959.0],[688388.78,6054476.29],[688796.85,6052986.55],[688786.02,6052372.45],[688659.48,6052158.64],[688653.55,6052105.07],[688764.96,6052201.85],[688782.66,6052051.11],[688812.6,6052210.96],[688880.56,6052220.45],[688907.75,6052000.0],[688758.56,6051969.5],[688690.15,6052066.62],[688761.75,6051943.36],[688601.43,6051371.05],[688961.54,6051331.19],[689003.1,6051131.95],[689060.98,6051010.18],[689107.03,6050988.72],[689021.27,6051265.78],[689107.25,6051189.17],[689090.72,6051293.13],[689177.04,6051312.42],[689186.86,6051133.98],[689258.69,6051226.76],[689263.73,6051131.4],[689328.27,6051186.71],[689292.46,6051097.21],[689317.43,6051061.31],[689340.22,6051188.23],[689430.91,6051115.04],[689325.86,6051021.45],[689214.82,6051027.85],[689213.75,6051017.92],[689312.88,6051008.49],[689596.28,6051044.12],[689868.74,6050955.25],[692039.51,6049785.41],[692249.98,6050366.58],[692222.13,6051569.23],[691345.77,6056953.16],[690997.11,6060471.3],[691054.13,6062424.38],[691665.65,6065044.82],[692066.49,6065859.72],[692455.94,6066413.28],[693754.85,6067747.59],[694164.64,6068030.14],[694333.31,6068307.5],[694794.46,6069135.41],[695608.79,6071930.49],[695953.75,6072452.11],[696352.91,6072791.72],[697231.3,6074458.98],[697659.85,6074897.5],[698259.76,6075801.59],[699363.55,6076315.2],[699883.69,6076714.99],[700119.11,6076806.2],[700314.66,6077012.48],[700950.89,6077911.7],[701046.11,6078731.54],[701275.98,6079430.5],[701488.84,6079625.02],[701586.12,6079561.01],[701541.69,6079693.87],[701654.86,6079629.22],[701589.92,6079525.45],[701599.24,6079504.05],[701833.84,6079826.36],[702121.15,6080031.3],[702327.74,6080024.07],[702922.82,6080262.68],[703105.26,6080707.76],[703302.49,6080907.09],[703270.43,6081076.3],[702811.82,6081879.35],[702597.77,6082423.61],[701867.89,6083010.99],[701399.09,6083751.17],[701017.87,6084055.08],[700691.16,6084501.68],[700264.52,6085539.48],[700146.11,6086667.3],[699780.43,6086766.34],[699110.77,6086720.19],[698515.04,6086775.15],[698241.14,6086991.69],[697118.74,6087249.05],[696399.25,6086943.88],[696159.75,6086672.77],[695911.4,6086783.66],[695755.66,6086723.2],[695504.48,6086905.5],[695537.46,6086995.95],[695481.93,6086913.32],[695368.17,6086956.79],[695380.47,6087064.23],[695314.13,6087075.69],[695379.62,6087057.2],[695344.49,6086948.28],[695190.99,6087013.77],[695289.68,6087084.29],[694988.65,6087052.45],[694958.0,6086967.58],[694783.2,6086929.76],[694332.65,6086938.44],[692958.05,6087307.03],[692413.22,6087350.33],[691754.06,6087769.1],[691553.28,6088198.68],[691382.84,6088219.86],[691570.03,6088395.51],[691523.12,6088680.23],[691325.98,6089106.7],[691134.14,6089291.14],[691224.67,6089443.24],[691133.93,6089398.27],[691180.22,6089460.38],[691069.21,6089492.91],[691047.75,6089614.61],[691119.0,6089644.75],[691046.23,6089650.11],[690968.05,6089828.81],[691015.84,6090268.45],[690844.43,6090797.63],[690836.97,6090992.54],[691020.91,6091072.03],[690963.18,6091107.79],[690999.73,6091376.01],[690579.02,6091806.65],[689978.67,6092037.81],[689449.55,6092121.82],[689103.7,6092063.85],[688465.01,6091697.04],[688174.35,6091693.17],[687914.52,6091588.41],[687378.46,6092033.64],[687301.94,6091858.23],[687400.77,6091417.81],[687345.78,6090145.76],[687265.54,6090040.76],[686900.92,6090289.64],[687020.73,6090129.53],[686997.38,6089808.15],[687118.23,6089709.27],[687101.67,6089459.83],[686935.39,6089351.32],[686782.93,6089430.87],[686088.99,6089459.63],[685153.69,6089984.58],[684986.14,6090428.92],[685008.85,6090642.66],[685155.18,6090897.45],[685106.43,6091026.39],[684773.72,6091090.29],[684418.89,6091457.15],[684459.1,6091579.5],[684057.32,6091826.93],[684020.16,6092008.43],[684151.25,6092193.39],[684281.07,6092305.43],[684461.75,6092269.98],[684555.98,6092324.61],[684339.79,6092320.85],[683705.22,6092915.87],[683637.72,6093045.35],[683831.27,6093403.47],[683771.02,6093435.06],[683717.63,6093362.77],[683414.64,6093473.79],[683387.21,6093608.5],[683383.78,6093506.94],[683371.03,6093714.41],[683424.91,6093693.45],[683527.62,6093931.23],[683469.98,6093942.81],[683400.06,6093745.43],[683283.08,6093719.65],[683279.26,6093575.69],[683086.93,6093537.33],[682656.87,6093722.59],[682752.77,6094045.73],[682606.15,6094123.07],[682482.37,6093778.82],[681971.09,6093874.81],[681767.31,6094010.66],[681568.98,6094376.58],[681179.94,6094740.81],[680867.09,6094878.44]]],[[[698730.64,6094850.05],[698656.87,6094949.38],[698594.0,6094862.27],[698382.17,6094818.53],[698287.32,6094691.3],[698012.97,6094831.66],[697484.95,6094332.41],[697346.57,6094363.26],[697371.55,6094269.68],[697317.85,6094357.01],[697233.36,6094342.25],[696832.24,6094092.94],[696209.55,6093959.04],[695917.99,6093814.79],[697055.77,6093230.73],[697132.85,6093267.65],[697007.34,6093325.53],[696974.74,6093498.76],[697577.6,6093692.92],[697941.49,6093987.56],[698173.59,6093908.21],[698468.33,6093519.37],[698503.47,6093499.25],[698224.31,6094146.7],[698273.76,6094238.36],[698425.32,6094187.17],[698574.49,6094292.74],[698730.64,6094850.05]]],[[[680800.19,6095115.2],[680722.02,6095202.84],[680566.07,6095294.87],[680584.03,6095248.88],[680800.19,6095115.2]]],[[[684218.35,6096054.38],[684390.91,6096181.43],[684458.26,6096202.76],[684220.93,6096173.18],[684218.35,6096054.38]]],[[[661170.85,6096761.35],[660665.87,6096564.05],[660107.25,6096162.8],[659861.38,6095756.73],[659870.66,6095324.88],[660424.01,6094894.31],[660702.22,6094799.78],[660811.69,6094600.31],[660857.88,6094570.54],[660855.05,6094638.5],[660988.31,6094604.67],[660886.24,6094530.23],[661065.21,6094544.54],[661536.75,6093673.22],[661681.21,6092949.25],[662348.92,6092291.0],[662578.89,6091818.11],[662820.06,6092785.68],[663991.7,6094192.03],[664345.2,6094758.05],[664348.39,6094878.06],[663673.32,6095907.28],[663093.9,6096463.82],[662673.62,6096591.7],[661733.95,6096482.86],[661170.85,6096761.35]]],[[[710004.32,6097716.11],[709991.08,6097716.65],[710000.46,6097711.53],[710004.32,6097716.11]]],[[[700295.44,6098043.29],[699874.54,6097659.52],[699640.53,6097891.85],[699515.09,6097916.8],[699323.64,6097884.46],[699044.59,6097528.11],[698761.07,6097623.57],[699086.14,6097487.83],[699324.48,6097034.01],[699171.99,6096759.94],[698521.82,6096153.2],[698502.91,6095886.28],[698657.04,6095607.68],[698906.08,6095898.37],[698856.34,6096126.75],[698917.81,6096190.88],[699279.48,6096143.35],[699390.26,6095978.42],[699446.12,6096000.0],[699473.17,6096751.81],[699601.95,6096912.06],[699713.62,6096906.26],[700391.3,6097947.61],[700295.44,6098043.29]]],[[[683725.13,6098057.04],[683946.92,6098310.29],[683826.67,6098446.14],[683863.88,6098581.57],[683818.41,6098441.82],[683930.4,6098303.65],[683702.51,6098045.31],[683356.06,6098066.03],[683343.37,6097984.35],[683880.91,6097469.99],[684174.23,6097368.95],[684164.44,6097191.17],[684266.27,6097213.89],[684563.96,6096901.97],[684633.02,6096515.54],[684674.15,6096635.06],[684745.44,6096559.2],[684693.36,6096486.02],[684875.63,6096587.29],[684997.02,6096473.3],[685137.48,6096231.08],[685028.44,6096000.0],[685190.84,6096220.05],[685311.29,6096118.69],[685112.74,6095962.65],[685319.57,6096105.93],[685478.21,6096096.08],[685480.62,6096383.61],[685225.94,6096960.24],[685163.98,6097483.25],[684922.81,6097852.58],[684978.5,6098029.02],[684276.93,6098464.26],[683813.44,6097935.16],[683725.13,6098057.04]]],[[[706161.59,6100383.95],[705954.96,6100395.54],[706001.39,6100131.48],[706061.34,6100198.86],[706338.68,6100014.65],[706368.14,6100003.7],[706384.02,6100011.58],[706161.59,6100383.95]]],[[[709871.22,6101329.74],[709916.42,6101337.2],[709907.45,6101366.72],[709871.22,6101329.74]]],[[[710016.64,6101736.38],[709989.95,6101748.18],[709986.54,6101741.98],[710016.64,6101736.38]]],[[[651619.2,6101791.03],[651330.0,6101796.0],[651092.99,6101705.86],[650607.45,6101397.8],[649908.59,6100749.46],[649746.13,6100503.66],[649856.59,6099908.37],[650055.26,6099859.51],[650211.26,6100181.32],[650642.24,6100633.68],[650924.32,6100705.14],[651693.0,6101185.81],[651772.76,6101151.6],[651844.78,6101190.96],[651703.7,6101206.83],[651744.01,6101282.91],[651818.69,6101258.58],[651750.54,6101295.64],[651792.29,6101374.64],[651862.88,6101216.93],[651881.87,6101286.61],[651756.82,6101642.87],[651619.2,6101791.03]]],[[[706832.79,6103119.74],[706699.88,6103188.64],[706632.66,6103078.81],[706733.07,6102800.78],[706866.41,6102910.9],[706832.79,6103119.74]]],[[[706266.24,6104364.93],[706295.87,6104463.88],[706226.52,6104504.42],[706164.36,6104388.23],[706266.24,6104364.93]]],[[[706759.64,6106297.27],[706099.81,6106336.84],[705759.25,6106059.22],[705454.21,6106111.25],[705058.32,6105956.17],[704585.68,6105478.94],[704348.62,6105123.71],[704154.9,6105015.86],[704319.32,6104955.67],[704272.88,6104888.31],[703168.73,6104630.17],[703366.72,6104235.01],[703626.23,6103954.7],[703985.83,6103859.46],[704052.0,6103773.38],[704034.05,6103860.84],[704079.41,6103779.19],[704105.08,6103895.99],[704398.3,6103940.87],[705038.54,6103445.76],[705503.18,6103259.78],[705763.91,6103295.62],[705873.74,6103465.99],[705905.3,6103846.31],[706068.14,6104248.76],[706046.72,6104546.28],[706123.91,6104732.39],[706229.46,6104748.5],[706275.56,6104846.95],[706193.42,6105027.51],[706231.89,6105152.37],[706558.77,6105104.57],[706294.4,6105238.8],[706688.89,6105838.99],[706703.98,6106096.15],[706447.13,6106121.94],[706759.64,6106297.27]]],[[[709042.79,6105884.12],[708299.32,6106442.34],[708107.79,6106389.06],[708077.32,6106308.23],[708212.55,6106295.33],[708200.59,6106199.48],[707846.97,6105995.93],[707755.27,6105817.61],[707790.17,6105678.12],[707122.3,6105481.64],[706934.86,6105300.57],[706932.95,6105159.45],[706848.52,6105235.85],[706675.33,6105070.71],[706510.67,6104291.67],[706670.58,6104142.17],[706762.99,6103777.5],[706931.08,6103665.58],[707440.2,6103629.22],[707473.59,6103939.86],[707548.66,6103995.79],[707792.01,6103912.82],[707836.47,6104039.72],[707995.45,6103940.78],[708114.83,6103697.39],[708269.12,6103594.53],[708431.97,6103600.0],[708338.12,6103475.69],[708347.44,6103322.97],[708486.12,6103183.94],[708596.46,6103159.95],[708582.01,6103251.31],[708849.08,6103048.12],[708903.63,6102865.97],[708993.96,6102862.85],[709054.06,6102559.9],[709181.74,6102606.45],[709263.15,6102528.45],[708855.91,6101945.53],[709187.06,6102373.27],[709325.74,6102413.28],[709496.15,6102229.17],[709461.25,6102121.74],[709588.99,6101916.77],[709719.45,6101815.89],[709707.64,6101659.9],[709902.27,6101466.28],[709858.66,6101720.07],[709974.35,6101700.31],[709968.35,6101782.11],[709868.21,6101905.88],[709782.05,6101895.59],[709784.05,6101977.26],[710020.42,6102000.0],[710122.37,6101622.23],[709904.82,6100853.04],[709672.31,6100371.23],[709310.44,6099876.64],[709184.41,6099541.18],[709306.66,6099175.04],[709696.65,6098786.28],[709819.13,6098533.62],[709897.36,6098176.81],[709887.1,6098102.79],[709801.97,6098045.87],[709774.16,6097996.11],[709847.81,6098068.08],[709910.84,6097995.08],[709827.77,6097954.96],[709892.18,6097907.49],[709954.17,6097976.66],[709907.66,6097888.59],[710180.09,6097655.04],[710226.93,6097687.26],[710209.0,6097636.6],[710431.02,6098015.54],[710627.4,6098054.77],[710702.52,6098188.1],[710829.69,6098197.34],[711126.11,6098414.07],[711023.37,6098667.25],[711121.74,6098656.09],[711155.66,6098833.12],[711328.41,6098753.55],[711348.66,6098594.98],[711267.56,6098455.56],[711397.76,6098287.77],[712022.03,6098050.73],[712416.7,6098087.76],[712524.89,6098251.83],[712708.68,6098291.68],[713623.14,6098451.69],[713786.66,6098390.5],[713982.26,6098527.36],[714465.68,6098481.29],[714611.2,6098396.76],[714459.2,6098231.72],[712784.78,6097902.47],[712282.22,6097514.44],[711928.96,6097448.28],[711236.82,6096843.06],[711131.56,6096413.18],[710760.31,6096121.57],[710681.95,6095869.93],[710495.76,6095782.46],[710317.04,6095861.8],[710028.74,6095721.48],[709990.77,6095771.24],[709860.01,6095540.26],[709583.94,6095377.49],[709340.81,6095413.33],[709126.16,6095576.09],[709262.78,6095714.11],[709474.13,6095779.18],[709472.9,6096085.6],[709640.79,6096410.33],[709606.55,6096639.27],[709844.44,6096913.54],[709809.14,6097016.24],[709911.97,6097103.19],[709877.75,6097220.45],[709961.03,6097393.74],[710177.2,6097575.77],[709897.68,6097782.69],[709769.52,6097654.66],[709844.51,6097808.52],[709682.79,6097889.36],[709430.69,6097929.35],[708616.71,6097689.81],[708206.33,6097182.79],[706704.83,6096732.5],[706320.36,6096381.57],[705694.07,6096013.57],[705383.69,6095928.17],[705365.79,6095800.12],[705249.25,6095786.66],[704965.64,6096223.71],[705027.86,6096662.63],[704949.83,6097019.71],[704692.01,6097162.5],[704587.65,6097319.0],[704117.89,6097556.24],[703985.64,6097527.9],[703411.65,6097760.42],[703089.6,6097762.72],[703015.82,6097971.69],[703030.81,6097779.88],[702769.6,6097801.57],[702637.36,6097905.72],[702832.9,6097191.35],[703323.31,6096738.29],[703546.0,6096364.42],[703762.95,6096192.94],[703714.4,6095894.51],[703646.4,6095837.92],[703525.79,6095903.98],[703081.57,6095869.54],[702720.83,6096060.04],[702623.69,6096189.07],[702401.63,6096213.78],[702163.66,6096070.82],[701327.67,6095820.21],[701406.43,6095582.29],[701349.52,6095477.74],[700883.68,6095385.04],[700704.23,6095171.63],[700475.41,6095060.51],[700205.49,6094628.44],[699824.34,6094594.57],[699771.78,6094481.03],[699880.33,6094083.27],[700066.2,6093768.74],[700450.56,6093375.86],[700840.73,6093226.92],[701124.55,6093014.89],[701550.31,6093011.74],[701559.39,6092980.98],[701014.34,6092415.42],[700766.75,6092383.07],[700150.28,6091866.61],[699873.4,6091809.83],[699412.9,6090620.22],[699434.45,6090398.36],[699301.12,6089989.24],[699709.58,6089897.39],[699862.29,6089460.02],[700126.58,6089301.84],[700166.09,6089108.25],[699176.0,6088795.71],[699000.34,6088629.76],[698675.55,6088692.38],[698992.9,6088607.19],[699094.81,6088428.18],[699472.47,6088307.04],[699498.61,6088172.05],[699620.41,6088325.8],[700085.14,6088370.47],[700348.35,6088310.03],[700590.09,6088468.34],[700729.38,6088407.05],[700834.44,6088464.36],[701095.64,6088269.75],[701498.7,6088357.52],[701833.69,6088276.77],[701891.61,6088060.35],[701725.92,6088031.16],[701630.98,6088151.68],[701451.6,6088130.67],[701579.0,6087785.97],[701481.85,6087705.52],[701270.28,6087752.17],[701055.94,6087672.05],[700836.21,6087782.62],[700993.43,6087917.45],[700813.91,6087990.04],[700735.57,6088138.38],[700662.87,6088048.62],[700548.32,6088169.45],[700345.64,6088018.67],[700344.86,6087821.38],[700460.3,6087633.82],[700870.65,6087084.34],[700902.96,6087054.5],[700908.56,6087054.16],[700916.28,6087062.46],[700909.57,6087142.0],[700927.27,6087040.62],[701046.89,6087016.0],[701593.99,6086072.41],[702928.09,6086164.25],[704012.26,6085902.82],[705725.58,6086335.3],[705989.23,6086562.44],[706523.43,6087349.41],[707154.64,6087938.15],[707954.99,6089744.63],[709158.45,6091073.61],[709552.18,6091799.72],[710372.57,6092940.81],[712741.56,6094944.06],[713831.53,6095532.92],[714913.96,6095968.89],[715523.59,6096099.41],[716677.1,6096188.9],[719548.76,6095882.45],[720492.05,6095664.8],[720703.71,6095507.48],[721039.18,6095512.97],[721598.29,6095358.31],[721691.08,6095306.22],[721660.46,6095189.14],[721808.14,6094935.74],[721671.06,6095191.62],[721696.63,6095292.21],[721793.62,6095247.77],[721794.75,6095091.71],[721884.28,6095168.27],[721859.47,6095073.23],[721889.95,6094951.73],[721951.55,6095137.56],[722015.85,6095113.59],[721968.77,6094901.3],[721815.6,6094912.32],[721761.33,6094860.4],[721969.56,6094870.0],[722022.77,6094982.05],[722407.98,6094930.85],[723218.04,6094680.2],[723729.89,6094402.61],[724728.22,6094134.09],[725357.9,6094278.04],[725775.78,6094211.21],[726386.21,6094444.78],[726505.78,6094389.83],[726865.21,6094701.54],[727434.54,6095926.16],[727416.14,6096709.89],[727314.62,6096894.43],[727253.64,6097423.36],[726965.77,6098381.27],[726725.45,6098805.77],[726613.38,6099209.58],[726298.19,6099443.42],[725196.64,6101327.75],[724938.5,6101375.65],[724402.24,6101687.6],[724221.94,6101688.09],[723976.43,6101828.2],[723596.73,6101806.97],[723009.38,6102120.61],[722663.48,6102141.53],[721263.99,6102826.26],[720959.78,6102740.86],[720624.91,6102753.01],[719616.28,6102898.17],[718565.26,6102628.41],[717501.5,6102872.52],[717072.39,6102888.25],[716503.92,6103065.0],[714792.25,6102859.33],[713788.58,6103003.49],[712725.92,6102811.98],[711661.75,6102955.27],[710249.71,6103597.07],[710034.63,6103772.95],[709503.65,6104560.16],[709042.79,6105884.12]]],[[[702435.94,6106874.66],[702231.02,6106893.17],[702318.29,6106778.08],[702448.85,6106727.75],[702499.58,6106747.49],[702435.94,6106874.66]]],[[[674615.36,6107312.97],[674332.64,6107345.38],[674046.83,6107364.13],[674615.36,6107312.97]]],[[[673924.06,6107372.36],[673534.35,6107466.65],[673650.21,6107413.12],[673924.06,6107372.36]]],[[[705722.26,6107798.41],[706250.95,6108248.31],[706249.75,6108263.01],[706182.57,6108266.29],[705722.26,6107798.41]]],[[[675554.73,6108498.04],[675464.01,6108413.51],[675505.56,6108120.68],[675621.01,6108173.99],[675813.41,6108172.08],[675938.71,6108289.44],[675943.99,6108370.56],[675554.73,6108498.04]]],[[[707526.82,6108569.21],[707638.04,6108612.56],[707642.89,6108621.48],[707591.96,6108625.24],[707526.82,6108569.21]]],[[[697997.42,6108729.78],[698011.48,6108738.27],[698004.09,6108749.54],[697997.42,6108729.78]]],[[[707572.35,6108785.34],[707518.35,6108775.14],[707497.42,6108709.74],[707560.09,6108759.75],[707704.51,6108590.28],[707572.35,6108785.34]]],[[[707290.96,6108798.76],[707324.79,6108806.04],[707326.14,6108821.26],[707290.96,6108798.76]]],[[[707261.35,6108899.37],[707122.7,6108870.14],[707110.78,6108796.03],[707220.13,6108887.17],[707288.64,6108828.08],[707261.35,6108899.37]]],[[[706737.4,6108959.97],[706669.68,6109079.06],[706634.09,6109052.44],[706737.4,6108959.97]]],[[[707230.07,6109325.42],[707080.22,6109280.76],[707325.93,6109275.26],[707239.54,6109203.34],[707416.84,6109169.85],[707440.31,6109062.04],[707808.39,6109040.59],[708109.63,6108805.67],[708176.05,6108676.81],[708131.21,6108529.09],[707843.68,6108439.95],[707908.0,6108082.78],[708173.65,6107786.91],[708559.63,6107522.78],[708708.65,6107285.59],[708615.45,6107270.45],[708908.0,6107235.14],[708971.62,6107506.47],[708740.87,6108143.02],[708544.94,6108242.45],[707970.45,6109050.76],[707548.56,6109273.37],[707637.33,6109217.96],[707230.07,6109325.42]]],[[[675894.14,6111489.66],[675898.2,6111499.28],[675889.3,6111495.68],[675894.14,6111489.66]]],[[[679564.67,6113150.12],[679513.22,6113207.15],[679480.54,6113207.98],[679501.98,6113155.32],[679564.67,6113150.12]]],[[[698870.64,6113896.05],[697539.16,6113772.48],[697311.82,6113568.81],[697568.44,6113455.58],[697751.99,6113496.26],[698191.41,6113271.6],[698242.83,6113555.97],[698484.29,6113575.61],[698550.4,6113688.17],[699019.61,6113702.45],[698870.64,6113896.05]]],[[[694578.8,6113917.95],[694416.07,6113788.85],[694675.5,6113688.54],[694672.24,6113850.77],[694578.8,6113917.95]]],[[[674972.19,6114053.59],[674969.46,6114109.39],[674960.56,6114107.83],[674972.19,6114053.59]]],[[[695407.23,6114189.12],[695062.1,6114090.05],[694988.75,6113967.77],[695040.22,6113844.73],[695355.89,6113893.2],[695676.02,6113805.08],[695673.01,6113962.7],[695407.23,6114189.12]]],[[[672847.8,6114372.87],[672851.55,6114364.43],[672837.27,6114441.39],[672847.8,6114372.87]]],[[[673305.34,6114559.49],[673184.41,6114509.89],[673131.3,6114372.44],[673023.02,6113375.82],[672992.44,6113334.01],[672978.65,6113647.33],[672905.34,6113242.01],[673035.17,6112085.43],[673240.41,6111921.59],[673348.7,6112023.89],[673464.22,6112607.19],[673900.2,6113402.0],[673765.61,6113670.52],[673332.41,6114012.04],[673508.98,6114459.37],[673305.34,6114559.49]]],[[[672079.67,6114766.14],[672061.95,6114766.67],[672078.71,6114757.84],[672079.67,6114766.14]]],[[[672603.66,6114836.36],[672577.23,6114737.16],[672726.12,6114682.71],[672692.46,6114753.28],[672603.66,6114836.36]]],[[[671900.49,6115043.32],[671941.66,6115119.34],[671856.72,6115195.6],[671855.49,6115091.6],[671900.49,6115043.32]]],[[[671987.72,6115439.93],[671817.25,6115416.25],[671796.93,6115339.18],[672037.74,6115159.79],[672289.27,6115303.38],[671987.72,6115439.93]]],[[[638830.32,6115524.24],[638658.18,6116133.27],[638776.95,6116627.73],[637859.57,6115887.79],[637705.04,6115883.3],[637693.12,6115978.08],[637619.52,6116023.09],[637679.85,6115907.59],[637577.88,6116008.58],[637536.91,6115922.49],[637545.34,6116011.35],[637622.91,6116085.0],[637492.89,6116061.81],[637064.93,6115694.63],[636607.71,6115143.86],[635902.48,6114664.13],[636406.68,6114098.14],[636533.43,6113692.16],[636543.23,6113219.04],[637081.71,6112485.74],[637209.35,6112738.58],[637404.56,6113593.15],[637816.18,6114557.88],[638124.79,6114950.01],[638525.85,6115189.04],[638830.32,6115524.24]]],[[[669546.48,6117162.21],[669284.02,6117160.2],[669413.23,6117101.94],[669546.48,6117162.21]]],[[[668331.75,6117543.67],[668475.1,6117593.3],[668474.34,6117595.4],[668331.75,6117543.67]]],[[[668970.37,6117877.48],[668923.98,6117833.19],[669000.24,6117867.94],[668970.37,6117877.48]]],[[[669395.27,6117875.9],[669283.94,6117795.56],[669433.86,6117688.69],[669395.27,6117875.9]]],[[[669731.1,6117895.05],[669676.95,6117899.38],[669716.05,6117858.25],[669731.1,6117895.05]]],[[[670106.62,6117921.36],[670099.56,6117961.53],[670082.11,6117937.33],[670106.62,6117921.36]]],[[[669916.14,6117984.75],[669928.92,6118087.1],[669872.65,6118024.81],[669916.14,6117984.75]]],[[[670625.59,6118030.23],[670575.48,6118095.36],[670532.32,6118019.24],[670213.15,6118054.22],[670147.09,6117967.28],[670201.12,6117925.19],[669917.74,6117646.96],[669829.56,6117339.01],[669475.02,6117079.46],[669279.45,6117092.21],[669236.73,6117210.34],[669639.35,6117363.65],[669673.67,6117468.92],[669335.29,6117510.15],[669274.8,6117664.45],[669143.32,6117623.65],[668914.61,6117792.6],[668541.5,6117629.5],[668540.42,6117569.36],[667967.86,6117413.4],[668581.12,6117574.08],[668969.23,6116771.08],[669599.65,6116095.51],[670715.0,6115924.2],[671720.99,6114933.62],[672345.73,6114104.38],[672679.83,6113866.04],[672879.73,6113840.81],[672758.07,6114042.8],[672673.39,6114029.58],[672701.33,6114082.84],[672558.31,6114025.59],[672493.48,6114069.07],[672578.11,6114100.99],[672462.65,6114081.84],[672529.72,6114121.53],[672432.71,6114142.64],[672308.36,6114230.47],[672534.0,6114131.8],[672396.46,6114234.79],[672842.53,6114262.76],[672776.9,6114412.45],[672720.47,6114363.67],[672597.32,6114505.42],[672710.67,6114410.54],[672797.86,6114434.32],[672722.65,6114619.41],[672534.01,6114730.37],[672511.99,6114901.04],[672251.72,6115065.6],[672055.36,6115018.96],[672032.04,6114905.36],[672171.33,6114706.83],[672192.49,6114601.19],[672033.91,6114771.43],[671948.14,6114990.06],[671869.47,6114969.07],[671791.98,6115095.23],[671661.48,6115598.74],[671411.47,6115760.52],[671136.85,6115779.32],[670679.97,6116136.4],[670469.48,6116906.43],[670468.1,6117123.39],[670562.28,6117286.92],[670504.13,6117656.94],[670625.59,6118030.23]]],[[[670527.45,6118127.62],[670575.2,6118130.47],[670547.86,6118159.65],[670527.45,6118127.62]]],[[[651283.53,6118160.35],[651290.19,6118174.23],[651252.55,6118171.52],[651283.53,6118160.35]]],[[[651041.68,6118141.24],[651198.5,6118175.54],[650975.66,6118155.66],[651041.68,6118141.24]]],[[[651477.17,6118218.01],[651459.6,6118475.78],[651408.68,6118353.36],[651477.17,6118218.01]]],[[[640098.19,6118681.16],[640115.95,6118688.39],[640114.22,6118691.47],[640098.19,6118681.16]]],[[[656866.22,6118733.38],[656820.96,6118755.57],[656789.43,6118747.47],[656800.81,6118713.94],[656866.22,6118733.38]]],[[[652726.35,6118895.57],[652746.81,6118889.55],[652748.24,6118905.53],[652726.35,6118895.57]]],[[[652985.85,6118832.26],[652936.28,6118982.39],[652919.78,6118986.76],[652878.36,6118893.99],[652985.85,6118832.26]]],[[[652684.51,6119000.47],[652701.07,6119002.87],[652694.94,6119006.53],[652684.51,6119000.47]]],[[[652667.79,6119015.66],[652675.95,6119022.94],[652667.16,6119021.34],[652667.79,6119015.66]]],[[[652758.57,6119026.59],[652763.64,6119037.37],[652753.81,6119042.37],[652758.57,6119026.59]]],[[[643727.8,6119221.62],[643737.91,6119225.26],[643730.49,6119227.86],[643727.8,6119221.62]]],[[[643696.79,6119258.16],[643706.69,6119262.27],[643699.17,6119264.51],[643696.79,6119258.16]]],[[[657368.12,6119254.41],[657345.95,6119289.6],[657339.85,6119257.54],[657368.12,6119254.41]]],[[[643648.09,6119331.44],[643658.88,6119332.83],[643652.75,6119337.84],[643648.09,6119331.44]]],[[[643664.06,6119344.38],[643675.04,6119345.44],[643668.99,6119350.66],[643664.06,6119344.38]]],[[[643679.7,6119355.71],[643690.47,6119358.91],[643683.43,6119362.87],[643679.7,6119355.71]]],[[[643695.5,6119368.8],[643706.31,6119370.28],[643700.12,6119375.25],[643695.5,6119368.8]]],[[[671076.09,6119329.31],[670996.78,6119450.19],[670677.16,6119485.37],[670424.03,6119281.85],[670396.5,6119069.1],[670596.38,6118964.13],[670760.66,6118999.3],[671278.74,6119342.32],[671150.26,6119394.31],[671076.09,6119329.31]]],[[[642936.01,6119790.24],[642946.67,6119793.68],[642939.32,6119796.98],[642936.01,6119790.24]]],[[[658415.25,6119796.25],[658428.51,6119815.82],[658408.61,6119812.91],[658415.25,6119796.25]]],[[[658269.8,6119858.67],[657965.68,6119813.81],[657693.13,6119634.88],[657280.57,6119045.17],[657653.77,6119008.78],[658554.19,6119693.51],[658361.24,6119773.57],[658288.41,6119667.72],[658269.8,6119858.67]]],[[[652883.76,6119745.43],[652910.63,6119836.78],[652862.23,6119912.22],[652805.06,6119840.7],[652883.76,6119745.43]]],[[[658304.04,6119952.13],[658317.55,6119970.06],[658301.34,6119958.69],[658304.04,6119952.13]]],[[[658351.65,6119929.11],[658376.06,6119972.74],[658339.36,6119959.45],[658351.65,6119929.11]]],[[[642819.39,6120000.0],[642829.37,6120003.94],[642821.82,6120005.96],[642819.39,6120000.0]]],[[[674393.21,6120007.65],[674443.18,6120014.25],[674405.44,6120026.53],[674393.21,6120007.65]]],[[[656721.75,6120345.09],[656243.04,6120368.33],[656156.84,6120282.02],[656142.92,6120028.36],[656317.43,6119984.84],[656476.31,6120074.8],[656721.75,6120345.09]]],[[[672923.8,6120491.89],[672829.1,6120350.69],[673066.93,6120267.89],[673081.46,6120337.34],[672923.8,6120491.89]]],[[[671797.17,6120576.86],[671809.87,6120569.86],[671837.03,6120579.69],[671797.17,6120576.86]]],[[[672288.13,6120715.8],[671906.78,6120592.62],[671953.6,6119745.59],[671451.21,6119104.82],[671422.75,6118714.17],[671210.75,6118140.68],[671235.24,6117997.72],[671392.73,6117893.75],[671245.69,6117858.92],[671110.2,6117630.31],[671147.01,6117461.18],[671385.56,6117224.56],[671638.72,6117214.85],[671940.36,6117508.2],[672276.42,6117580.87],[672534.38,6117462.36],[672772.94,6117462.54],[672980.32,6117284.19],[673133.27,6117335.57],[673199.4,6117443.4],[673116.72,6117600.6],[673151.53,6117823.78],[672959.42,6117986.54],[673218.79,6118050.45],[673255.37,6118669.67],[673528.3,6119171.17],[673830.97,6119441.12],[673792.95,6119664.6],[673917.55,6119968.94],[672883.14,6120190.11],[672323.75,6120606.66],[672288.13,6120715.8]]],[[[655129.39,6121273.37],[655206.71,6121262.6],[655216.91,6121289.63],[655129.39,6121273.37]]],[[[642925.45,6121792.66],[642964.11,6121788.55],[642958.23,6121809.54],[642925.45,6121792.66]]],[[[643047.38,6122057.6],[642960.59,6122176.26],[642915.1,6122275.63],[642993.72,6122101.56],[643047.38,6122057.6]]],[[[638594.32,6123247.92],[638640.5,6123267.02],[638641.21,6123270.75],[638594.32,6123247.92]]],[[[644565.55,6123531.18],[644581.66,6123540.21],[644567.88,6123541.16],[644565.55,6123531.18]]],[[[644748.6,6123820.55],[644841.31,6123901.07],[644758.06,6123872.69],[644748.6,6123820.55]]],[[[641992.95,6124243.95],[641954.59,6124260.01],[641926.29,6124244.59],[641992.95,6124243.95]]],[[[642364.17,6124756.83],[642334.7,6124667.09],[642374.71,6124612.2],[642425.45,6124727.77],[642364.17,6124756.83]]],[[[638222.76,6124856.1],[637993.2,6124819.7],[637881.78,6124597.54],[637956.62,6124387.61],[638219.46,6124122.61],[638270.99,6123892.05],[638203.27,6123476.83],[638057.34,6123290.42],[638028.04,6122724.84],[638394.48,6119062.21],[639620.74,6118431.17],[639950.72,6118128.96],[640427.76,6117873.53],[640634.88,6117532.63],[640816.0,6117478.84],[641093.89,6117720.09],[641068.09,6118427.26],[641257.26,6118879.8],[641277.65,6119123.7],[641219.1,6119203.71],[641085.24,6119212.73],[641244.75,6119135.87],[641190.56,6119151.67],[641131.96,6118868.97],[641003.62,6118780.44],[640974.03,6118209.23],[640887.48,6118334.71],[641043.25,6117956.03],[640918.0,6118188.84],[640817.23,6118188.67],[640673.9,6118046.02],[640603.31,6117765.96],[640325.59,6118053.48],[640497.85,6118010.22],[640393.22,6118096.98],[640457.25,6118128.33],[640298.35,6118187.52],[640280.15,6118294.56],[639965.31,6118365.83],[639966.85,6118488.93],[639852.67,6118553.59],[639822.59,6118527.15],[639711.29,6118539.03],[639830.79,6118537.62],[639900.24,6118674.26],[639805.81,6118716.98],[639858.8,6118837.61],[640056.23,6118702.25],[640301.07,6118661.46],[640448.98,6119160.89],[640290.22,6119381.09],[640212.22,6119747.82],[639826.98,6120292.03],[639899.39,6120384.81],[639897.39,6120472.62],[639833.51,6120379.11],[639797.92,6120538.83],[639914.55,6120469.46],[639911.78,6120557.28],[639819.95,6120585.3],[639709.85,6121297.61],[639525.57,6121749.99],[639284.77,6121995.75],[638763.81,6122289.19],[638531.6,6122570.85],[638521.96,6122725.38],[638692.81,6122937.37],[638661.65,6123048.41],[638582.19,6123045.22],[638664.92,6122941.18],[638492.07,6122700.22],[638416.24,6122788.77],[638570.7,6122974.85],[638525.76,6123410.31],[638233.72,6123173.81],[638137.74,6123220.97],[638218.57,6123366.48],[638458.05,6123402.88],[638311.94,6123431.64],[638426.43,6123508.94],[638260.69,6123475.83],[638383.78,6123690.71],[638526.16,6123423.87],[638581.51,6123505.47],[638753.9,6123385.98],[638650.21,6123254.04],[638764.74,6123345.68],[638915.55,6123638.82],[639191.63,6123622.34],[639246.69,6123734.94],[639037.07,6124311.65],[638222.76,6124856.1]]],[[[646050.39,6127961.15],[646024.67,6128051.69],[645929.73,6128077.45],[645967.4,6127964.88],[646050.39,6127961.15]]],[[[634602.53,6133680.85],[634429.32,6133823.07],[634606.73,6133665.72],[634602.53,6133680.85]]],[[[626065.84,6134383.43],[626166.09,6134538.66],[626041.05,6134648.72],[625558.46,6134417.89],[625093.63,6134351.33],[624547.07,6133882.0],[624229.66,6133401.29],[623831.91,6133138.18],[623405.59,6132710.28],[623501.0,6132669.02],[624008.86,6133031.05],[624731.78,6133172.15],[624787.52,6133127.29],[624867.43,6133137.59],[624748.5,6133186.48],[624833.91,6133168.01],[626018.01,6133719.65],[626118.98,6133799.25],[625182.24,6133406.58],[624962.63,6133449.31],[625408.82,6133708.01],[626333.59,6133940.37],[626364.03,6134036.59],[626282.41,6134090.69],[625345.95,6133813.52],[625464.24,6133995.28],[626065.84,6134383.43]]],[[[719256.05,6135989.92],[719245.16,6135996.14],[719244.56,6135991.38],[719256.05,6135989.92]]],[[[719262.04,6136039.63],[719251.0,6136045.85],[719250.45,6136040.9],[719262.04,6136039.63]]],[[[719254.51,6136066.66],[719272.05,6136122.3],[719261.27,6136123.58],[719254.51,6136066.66]]],[[[719274.74,6136143.12],[719263.78,6136149.48],[719263.19,6136144.48],[719274.74,6136143.12]]],[[[719280.82,6136192.72],[719269.84,6136198.99],[719269.27,6136194.07],[719280.82,6136192.72]]],[[[635469.45,6137803.87],[635490.66,6137801.39],[635490.53,6137810.47],[635469.45,6137803.87]]],[[[631409.72,6150406.76],[631119.3,6149809.46],[631034.61,6149492.28],[631214.39,6149591.55],[631819.93,6149600.58],[632003.14,6149689.01],[631972.47,6149828.08],[631846.37,6149870.04],[631387.89,6149860.72],[631378.19,6150166.81],[631562.22,6150401.93],[631409.72,6150406.76]]],[[[632048.44,6150671.37],[632140.53,6150707.32],[632088.29,6150766.68],[632060.18,6150747.79],[632048.44,6150671.37]]],[[[633899.07,6154981.89],[633908.06,6154984.2],[633911.68,6154993.93],[633899.07,6154981.89]]],[[[633923.02,6155037.07],[633928.2,6155037.06],[633924.98,6155049.97],[633923.02,6155037.07]]],[[[633893.34,6155060.02],[633897.74,6155058.91],[633896.17,6155063.17],[633893.34,6155060.02]]],[[[633665.17,6155310.17],[633555.41,6155224.93],[633604.38,6155146.42],[633728.32,6155246.59],[633665.17,6155310.17]]],[[[633542.21,6155547.81],[633553.46,6155550.76],[633539.15,6155550.92],[633542.21,6155547.81]]],[[[634131.18,6155570.27],[634019.32,6155607.39],[634028.7,6155553.32],[634131.18,6155570.27]]],[[[634103.35,6155712.12],[634056.64,6155686.95],[634108.77,6155707.79],[634103.35,6155712.12]]],[[[635269.53,6156286.5],[635171.17,6156408.16],[635167.38,6156259.48],[635269.53,6156286.5]]],[[[635092.9,6156455.66],[635101.48,6156468.32],[635085.7,6156474.07],[635092.9,6156455.66]]],[[[635741.07,6156573.47],[635816.55,6156657.02],[635720.82,6156605.99],[635741.07,6156573.47]]],[[[631237.52,6170672.89],[631239.68,6170691.44],[631229.02,6170683.13],[631237.52,6170672.89]]],[[[631170.97,6170757.93],[631173.32,6170776.28],[631162.81,6170768.32],[631170.97,6170757.93]]],[[[630353.53,6170768.76],[630357.56,6170777.12],[630351.37,6170774.99],[630353.53,6170768.76]]],[[[631546.35,6170948.27],[631557.69,6170951.41],[631550.14,6170955.12],[631546.35,6170948.27]]],[[[631513.52,6170965.5],[631522.02,6170968.07],[631516.78,6170971.02],[631513.52,6170965.5]]],[[[631447.27,6170979.37],[631460.26,6170982.46],[631452.36,6170987.52],[631447.27,6170979.37]]],[[[675465.92,6172421.72],[675392.62,6172499.1],[675376.21,6172567.77],[675341.28,6172598.22],[675391.79,6172457.7],[675465.92,6172421.72]]],[[[675134.07,6172643.53],[675149.25,6172642.57],[675134.47,6172652.36],[675134.07,6172643.53]]],[[[675651.36,6172993.36],[675542.6,6173014.92],[675600.68,6172971.36],[675651.36,6172993.36]]],[[[675958.78,6172880.66],[676035.2,6173040.81],[675942.84,6172968.45],[675958.78,6172880.66]]],[[[676212.24,6173193.82],[676225.13,6173200.85],[676242.18,6173216.51],[676212.24,6173193.82]]],[[[675673.63,6173940.51],[675682.59,6173943.55],[675682.52,6173967.27],[675673.63,6173940.51]]],[[[641065.22,6178837.57],[641065.15,6178895.47],[641034.38,6178848.76],[641065.22,6178837.57]]],[[[637285.85,6179133.64],[637311.17,6179159.24],[637289.29,6179167.81],[637285.85,6179133.64]]],[[[670878.92,6179617.16],[670823.47,6179577.09],[670695.45,6179586.38],[670849.29,6179529.6],[670878.92,6179617.16]]],[[[644394.29,6180174.87],[644405.07,6180180.3],[644395.28,6180191.14],[644394.29,6180174.87]]],[[[673318.74,6180884.44],[673330.35,6180970.31],[673324.38,6180967.44],[673318.74,6180884.44]]],[[[676360.77,6181268.23],[676375.88,6181275.34],[676374.78,6181279.28],[676360.77,6181268.23]]],[[[676328.18,6181264.73],[676347.94,6181275.63],[676343.43,6181282.28],[676328.18,6181264.73]]],[[[676211.42,6181368.17],[676226.82,6181382.84],[676217.85,6181383.25],[676211.42,6181368.17]]],[[[676339.96,6181291.98],[676275.96,6181442.28],[676224.78,6181325.39],[676339.96,6181291.98]]],[[[676012.26,6181505.42],[676047.5,6181471.47],[676057.01,6181504.99],[676012.26,6181505.42]]],[[[676136.57,6181464.59],[676071.15,6181494.83],[676098.08,6181441.12],[676136.57,6181464.59]]],[[[675755.19,6181518.86],[675767.94,6181359.57],[676012.25,6181377.83],[675956.68,6181487.47],[675911.6,6181440.66],[675755.19,6181518.86]]],[[[676850.57,6180786.37],[676731.01,6181476.01],[676633.71,6181541.02],[676500.42,6181433.73],[676594.11,6181209.7],[676376.66,6181239.74],[676668.37,6181073.99],[676570.78,6180966.55],[676474.1,6180545.05],[676590.52,6180403.02],[676688.5,6180438.05],[676983.84,6180300.99],[676821.59,6180587.35],[676850.57,6180786.37]]],[[[678061.33,6181391.74],[678350.06,6181587.33],[678359.9,6181634.73],[678333.58,6181730.9],[678332.8,6181581.99],[678076.93,6181423.88],[677737.39,6181506.04],[677820.89,6181406.95],[677776.27,6181195.86],[677977.12,6181200.18],[678061.33,6181391.74]]],[[[647822.01,6182564.72],[647936.72,6182597.06],[647945.23,6182607.92],[647822.01,6182564.72]]],[[[674699.91,6183032.4],[674529.65,6183081.23],[674458.63,6183026.34],[674699.91,6183032.4]]],[[[649051.68,6184062.23],[649067.78,6184071.41],[649063.98,6184081.86],[649051.68,6184062.23]]],[[[674147.02,6184826.32],[674166.82,6184833.05],[674153.14,6184839.64],[674147.02,6184826.32]]],[[[643252.88,6185713.16],[643043.31,6185628.45],[642971.69,6185443.05],[642908.09,6184980.25],[642982.38,6184572.52],[643534.25,6183649.14],[643727.81,6183465.28],[643841.38,6182886.31],[644149.31,6182721.66],[644229.63,6182520.12],[644787.4,6182275.84],[644573.4,6182481.62],[644421.64,6182816.44],[644505.94,6183072.32],[644442.73,6183358.4],[644531.05,6183557.75],[643963.23,6184073.36],[643964.32,6184159.22],[644107.18,6184199.82],[643913.5,6184163.93],[643612.98,6184515.14],[643896.19,6184970.6],[643822.96,6185322.16],[643491.72,6185452.47],[643252.88,6185713.16]]],[[[677231.39,6188453.77],[676994.5,6188414.45],[676845.69,6188240.2],[676862.93,6187762.86],[677212.25,6187275.27],[677126.43,6187070.98],[677004.14,6187016.6],[677084.96,6186866.98],[676894.75,6185875.48],[676818.13,6185894.7],[676824.42,6185764.9],[676597.03,6185469.39],[676283.96,6185533.59],[676089.02,6185771.32],[676019.43,6185703.97],[675991.23,6185708.27],[675875.1,6186080.98],[675787.77,6186005.81],[675603.33,6186169.36],[675575.71,6186426.07],[675516.27,6186439.93],[675561.02,6186528.98],[675429.28,6186536.04],[675394.65,6186456.9],[675271.24,6186446.73],[675329.36,6186322.48],[675293.15,6186094.18],[675179.08,6185987.48],[675099.86,6186012.38],[675063.9,6185799.95],[674900.98,6185723.2],[674832.37,6185793.88],[674815.28,6185730.86],[674768.26,6185802.37],[674751.86,6185793.82],[674727.68,6185836.33],[674688.79,6185872.94],[674672.43,6185870.04],[674721.21,6185734.22],[674466.59,6185763.84],[674294.75,6185697.83],[674012.83,6185340.35],[674084.09,6185045.15],[674452.98,6184391.93],[674689.48,6183531.72],[675149.49,6183202.04],[675230.46,6183015.17],[675385.0,6182900.99],[675374.82,6182845.34],[675230.97,6182891.88],[675210.78,6182719.32],[675773.9,6182745.27],[675859.32,6182603.33],[675692.94,6182463.39],[675659.4,6182329.65],[675712.78,6182462.79],[675812.16,6182496.64],[675753.48,6182400.81],[675920.5,6182534.83],[676428.4,6181899.76],[676618.89,6181923.86],[676658.01,6181861.38],[677235.33,6182291.55],[677887.54,6182679.17],[678010.01,6182669.84],[677783.39,6182770.88],[677789.43,6183196.78],[678421.29,6184648.07],[678606.59,6185404.16],[678461.52,6185533.28],[678403.35,6186362.66],[678156.77,6186713.88],[678130.85,6187108.17],[677931.59,6187315.65],[677981.77,6187404.33],[677892.73,6187391.42],[677612.37,6187656.06],[677624.75,6187920.29],[677231.39,6188453.77]]],[[[670025.94,6192758.03],[670022.17,6192785.72],[670000.29,6192753.71],[670025.94,6192758.03]]],[[[669911.52,6193008.62],[669921.55,6193030.26],[669903.74,6193053.69],[669911.52,6193008.62]]],[[[658123.86,6196302.43],[658167.67,6196323.0],[658118.32,6196312.11],[658123.86,6196302.43]]],[[[658190.88,6196291.59],[658247.0,6196257.05],[658246.84,6196338.44],[658190.88,6196291.59]]],[[[658225.1,6196458.66],[658255.63,6196466.64],[658235.46,6196480.25],[658225.1,6196458.66]]],[[[658149.66,6197041.98],[658176.29,6197046.94],[658159.9,6197057.38],[658149.66,6197041.98]]],[[[666853.96,6197053.26],[666870.98,6197145.5],[666832.54,6197176.15],[666849.13,6197077.77],[666776.44,6197039.14],[666853.96,6197053.26]]],[[[658159.52,6197215.3],[658179.11,6197224.55],[658167.21,6197241.64],[658159.52,6197215.3]]],[[[658227.45,6197161.84],[658207.15,6197285.86],[658159.43,6197160.46],[658227.45,6197161.84]]],[[[658065.74,6197798.74],[658092.91,6197807.45],[658072.91,6197818.88],[658065.74,6197798.74]]],[[[630012.14,6199091.95],[629909.47,6199078.25],[629970.06,6198793.21],[629901.01,6198372.01],[630323.44,6197424.55],[630534.34,6197298.74],[630852.0,6197304.45],[631108.13,6196990.13],[631275.47,6196903.96],[631874.57,6196729.78],[632089.06,6196751.01],[632272.24,6196647.96],[633481.35,6194902.29],[633495.88,6194767.6],[633644.07,6194617.34],[633503.68,6194925.54],[633628.19,6194838.46],[633572.66,6194790.04],[633667.92,6194808.56],[633613.64,6194905.61],[633746.6,6194803.76],[633682.73,6194723.82],[633832.96,6194823.87],[633906.02,6194783.05],[634129.92,6194374.69],[634911.91,6193779.07],[635253.18,6193638.47],[636032.41,6193608.55],[636629.46,6193222.53],[637132.14,6193225.18],[637754.59,6193004.34],[638393.47,6192603.39],[638767.74,6192132.93],[638926.2,6192011.68],[638619.19,6192388.55],[638566.85,6192637.28],[638616.27,6192905.6],[638528.07,6193158.46],[637580.35,6193522.02],[637104.57,6193890.39],[636846.26,6194296.94],[636028.36,6194826.89],[635539.17,6195413.36],[635484.15,6195638.7],[634853.65,6195982.46],[634211.53,6196698.83],[633428.32,6196960.85],[632655.79,6197424.73],[632390.64,6197749.44],[632289.92,6198279.23],[631575.3,6198388.36],[631175.28,6198672.23],[630766.3,6198695.96],[630213.05,6198918.46],[630012.14,6199091.95]]],[[[671973.84,6202004.65],[671941.93,6202039.6],[671951.96,6201978.86],[671973.84,6202004.65]]]]}},
{"type":"Feature","properties":{"navn":"Fyn","nuts3":"DK031"},"geometry":{"type":"MultiPolygon","coordinates":[[[[600797.24,6164158.74],[600401.73,6164514.09],[600318.19,6164913.19],[600192.2,6165003.35],[600043.18,6164599.49],[600045.61,6164164.59],[600812.22,6163695.02],[601055.48,6163481.7],[601179.85,6163196.44],[601428.66,6163068.35],[601619.52,6163115.63],[601365.16,6163163.32],[601244.97,6163281.74],[601414.6,6163701.1],[601634.1,6163745.34],[601838.5,6163646.95],[602012.29,6163363.84],[602097.71,6163023.51],[602079.0,6162738.74],[601978.36,6162570.46],[602159.91,6162206.13],[602284.38,6162144.67],[602407.82,6161849.23],[602642.62,6161606.5],[602621.59,6161075.85],[602899.59,6160360.5],[602833.05,6160154.36],[602915.12,6159981.6],[602867.89,6159820.62],[602586.51,6160076.19],[602335.34,6160032.7],[602314.73,6159804.4],[602453.41,6159591.96],[602626.72,6159695.97],[602769.36,6159642.47],[602761.19,6159737.28],[602811.1,6159784.13],[602797.74,6159463.9],[602956.36,6159431.3],[603027.84,6159206.04],[603139.23,6159163.31],[602918.23,6159129.91],[602778.61,6159020.94],[602897.92,6158979.63],[602958.96,6158765.89],[602611.3,6158053.67],[602335.98,6158180.31],[602066.52,6158541.02],[601961.11,6158811.78],[602042.36,6158958.86],[601940.57,6159036.36],[601772.84,6159025.47],[601562.91,6159307.25],[601450.06,6159739.57],[601341.45,6159763.58],[601164.35,6160200.13],[601061.91,6160252.63],[601123.22,6160400.89],[601019.68,6160712.16],[600850.96,6161002.4],[600708.93,6160994.08],[600740.28,6161353.75],[600927.28,6161774.23],[601125.59,6161846.27],[601198.88,6161683.36],[601222.68,6161797.08],[601378.3,6161648.05],[601101.32,6162097.65],[600906.64,6161912.53],[600691.98,6161313.55],[600619.32,6160909.82],[600747.2,6160836.26],[600821.13,6160670.81],[600766.01,6160236.96],[600928.1,6159746.27],[601217.62,6159349.59],[601191.11,6158860.12],[601278.0,6158189.83],[601920.36,6157450.99],[602263.35,6156707.32],[602135.85,6155856.2],[602227.04,6155522.97],[602112.03,6155130.15],[602161.65,6154976.45],[602744.21,6154534.91],[602874.93,6154210.19],[602858.77,6153856.84],[602741.19,6153621.53],[602535.86,6153437.52],[602306.01,6153367.13],[602102.86,6153436.41],[601581.37,6153890.8],[601206.77,6153991.01],[601099.12,6154522.78],[600794.54,6154946.63],[600249.76,6155138.25],[599603.51,6154904.7],[599024.14,6154432.76],[598907.46,6153765.67],[599173.68,6153377.89],[599866.51,6153052.74],[600063.24,6153127.77],[600496.96,6153068.62],[600881.57,6152859.31],[600922.04,6152738.04],[601002.56,6152803.95],[601325.96,6152594.14],[601656.72,6152539.06],[601856.42,6152336.85],[602037.81,6152318.15],[602285.98,6152147.33],[602373.85,6151808.31],[602322.54,6151191.4],[602615.01,6151074.54],[602765.31,6150788.08],[602770.92,6150562.92],[602628.09,6150195.21],[601941.97,6149235.12],[601763.96,6149218.97],[601303.62,6149797.22],[601016.72,6149790.99],[600957.1,6150090.34],[600969.38,6149843.55],[600780.61,6149705.45],[600404.14,6149619.57],[599861.59,6149628.65],[599432.37,6148953.46],[599274.75,6148978.55],[599142.49,6148837.49],[599048.42,6148923.15],[598518.67,6148797.0],[598579.4,6148774.43],[598569.24,6148503.56],[598451.06,6148350.33],[598222.65,6148354.77],[598137.35,6148578.46],[598181.94,6148706.88],[598522.77,6149001.38],[598498.7,6149198.85],[598281.6,6149370.0],[597780.0,6148944.4],[597616.8,6149132.4],[597255.39,6148825.54],[597209.44,6148532.28],[597034.6,6148301.4],[597140.67,6148170.48],[597007.94,6148263.33],[596712.63,6147841.01],[596636.51,6147894.09],[596732.56,6148030.93],[596717.2,6148041.03],[596769.54,6148118.16],[596790.39,6148173.84],[596791.94,6148216.09],[596457.99,6147711.91],[596286.3,6147648.59],[596145.99,6147740.84],[595950.57,6147695.51],[595732.2,6147841.7],[595581.69,6147830.02],[594416.1,6148245.05],[594221.47,6148423.63],[594093.5,6148355.92],[593742.75,6148453.66],[593736.09,6148237.2],[594306.22,6147091.06],[594157.47,6146967.13],[594352.1,6147019.42],[594612.36,6146772.75],[594620.22,6146575.19],[594767.99,6146397.33],[594767.06,6146106.87],[594490.93,6145915.78],[594320.0,6145507.66],[593744.17,6145249.37],[593214.59,6144550.62],[593073.1,6144692.82],[592961.99,6144549.36],[592881.24,6144570.12],[592554.25,6144989.44],[592178.52,6145156.77],[591654.37,6144852.18],[591409.97,6144364.99],[591038.28,6144367.35],[590656.06,6144618.98],[590238.25,6144298.62],[590265.36,6144380.65],[590137.29,6144544.12],[590369.32,6144884.92],[590381.42,6145061.59],[590572.54,6145182.64],[590541.77,6145292.38],[590704.09,6145664.82],[590701.05,6145871.41],[590815.07,6146040.81],[590767.71,6146173.96],[590410.24,6146291.42],[590493.8,6146411.37],[590710.72,6146398.83],[590615.7,6146462.23],[590652.21,6146668.12],[590811.34,6146704.36],[590902.43,6147037.11],[590841.06,6147430.21],[591045.25,6147608.51],[591270.8,6147672.04],[591233.42,6147728.7],[591118.55,6147693.89],[590864.47,6147518.13],[590638.99,6147170.57],[589992.35,6145085.5],[589986.63,6144650.52],[590042.37,6144718.82],[590101.5,6144590.15],[590007.07,6144559.89],[590031.4,6144420.98],[589875.81,6144181.83],[589189.11,6143570.15],[588656.25,6143440.17],[588602.3,6143235.22],[588500.41,6143412.24],[588238.39,6143334.28],[588216.02,6143207.92],[587913.88,6143271.17],[587800.74,6143213.15],[587345.65,6142562.1],[587287.06,6141941.56],[587632.2,6141113.04],[587553.12,6141067.42],[587403.64,6141429.71],[587324.88,6141340.66],[587539.7,6141059.4],[587503.97,6141039.28],[587571.39,6140922.01],[587542.26,6140905.25],[587293.0,6141242.89],[587222.89,6141202.82],[587222.03,6140988.28],[587412.39,6140991.97],[587142.99,6140959.0],[587145.31,6141257.37],[587078.09,6141317.42],[587333.67,6141538.97],[587220.81,6141957.91],[587002.52,6141923.64],[587216.03,6141975.1],[587283.18,6142583.7],[587740.21,6143247.58],[588172.88,6143450.78],[589119.8,6143648.93],[589849.47,6144262.5],[589933.57,6144527.5],[589863.05,6144527.44],[589901.61,6144612.76],[589932.46,6144550.56],[589879.6,6144933.98],[590463.34,6146927.36],[590447.96,6147222.65],[591199.14,6148373.07],[591185.48,6148577.95],[591073.07,6148711.13],[591245.49,6149091.7],[591366.69,6149147.61],[591701.38,6148968.05],[591964.05,6149022.18],[591908.41,6149128.78],[592008.07,6149520.01],[591903.92,6149716.47],[591904.23,6149919.61],[592141.15,6150172.92],[592697.82,6150130.66],[593072.97,6149916.26],[593599.51,6149934.97],[594150.36,6149725.13],[594009.97,6149922.26],[594127.98,6150059.99],[594003.73,6150261.89],[593833.81,6150327.57],[593715.68,6150252.4],[593460.77,6150534.61],[593811.44,6151152.91],[594038.25,6151131.63],[594155.45,6150970.95],[594345.6,6150897.1],[594823.01,6151232.05],[594904.63,6151203.25],[594894.32,6151284.35],[595034.95,6151384.69],[595004.65,6151600.98],[594752.48,6151919.01],[594166.17,6152101.5],[594015.86,6152471.83],[593758.13,6152757.33],[593677.42,6153281.12],[593781.8,6153491.89],[593709.89,6153727.72],[593077.02,6154265.84],[593001.25,6154392.4],[593041.18,6154479.91],[592875.43,6154347.27],[592850.89,6154408.67],[592964.4,6154445.94],[592840.31,6154438.22],[592820.03,6154507.74],[592910.69,6154891.18],[593268.11,6154781.33],[593204.43,6154920.76],[593288.8,6155031.79],[593529.63,6155063.25],[593604.54,6155273.52],[594516.29,6155006.24],[594500.31,6155100.19],[594240.44,6155268.04],[593946.02,6155641.19],[593966.66,6155722.45],[594139.56,6155791.3],[594219.61,6155686.48],[594483.73,6155785.96],[594306.84,6156310.94],[594079.64,6156526.26],[594116.99,6156657.07],[594362.48,6156785.51],[594443.59,6156532.78],[594634.45,6156417.78],[595039.18,6156409.59],[595263.65,6156284.7],[595272.93,6156208.57],[595858.47,6155901.56],[596452.75,6155243.47],[596770.15,6154424.49],[597111.92,6153955.21],[597081.12,6153849.34],[597217.57,6153925.12],[597430.44,6153848.19],[598008.34,6153269.55],[598126.98,6153049.93],[598339.99,6153089.55],[598616.77,6153340.9],[598333.61,6153802.56],[598085.25,6153964.47],[597247.46,6154909.79],[594524.49,6156960.19],[592002.45,6158593.1],[591003.19,6159491.62],[589472.37,6161067.19],[587429.54,6162217.13],[585743.31,6162976.2],[583404.65,6164588.17],[582609.78,6164836.91],[581907.89,6164868.43],[581328.36,6164661.84],[581097.78,6164465.6],[581248.46,6164468.22],[581368.44,6164630.04],[581259.93,6164283.83],[581372.12,6164442.7],[581496.62,6164440.22],[581666.07,6163940.15],[582180.41,6163332.37],[582236.0,6162929.89],[582087.57,6162442.55],[582130.06,6162224.33],[582153.4,6162316.21],[582157.61,6161765.74],[582192.63,6161847.48],[582324.59,6161682.33],[582225.72,6161627.42],[582341.68,6161659.49],[582953.71,6161094.07],[582955.11,6160895.33],[582796.27,6160583.37],[582555.28,6160708.06],[581823.52,6160616.08],[581650.16,6160494.22],[581512.85,6160253.53],[581270.81,6160414.57],[580937.97,6160341.69],[580697.95,6160451.95],[580871.74,6160901.57],[580619.0,6160903.52],[580820.98,6161182.67],[580758.06,6161227.31],[580785.9,6161346.04],[580648.56,6161367.56],[580830.09,6161460.81],[581020.69,6161714.22],[580890.12,6162036.15],[580887.76,6162358.34],[580694.88,6162523.05],[580621.19,6162837.86],[580846.82,6163064.94],[580718.31,6163096.71],[580801.49,6163188.43],[581067.64,6163182.81],[581387.47,6162985.97],[581497.21,6163048.93],[581403.03,6163195.68],[581020.79,6163343.95],[580102.43,6163043.61],[578490.06,6162921.75],[577687.87,6162754.98],[576254.86,6162238.49],[576093.22,6162132.77],[576168.88,6162088.89],[576120.15,6161737.73],[575822.09,6161515.43],[575755.49,6161257.37],[575627.45,6161366.27],[575510.3,6161668.43],[574921.48,6161812.21],[574878.32,6161734.25],[574994.18,6161516.22],[575206.01,6161381.89],[575337.23,6161165.3],[575683.75,6161165.62],[575658.06,6161121.5],[575348.57,6161130.43],[575234.61,6160926.72],[574449.15,6160944.69],[574679.25,6161085.74],[574288.72,6160976.73],[573706.06,6160584.11],[572716.22,6160344.8],[572278.56,6159902.63],[571697.62,6159570.81],[570927.15,6159534.88],[570852.38,6159813.95],[570636.55,6159854.6],[570367.32,6159630.46],[570249.29,6159202.07],[570039.52,6159098.88],[569956.61,6159096.45],[569934.37,6159103.96],[569886.89,6159136.68],[569830.38,6159197.72],[569898.63,6159134.06],[569877.76,6159240.81],[569667.4,6159236.84],[569345.37,6158973.77],[569233.23,6159019.45],[569089.91,6158841.09],[568632.82,6158596.67],[568180.82,6158581.31],[567867.38,6158790.23],[568333.54,6158379.02],[568325.8,6158321.12],[567941.36,6158651.21],[567900.99,6158572.76],[568162.69,6158379.53],[568030.17,6158227.95],[567796.09,6158430.78],[567842.04,6158774.38],[567773.2,6158394.57],[567640.47,6158334.63],[567628.38,6158256.36],[567849.13,6158328.93],[568009.1,6158134.32],[567927.77,6157959.06],[567749.01,6157831.05],[566818.06,6157647.5],[566760.95,6157734.72],[566551.51,6157590.95],[565381.28,6157270.8],[564917.75,6156420.27],[564543.24,6156019.43],[563041.43,6155234.12],[562120.03,6154380.12],[561783.3,6154231.17],[561793.16,6154146.55],[561496.27,6153848.47],[560098.9,6152774.46],[560168.06,6152743.25],[560118.39,6152667.2],[560098.13,6152754.17],[559750.16,6152382.2],[559014.01,6152003.95],[557989.0,6151839.58],[556364.92,6151895.91],[555292.79,6152058.49],[554552.19,6152359.24],[553927.67,6153009.31],[553619.89,6153526.48],[553645.54,6154646.92],[553778.96,6155584.36],[553670.38,6156157.19],[553387.05,6156524.85],[552645.76,6156848.3],[550886.71,6156531.51],[550323.79,6156214.91],[549845.19,6155687.54],[549358.69,6155459.41],[548319.12,6155625.55],[547757.12,6155500.43],[547754.65,6155415.1],[548202.44,6154952.88],[548076.12,6155009.79],[548442.91,6154658.95],[548576.72,6154100.8],[548384.29,6153314.58],[547801.25,6152575.81],[547853.02,6152315.78],[547723.12,6151939.08],[547540.13,6151687.98],[547156.84,6151423.45],[547071.89,6151411.62],[547017.14,6151497.76],[546804.41,6151427.86],[546691.75,6151471.85],[546682.48,6151424.33],[546672.39,6151444.59],[546630.88,6151449.29],[546596.13,6151440.87],[546567.83,6151416.43],[546667.73,6151435.2],[546615.61,6151284.99],[546526.62,6151354.34],[546489.41,6151295.13],[546502.27,6151409.64],[546284.57,6151375.58],[545586.03,6151608.88],[544807.15,6152037.55],[544025.64,6152673.27],[543213.44,6152727.13],[542820.1,6152394.12],[542767.92,6152054.55],[542952.16,6151801.96],[543039.76,6151404.4],[543525.53,6150990.22],[544012.18,6150780.87],[544228.57,6150459.68],[544333.84,6150039.52],[544813.32,6149968.02],[545802.56,6150033.61],[546081.06,6149917.0],[546134.22,6149718.07],[546066.02,6149586.98],[545701.78,6149765.06],[546189.1,6149448.68],[546423.21,6148492.31],[546764.24,6148117.12],[546907.48,6147696.65],[547260.35,6147582.85],[547958.31,6147035.34],[548127.37,6146991.09],[548281.78,6147102.52],[548723.0,6147088.07],[549107.07,6147368.31],[549557.57,6146730.19],[549761.97,6146631.57],[549900.18,6146817.93],[549973.78,6146815.02],[550000.6,6146421.98],[550455.69,6146292.26],[550445.99,6146166.81],[550374.07,6146111.43],[549767.12,6146152.0],[549772.04,6146281.17],[549437.48,6146403.48],[549361.38,6146551.03],[549186.36,6146507.09],[549116.9,6146405.55],[549062.77,6146193.04],[549129.22,6146038.49],[549468.35,6146033.56],[549469.65,6145730.05],[550114.97,6145508.98],[550381.86,6145139.99],[550806.26,6145309.93],[550863.75,6144900.77],[551065.46,6144509.02],[551850.78,6144202.41],[551990.27,6143978.63],[552035.49,6143661.37],[552211.16,6143576.52],[552153.22,6143423.8],[551979.3,6143343.65],[551447.68,6143272.41],[550669.46,6143528.06],[550430.94,6143654.54],[550234.35,6143885.15],[549603.35,6144057.89],[549000.99,6144519.29],[548546.79,6144751.98],[548343.59,6145392.11],[547645.39,6145636.37],[546687.39,6146548.82],[546034.87,6146981.6],[545638.04,6147603.02],[545686.0,6147811.8],[545366.51,6147423.3],[545335.55,6147096.36],[545828.57,6146229.54],[546455.39,6145491.96],[547080.48,6144942.63],[547249.68,6144661.11],[547279.87,6144380.48],[546863.09,6143884.97],[546871.3,6143697.26],[547054.43,6143489.62],[547487.11,6143308.06],[548148.19,6143272.42],[548824.71,6143101.64],[549179.42,6143116.35],[549626.49,6143264.76],[550078.12,6143211.06],[550582.47,6143062.43],[551394.98,6142586.09],[551804.56,6142521.84],[552257.68,6142265.24],[552336.9,6142125.65],[552385.17,6141516.47],[552303.35,6141241.61],[552179.48,6141107.25],[551665.99,6140952.67],[550984.13,6141096.66],[551196.16,6141135.64],[550894.07,6141137.8],[550890.97,6141216.16],[550546.64,6141364.37],[550071.94,6141116.29],[549916.44,6140841.59],[550031.82,6140721.07],[550203.05,6140768.65],[550672.03,6140620.79],[551340.59,6140535.32],[551904.47,6140196.49],[552262.41,6139785.51],[552583.44,6139197.99],[552758.82,6139136.21],[553188.49,6138771.45],[553289.68,6138476.3],[553218.44,6137948.44],[553022.66,6137606.34],[552755.79,6137372.35],[552120.87,6137230.68],[551874.59,6137002.1],[551461.65,6136898.58],[550777.88,6136903.76],[550649.61,6136798.13],[550035.0,6136820.95],[549900.1,6136679.8],[549814.4,6136347.98],[549767.38,6135794.79],[549863.71,6135539.16],[550809.99,6135246.8],[551394.84,6134842.2],[551932.34,6134651.25],[552597.15,6134279.73],[553264.42,6134125.49],[554749.5,6134132.93],[555487.04,6134018.76],[555143.8,6134200.75],[554659.52,6134201.9],[555095.79,6134403.24],[555218.67,6134856.25],[555414.36,6134965.5],[555483.57,6134758.5],[555341.53,6134595.63],[555370.37,6134359.93],[555832.38,6133404.45],[555964.87,6133310.82],[556366.31,6133373.94],[556657.55,6133144.4],[556915.69,6133079.9],[557021.69,6132888.15],[556953.49,6132635.82],[556746.82,6132467.58],[556260.19,6132640.04],[556246.92,6132717.55],[555920.02,6132861.64],[555945.19,6132982.98],[555809.99,6132949.69],[555847.01,6133018.25],[555683.78,6132727.31],[555706.15,6133187.1],[555512.67,6133916.19],[555658.29,6132128.33],[556339.3,6130725.85],[556342.6,6130369.2],[556595.62,6129944.81],[556683.27,6129307.59],[556537.84,6128419.38],[556489.25,6126644.48],[556547.31,6125706.9],[556463.96,6125505.31],[556293.06,6125422.73],[556483.46,6125460.98],[556533.79,6125300.9],[556402.91,6125266.65],[556526.09,6125266.98],[556468.41,6125224.54],[556520.69,6125116.51],[556419.69,6125124.2],[556418.04,6125234.01],[556387.72,6125089.78],[556478.85,6125034.06],[556375.1,6124732.53],[556232.6,6124746.65],[556166.91,6125292.06],[556220.57,6125436.2],[555995.23,6125126.89],[555966.06,6124782.16],[556247.27,6124019.68],[556701.64,6123862.47],[557012.77,6123580.39],[557115.01,6123309.7],[557084.14,6122841.37],[556701.1,6122386.79],[556753.81,6122312.38],[556778.14,6122190.92],[556966.99,6122051.61],[557065.46,6122105.2],[557417.89,6121811.12],[557683.81,6121902.86],[557663.48,6121729.06],[557425.69,6121709.19],[557081.91,6121861.66],[556990.64,6121867.49],[556794.35,6122040.13],[556682.01,6122360.48],[556704.48,6122453.02],[556543.32,6122335.54],[556432.75,6122527.79],[556401.14,6122415.45],[556369.19,6122566.15],[556130.72,6122589.71],[556542.02,6122631.49],[556622.38,6122666.66],[556257.0,6122699.15],[556110.85,6122634.43],[556216.38,6122850.05],[556432.91,6122879.76],[556608.28,6122736.15],[556669.86,6122774.36],[556507.94,6122918.98],[556104.94,6122920.6],[556028.23,6123002.88],[555771.85,6123028.32],[555636.11,6123199.37],[555659.91,6123251.78],[555733.28,6123167.37],[555756.41,6123312.75],[555523.94,6123385.87],[555334.97,6123375.86],[555064.02,6123179.98],[555408.11,6122935.67],[555874.11,6122219.91],[556062.55,6122375.66],[556287.44,6122393.26],[556984.51,6121852.55],[557633.41,6121574.76],[558215.09,6121130.67],[558607.26,6120633.79],[558771.93,6119882.16],[559039.13,6119573.7],[559313.02,6119567.69],[559756.77,6119413.67],[560040.36,6119572.94],[560772.93,6119505.25],[561452.44,6119554.61],[561737.44,6119420.95],[562140.28,6119082.94],[562585.05,6118482.43],[562782.2,6118068.63],[562893.01,6117570.77],[562818.55,6117453.73],[562760.89,6117497.08],[562813.09,6117162.73],[562677.43,6116726.57],[562639.73,6116062.36],[562761.36,6115022.47],[562538.81,6113852.08],[563062.79,6112568.33],[563159.77,6111754.33],[562923.22,6110890.67],[562294.16,6110281.33],[562382.64,6109994.03],[564066.7,6108962.55],[565040.23,6108824.3],[565338.02,6108680.76],[565950.84,6109087.75],[566485.43,6109806.67],[566565.86,6110036.5],[566530.55,6110203.96],[566348.25,6110229.2],[566156.42,6110506.41],[565333.89,6111969.52],[565182.93,6112075.22],[565198.1,6112153.35],[565082.13,6112134.91],[564820.02,6112402.92],[564483.2,6113083.23],[563533.86,6113705.37],[563157.84,6114560.36],[563199.39,6114853.04],[563400.91,6115207.41],[563178.43,6115316.45],[563121.85,6115247.73],[563276.1,6115203.49],[563143.97,6115128.75],[563105.94,6115271.84],[563100.64,6115073.52],[562775.27,6114788.73],[562779.77,6115252.6],[562679.7,6116143.6],[562916.67,6116067.55],[563387.67,6115694.85],[563462.31,6115907.16],[563764.84,6115964.32],[563832.09,6116198.57],[564192.25,6116607.17],[563974.67,6116585.98],[563901.03,6116409.57],[563496.47,6116639.26],[563465.64,6116843.91],[563248.89,6117214.67],[562966.01,6117399.18],[563264.42,6117725.95],[563415.34,6117617.79],[563617.25,6117653.44],[563818.21,6117347.61],[564152.29,6117357.35],[564319.44,6117203.91],[564568.0,6117165.15],[564782.11,6117030.32],[564964.47,6116457.98],[564981.47,6116022.29],[564746.39,6115723.91],[564879.05,6115489.83],[565081.28,6115425.15],[565697.29,6115451.21],[567114.62,6114936.37],[568823.77,6114886.29],[569107.04,6114943.29],[569307.66,6115100.39],[569436.19,6115578.0],[569630.07,6115858.49],[569767.0,6115872.53],[569784.59,6115727.53],[570012.79,6115696.25],[570245.61,6116261.72],[570433.01,6116512.7],[570670.87,6116526.67],[570854.51,6116443.42],[571203.18,6115834.97],[571177.96,6115678.17],[571324.09,6115293.79],[571307.9,6114984.2],[572202.97,6113814.14],[572290.02,6113392.68],[572189.42,6112956.92],[572245.28,6112580.23],[572576.4,6112299.8],[572713.88,6112507.43],[572862.23,6112478.94],[572819.43,6112466.63],[572729.92,6112404.93],[572748.52,6112363.65],[572819.71,6112462.16],[572856.04,6112377.67],[572984.65,6112435.19],[572832.22,6112291.03],[572764.47,6112341.21],[572830.11,6112284.12],[572985.42,6112337.82],[573078.96,6112244.28],[573222.87,6111687.69],[573794.8,6111046.04],[573979.14,6110403.77],[574138.73,6110137.56],[574332.68,6110029.09],[574493.34,6110039.4],[574627.82,6109862.79],[574887.32,6109744.02],[574900.86,6109649.2],[574770.45,6109489.86],[574472.45,6109537.6],[574068.46,6109128.18],[573790.26,6108967.59],[573594.59,6108994.77],[573519.6,6109137.93],[573320.86,6109077.66],[573057.17,6109154.57],[573137.62,6108951.21],[573067.82,6108794.85],[572650.06,6108920.7],[572406.01,6108488.5],[572109.15,6108417.21],[571973.4,6108608.67],[571711.63,6108332.01],[571306.99,6108392.05],[571289.41,6108310.82],[571217.13,6108288.72],[571199.5,6108528.0],[571337.4,6108834.9],[571517.79,6108841.4],[571667.1,6108695.11],[571588.91,6108856.69],[571447.1,6108898.19],[571598.67,6108966.92],[571490.06,6108983.24],[571723.61,6108964.93],[571650.81,6109035.14],[571464.61,6108998.91],[571211.51,6108748.22],[571031.98,6107930.94],[570932.29,6107936.34],[570901.74,6107788.09],[570620.21,6107579.93],[570363.16,6107153.84],[570147.66,6107048.23],[569923.46,6107092.97],[569901.68,6107126.17],[569931.49,6107196.54],[569917.75,6107208.58],[569887.27,6107125.6],[569732.37,6107176.43],[569693.14,6107329.21],[569908.54,6107426.15],[569969.98,6107367.95],[569997.31,6107470.37],[569918.82,6107487.22],[569673.79,6107348.04],[569472.64,6107435.53],[569304.92,6107292.9],[569199.51,6107298.47],[568973.71,6107119.3],[569088.78,6107028.63],[569045.71,6106970.8],[568910.76,6107088.68],[569040.07,6106954.17],[568996.19,6106303.94],[568688.86,6105767.52],[568457.93,6105138.9],[568288.04,6104933.65],[568474.43,6103927.69],[568605.03,6103773.04],[568959.56,6103772.46],[570126.38,6104300.82],[570596.93,6104665.58],[571516.48,6105077.5],[571842.43,6105382.88],[572138.41,6105420.85],[572446.34,6105303.23],[573263.07,6104703.37],[573582.85,6104522.43],[573820.56,6104486.3],[574070.62,6104282.23],[574814.32,6104141.86],[575440.2,6104272.25],[575683.07,6104209.6],[575984.42,6103705.94],[576421.18,6103217.59],[576552.49,6102418.94],[576877.8,6102146.94],[577114.69,6102082.53],[577574.14,6102309.78],[577746.39,6102583.16],[577504.18,6102854.39],[577513.45,6102612.89],[577631.06,6102496.71],[577151.17,6102660.98],[576591.42,6102482.26],[576570.25,6102882.22],[576719.72,6102850.99],[576808.73,6102936.81],[576950.3,6102801.36],[577104.07,6102878.6],[577216.2,6102721.8],[577471.7,6102793.85],[577561.54,6103346.34],[577846.95,6103522.19],[578186.79,6103584.02],[578215.46,6103773.81],[578452.98,6103990.53],[578496.4,6104201.8],[578437.17,6104563.94],[578311.79,6104880.45],[578147.61,6104996.83],[578072.07,6105314.59],[577149.27,6105922.36],[577160.59,6106032.58],[577264.99,6106086.45],[577480.44,6106016.42],[577704.8,6106346.47],[577898.41,6106378.81],[578278.17,6106696.16],[578452.75,6106727.02],[578816.46,6106419.07],[578726.53,6106232.71],[578531.58,6106259.04],[578701.71,6106162.93],[578632.95,6106034.35],[578767.83,6106086.19],[578754.2,6105980.07],[578693.43,6106000.57],[578739.49,6105950.62],[578834.98,6106062.79],[578892.28,6106024.89],[578859.84,6105866.4],[578762.16,6105923.34],[578860.17,6105856.51],[579028.51,6105855.69],[578968.99,6105956.84],[579063.57,6106120.75],[579268.47,6105924.59],[579091.87,6105989.12],[579179.84,6105921.38],[579054.83,6105843.19],[579082.03,6105775.76],[579224.6,6105895.55],[579266.05,6105834.63],[579206.19,6105776.55],[579276.39,6105789.46],[579309.56,6105917.15],[579373.51,6105766.25],[579356.93,6105842.0],[579495.6,6105822.9],[580175.89,6105177.66],[580601.98,6104994.8],[581087.74,6105009.71],[581395.03,6104937.14],[581564.48,6104676.34],[581889.56,6104539.58],[582052.44,6104274.51],[582014.14,6103992.42],[582428.43,6103580.43],[582744.07,6103486.13],[582875.97,6102964.34],[583702.03,6102602.16],[584177.98,6102617.74],[584345.24,6102317.41],[584328.78,6102107.86],[584186.0,6101973.75],[584234.8,6101726.83],[584355.42,6101592.62],[584593.31,6101500.49],[584645.07,6101585.0],[584771.02,6101462.15],[585097.86,6101413.43],[585638.47,6101630.63],[585766.86,6101545.81],[585959.62,6101582.7],[586032.22,6101316.2],[586606.22,6101276.9],[586939.32,6101470.4],[587194.6,6102007.2],[587513.06,6102229.49],[587550.91,6102598.22],[587330.65,6102717.48],[587658.16,6102955.57],[587763.41,6102902.78],[587848.45,6102621.75],[588142.54,6102368.7],[588115.0,6102309.31],[588180.73,6102354.66],[588251.7,6102302.42],[588202.7,6102253.97],[588293.72,6102275.96],[588393.32,6102038.7],[588687.82,6101760.62],[588714.55,6101423.37],[588629.67,6101398.49],[588550.51,6101212.23],[588599.06,6101077.89],[589022.75,6100759.63],[589615.07,6100613.16],[590402.29,6100110.58],[590913.46,6100352.04],[591511.16,6100396.63],[593199.07,6100234.99],[594017.89,6100507.07],[594054.47,6100488.16],[594046.32,6100395.68],[594060.27,6100362.86],[594082.93,6100346.85],[594169.15,6100326.35],[594178.07,6100347.93],[594069.22,6100365.42],[594057.29,6100441.41],[594184.65,6100428.58],[594171.97,6100366.05],[594249.29,6100390.64],[594633.82,6100142.69],[594934.73,6099813.99],[595183.72,6099273.63],[596474.91,6098840.51],[596934.75,6098802.08],[597379.17,6098955.56],[597463.54,6099199.96],[597783.39,6099448.99],[597953.64,6099424.83],[597908.11,6099524.12],[597959.97,6099437.92],[598059.34,6099588.99],[598356.14,6099646.87],[598393.29,6099633.26],[598415.61,6099576.72],[598442.82,6099560.82],[598401.53,6099648.38],[598809.02,6099799.71],[599154.72,6099829.91],[599625.48,6100027.39],[600202.39,6100461.07],[601228.23,6100867.25],[601625.96,6101124.44],[602095.52,6101231.88],[602256.74,6101545.06],[602580.57,6101749.8],[602514.69,6101907.2],[602592.63,6101818.85],[602795.7,6101875.92],[602907.82,6101743.56],[602943.81,6101726.74],[602976.2,6101740.22],[602888.8,6101814.74],[603001.84,6101779.45],[602952.1,6101856.5],[603010.49,6101888.38],[603055.14,6101832.82],[603015.5,6101900.85],[603157.05,6102187.94],[603054.16,6102346.03],[603197.99,6102388.34],[603140.7,6102574.81],[603229.94,6102550.87],[603284.98,6102370.65],[603344.43,6102523.35],[603537.6,6102487.86],[603573.45,6102559.21],[603320.67,6102729.95],[603162.46,6102591.96],[603099.3,6102802.07],[603146.41,6102921.06],[603570.67,6102687.63],[603558.18,6102718.55],[603583.71,6102784.47],[603705.1,6102618.38],[604519.36,6102666.26],[604835.68,6102363.91],[604905.17,6102148.28],[605146.0,6102141.21],[605387.13,6102296.84],[605614.31,6102157.76],[605581.32,6102247.82],[605669.09,6102300.64],[605717.81,6102239.17],[605695.34,6102311.98],[605883.28,6102518.07],[606147.37,6102509.98],[606125.65,6102453.44],[606289.42,6102318.32],[606537.28,6102585.24],[606718.0,6102507.93],[606896.79,6102572.0],[607137.47,6102435.38],[607284.18,6102503.2],[607393.87,6102423.16],[607578.7,6102550.96],[607647.81,6102783.63],[607839.09,6102879.37],[607766.8,6103124.7],[607899.57,6103177.36],[608489.39,6103095.5],[608996.4,6102917.7],[609030.34,6102708.54],[608844.4,6102568.01],[608848.29,6102494.45],[608974.85,6102575.49],[608865.82,6102431.97],[609368.28,6102890.04],[610129.94,6103362.61],[610767.34,6103666.35],[611339.31,6103829.09],[611385.99,6103908.55],[611501.82,6104453.16],[611798.38,6104907.04],[611927.86,6105669.01],[611848.41,6106313.93],[611991.53,6106742.29],[612181.84,6107029.11],[612625.12,6107403.21],[613286.15,6107511.02],[613031.35,6108067.76],[612981.12,6108527.29],[613205.12,6109284.27],[613445.84,6109700.39],[613390.75,6110427.13],[613457.13,6111149.39],[613735.21,6111556.84],[613829.7,6111564.79],[613891.3,6111622.12],[613907.57,6111709.97],[613847.3,6111591.0],[613772.21,6111597.77],[613778.19,6111640.45],[613833.51,6111667.52],[613813.14,6111688.35],[613866.41,6111699.21],[613882.5,6111722.35],[613811.62,6111693.0],[613810.55,6111791.1],[613948.37,6111707.24],[613795.89,6111897.58],[613709.79,6112626.7],[613808.07,6113048.34],[614107.32,6113547.94],[614116.51,6114446.75],[614331.99,6114919.79],[614699.66,6115291.04],[615062.95,6116392.43],[615019.57,6117036.03],[615177.29,6118198.98],[615262.32,6118257.86],[615219.45,6118451.12],[615311.22,6118647.53],[615345.12,6119110.49],[615148.64,6120004.49],[615090.71,6120749.85],[615448.69,6122023.81],[614979.78,6122918.76],[614818.88,6123626.1],[614425.04,6124295.45],[614145.36,6125604.83],[613946.44,6125804.94],[613586.57,6126592.01],[613524.35,6127197.4],[613807.65,6128199.54],[613573.04,6128687.56],[613076.61,6129123.82],[613009.04,6129297.94],[612980.6,6129314.29],[613061.78,6129101.96],[612998.9,6129044.35],[612204.63,6129086.36],[612018.67,6129002.96],[611697.07,6129144.44],[611571.07,6129064.92],[611006.93,6129039.14],[610969.47,6129136.96],[611187.32,6129237.15],[611091.38,6129245.11],[611125.59,6129346.55],[611210.61,6129250.31],[611486.13,6129186.11],[611660.62,6129311.43],[611636.98,6129435.54],[611927.53,6129339.05],[612413.52,6129474.27],[612794.3,6129311.76],[612730.1,6129089.88],[613072.75,6129591.8],[613271.82,6129705.61],[613582.68,6129457.97],[613586.4,6129346.01],[613632.43,6129304.77],[613614.81,6130139.81],[613567.92,6130051.5],[613432.86,6130073.67],[613382.39,6130331.37],[613444.99,6130542.49],[613552.76,6130566.87],[613486.62,6130535.92],[613510.45,6130341.09],[613637.56,6130168.79],[613600.43,6130304.51],[613744.3,6130325.6],[613607.52,6130443.1],[613616.53,6130642.35],[613723.07,6130637.46],[613736.44,6130725.93],[613805.73,6130721.56],[613953.02,6130473.95],[613872.65,6130115.05],[613935.26,6130183.76],[613928.35,6130024.33],[614081.93,6130279.44],[614593.84,6129996.26],[614566.27,6129795.52],[614656.49,6129834.67],[614686.9,6129679.96],[614764.25,6129720.17],[614755.7,6129602.51],[615160.54,6129478.59],[615003.45,6129292.1],[615245.9,6129177.18],[615382.21,6129290.35],[615420.18,6129708.35],[615653.31,6129409.08],[615926.2,6129328.71],[615995.44,6129038.79],[615850.09,6128880.21],[616064.4,6128658.65],[616271.06,6128603.58],[616288.32,6128519.34],[616147.35,6128216.17],[616015.19,6128260.88],[616018.07,6128402.35],[615921.21,6128427.59],[615746.54,6128167.87],[615920.79,6128041.12],[616085.53,6128024.64],[616532.06,6128289.85],[616720.75,6128256.43],[617060.63,6128507.51],[617512.35,6128526.47],[617607.22,6128627.19],[617589.02,6128846.27],[617860.07,6128988.59],[617787.92,6129020.24],[617818.7,6129241.28],[617793.71,6129302.82],[617763.57,6128981.35],[617542.74,6128863.47],[617235.17,6129139.68],[617089.32,6129102.39],[617190.13,6129168.28],[617099.22,6129191.89],[617229.62,6129247.33],[617088.46,6129242.69],[617161.42,6129298.23],[617034.67,6129295.24],[617038.45,6129429.3],[617520.25,6129531.27],[617686.92,6129436.56],[617589.35,6129530.88],[617650.34,6129756.44],[617083.8,6129713.5],[616647.8,6129808.18],[615657.98,6130595.66],[615309.52,6131098.07],[615077.12,6131596.44],[614789.82,6132722.81],[614715.46,6133371.99],[614360.99,6134397.37],[613827.41,6135414.96],[613537.73,6136261.76],[612304.05,6137968.6],[612224.96,6138536.21],[611971.88,6139028.76],[611696.71,6139396.52],[610431.5,6140434.44],[609833.74,6141111.61],[609500.62,6141597.67],[609239.07,6142147.3],[609285.42,6142303.07],[609230.86,6142372.4],[608929.51,6142500.45],[608624.87,6142490.71],[608256.94,6142731.38],[607365.78,6143758.06],[606798.32,6144738.57],[606383.13,6145104.68],[605753.57,6145418.52],[605593.07,6145583.94],[605446.46,6146076.39],[605443.74,6146162.54],[605553.34,6146236.59],[604976.34,6145961.16],[604740.12,6145540.03],[604738.35,6145252.47],[604542.45,6145226.89],[604274.41,6145326.08],[604084.27,6145224.35],[603894.93,6144913.98],[603727.81,6144803.91],[603293.21,6144977.08],[602784.79,6145450.45],[602383.54,6145491.57],[602017.41,6145703.84],[601577.73,6145830.27],[601475.99,6146038.82],[601565.87,6146311.48],[601117.69,6146633.57],[600776.63,6146729.88],[600628.51,6146696.16],[600451.2,6146838.08],[600253.27,6146796.12],[599987.31,6146402.19],[599658.37,6146199.65],[599610.39,6146083.16],[599765.18,6145660.75],[599750.04,6144980.5],[599932.81,6144695.56],[599917.65,6144246.9],[600043.82,6143792.22],[600184.57,6143587.12],[600099.09,6143273.61],[599925.87,6143078.06],[599809.4,6143052.2],[599772.13,6142910.29],[599480.46,6142955.68],[599421.24,6143073.23],[599473.38,6143118.55],[599365.5,6143110.38],[598975.5,6143537.98],[598596.59,6144182.42],[598368.63,6144370.7],[598279.94,6144612.54],[597702.53,6145004.73],[597595.9,6145286.94],[597596.17,6145401.51],[597663.2,6145457.57],[597640.87,6145484.51],[597838.88,6145552.74],[597990.23,6145417.27],[598376.88,6145453.73],[598407.77,6145767.85],[598560.23,6145896.71],[598295.43,6146324.08],[598381.21,6146526.63],[598586.01,6146649.33],[598553.85,6146597.91],[598846.51,6146652.13],[598976.77,6146573.06],[599025.38,6146747.46],[599342.1,6146703.54],[599601.84,6146875.09],[599889.77,6146928.07],[600000.93,6147103.67],[599975.19,6147350.96],[600126.78,6147394.36],[600676.12,6147294.93],[600918.35,6147116.6],[601281.3,6147025.91],[601642.6,6146761.13],[601981.47,6146116.81],[602502.54,6145767.32],[602918.17,6145646.18],[603110.16,6145709.32],[603408.85,6145668.51],[603474.96,6145858.65],[603254.88,6145927.18],[603290.16,6146235.92],[603384.74,6146376.37],[604164.35,6146202.94],[604401.48,6145835.78],[604574.13,6145780.16],[604874.01,6145901.95],[605208.98,6146196.14],[605495.6,6146251.29],[605494.28,6146507.13],[605486.86,6146259.97],[605349.15,6146239.75],[605305.21,6146324.92],[605317.13,6146716.28],[605438.42,6146698.2],[605499.76,6146548.65],[605444.06,6146698.02],[605333.3,6146720.37],[605373.65,6147000.0],[605589.86,6147472.34],[605933.04,6147813.15],[606325.38,6147836.67],[606733.18,6148030.5],[607403.61,6148637.46],[608013.8,6149009.07],[608311.57,6149072.64],[608766.53,6148976.44],[609029.81,6148825.48],[609783.87,6148918.44],[610232.29,6149231.19],[610448.41,6149239.61],[610540.28,6149589.76],[610489.22,6149965.75],[610125.86,6150394.44],[609891.26,6151246.04],[608782.27,6152122.03],[608081.44,6153222.82],[607485.63,6154892.74],[607462.96,6155231.29],[607559.89,6155449.33],[607511.71,6155662.52],[607618.11,6156093.5],[607109.98,6156679.56],[606955.7,6156979.55],[606550.04,6157234.8],[606113.54,6157730.97],[605964.31,6158003.79],[605885.53,6158482.77],[605429.95,6159358.97],[604635.04,6160311.16],[604119.57,6161605.83],[602822.81,6163274.78],[602299.17,6164393.96],[601857.57,6164899.18],[601644.05,6164910.08],[601356.71,6164808.99],[601217.76,6164687.96],[600878.22,6164659.22],[600763.27,6164554.65],[600725.68,6164343.03],[600794.84,6164295.64],[600850.81,6164364.13],[600783.93,6164378.14],[600798.18,6164484.73],[600895.21,6164392.54],[600846.06,6164476.93],[600948.2,6164503.38],[600900.38,6164564.09],[600966.65,6164614.84],[601103.23,6164210.14],[601135.66,6164638.02],[601654.84,6164879.17],[601960.05,6164742.48],[602009.22,6164532.06],[601749.0,6163918.7],[601541.95,6163837.6],[601147.73,6163927.54],[600820.77,6163761.86],[600459.2,6163942.43],[600687.44,6164200.2],[600797.24,6164158.74]]],[[[598337.71,6078918.44],[598232.43,6078968.12],[598222.1,6078952.17],[598337.71,6078918.44]]],[[[601975.04,6079099.57],[601110.38,6079735.78],[601128.39,6079645.47],[602058.97,6078866.38],[602143.31,6078730.16],[602133.03,6078556.76],[602322.84,6078358.99],[602677.81,6078269.25],[602522.56,6078398.74],[602560.05,6078598.82],[602421.9,6078551.72],[602257.28,6078629.98],[602152.51,6078928.46],[602048.29,6078909.4],[601975.04,6079099.57]]],[[[597950.54,6080017.64],[597958.15,6080021.17],[597952.38,6080023.88],[597950.54,6080017.64]]],[[[597838.5,6079972.8],[597791.11,6079999.11],[597755.64,6080031.08],[597785.47,6079994.06],[597838.5,6079972.8]]],[[[601053.5,6080064.98],[601006.65,6080074.98],[601058.84,6080055.16],[601053.5,6080064.98]]],[[[599119.57,6080036.86],[598773.0,6080164.29],[599191.9,6079969.46],[599247.53,6080096.38],[599119.57,6080036.86]]],[[[599192.28,6080100.56],[599205.47,6080172.04],[599186.18,6080126.72],[599192.28,6080100.56]]],[[[597765.1,6080224.94],[597771.07,6080229.27],[597766.52,6080230.98],[597765.1,6080224.94]]],[[[600286.57,6080590.87],[600189.6,6080612.52],[600126.89,6080557.77],[600200.43,6080163.84],[600273.41,6080142.27],[600326.27,6080146.25],[600342.26,6080192.78],[600212.6,6080177.05],[600176.15,6080434.88],[600286.57,6080590.87]]],[[[591764.47,6082635.24],[591523.46,6082633.77],[591281.35,6082580.58],[591656.37,6082596.73],[592192.65,6082212.3],[592167.98,6082353.95],[591764.47,6082635.24]]],[[[609989.17,6082648.15],[609947.92,6082696.62],[609969.09,6082865.68],[609892.44,6082692.23],[609989.17,6082648.15]]],[[[608677.86,6083304.0],[608671.27,6083474.86],[608629.47,6083482.41],[608579.25,6083346.79],[608677.86,6083304.0]]],[[[609526.26,6083405.69],[609647.56,6083448.63],[609571.34,6083498.08],[609526.26,6083405.69]]],[[[594905.73,6083691.54],[594797.11,6083630.34],[594959.16,6083332.68],[594879.68,6083527.36],[594975.66,6083626.89],[595384.51,6083355.48],[595918.95,6083318.68],[596539.92,6082988.38],[596821.97,6083072.71],[596684.15,6083317.67],[596521.82,6083280.86],[595665.39,6083597.47],[594905.73,6083691.54]]],[[[590440.82,6083978.02],[590461.77,6083960.23],[590442.89,6083981.39],[590440.82,6083978.02]]],[[[594379.51,6084336.81],[594322.18,6084289.25],[594329.27,6084251.22],[594350.63,6084250.95],[594379.51,6084336.81]]],[[[594370.23,6084354.87],[594372.25,6084362.77],[594368.55,6084364.83],[594370.23,6084354.87]]],[[[599533.16,6084420.41],[599565.89,6084321.93],[599621.57,6084303.82],[599582.48,6084391.19],[599533.16,6084420.41]]],[[[599488.82,6084489.82],[599494.55,6084540.06],[599424.26,6084603.37],[599442.6,6084562.46],[599488.82,6084489.82]]],[[[591583.14,6084166.25],[591457.27,6084583.92],[591203.25,6084529.37],[591118.16,6084309.79],[591324.14,6084218.12],[591273.64,6083887.52],[591583.14,6084166.25]]],[[[608130.74,6084706.64],[608150.1,6084698.06],[608134.95,6084725.23],[608130.74,6084706.64]]],[[[608222.63,6084815.18],[608234.85,6084818.68],[608234.34,6084825.05],[608222.63,6084815.18]]],[[[601443.32,6084849.12],[601102.07,6085073.3],[600992.67,6085026.66],[600720.51,6084822.21],[600727.77,6084582.72],[601248.16,6084290.96],[601445.57,6084282.32],[601623.88,6084566.91],[601443.32,6084849.12]]],[[[604466.87,6085319.33],[604514.48,6085334.91],[604370.95,6085329.26],[604466.87,6085319.33]]],[[[599171.38,6085629.1],[598585.26,6085621.25],[598666.31,6085372.68],[598935.48,6085036.8],[599272.68,6084889.65],[599013.01,6085237.16],[599103.09,6085307.99],[599263.23,6085280.04],[599171.38,6085629.1]]],[[[598283.45,6085913.25],[598295.4,6085920.94],[598293.22,6085939.7],[598283.45,6085913.25]]],[[[596072.62,6086099.91],[595788.15,6086145.83],[595908.6,6085877.0],[596076.98,6085958.85],[596072.62,6086099.91]]],[[[598361.18,6086166.85],[598407.97,6086246.25],[598403.4,6086277.31],[598361.18,6086166.85]]],[[[594294.16,6086072.25],[594067.44,6086377.17],[594053.45,6086393.61],[594044.26,6086448.61],[594128.68,6086613.48],[593983.1,6086353.16],[594100.07,6086309.84],[594202.68,6086126.11],[594294.16,6086072.25]]],[[[601576.32,6086648.92],[601590.96,6086926.36],[601501.38,6086834.52],[601523.69,6086718.72],[601576.32,6086648.92]]],[[[603276.32,6086961.0],[602355.59,6086624.65],[602235.6,6086493.63],[602007.44,6086472.63],[601926.22,6086230.28],[601933.26,6086021.28],[602156.99,6085423.49],[602597.62,6084997.48],[602554.75,6084878.94],[602378.87,6084785.1],[602708.82,6084494.05],[603010.44,6083804.35],[603124.76,6083819.25],[603345.0,6083680.77],[603664.18,6083927.3],[604169.84,6084555.43],[604247.72,6085217.41],[604511.65,6085221.64],[604380.29,6085263.16],[604512.17,6085280.76],[604164.99,6085289.99],[603880.82,6085700.4],[603838.38,6086005.48],[604018.02,6086655.89],[603659.85,6086918.73],[603276.32,6086961.0]]],[[[595008.75,6087402.35],[594720.65,6087204.81],[594545.07,6086812.77],[594530.41,6086535.98],[594993.89,6086520.59],[595603.9,6086265.34],[595460.98,6086701.68],[595222.77,6086818.96],[595114.88,6087310.15],[595046.93,6087344.37],[595231.53,6087275.01],[595246.57,6087192.35],[595270.66,6087276.02],[595008.75,6087402.35]]],[[[601788.16,6087078.24],[602039.94,6087336.39],[602102.82,6087578.64],[601892.98,6087467.05],[601750.44,6087207.75],[601788.16,6087078.24]]],[[[597072.29,6087918.14],[596666.96,6088355.36],[596271.71,6088619.79],[596152.38,6088864.79],[596159.42,6089192.82],[595815.64,6088489.83],[596027.15,6087671.08],[596145.28,6087778.6],[596855.88,6087777.09],[597418.92,6087612.86],[597690.9,6087354.8],[597369.69,6087728.13],[597072.29,6087918.14]]],[[[604575.01,6090899.15],[604414.84,6090907.14],[604604.04,6090780.22],[604575.01,6090899.15]]],[[[604571.74,6090965.16],[604665.55,6090950.71],[604580.28,6091014.95],[604571.74,6090965.16]]],[[[597267.03,6091544.76],[597251.01,6091552.22],[597222.37,6091522.32],[597267.03,6091544.76]]],[[[597504.9,6091428.49],[597735.48,6091763.03],[597382.98,6091497.25],[597238.09,6091493.63],[597234.94,6091376.48],[597504.9,6091428.49]]],[[[597097.01,6091807.67],[597031.23,6091838.24],[596864.62,6091701.08],[597040.97,6091668.56],[597023.9,6091769.46],[597097.01,6091807.67]]],[[[606672.59,6091720.47],[606387.6,6091871.06],[606645.06,6091694.69],[606629.99,6091407.92],[606869.09,6091321.32],[607072.57,6091429.83],[607412.8,6091348.54],[607523.03,6091258.27],[607608.93,6090933.33],[607849.89,6091035.25],[607982.79,6090994.11],[608116.04,6090836.64],[608215.41,6090446.41],[608319.8,6090417.59],[608571.49,6090573.92],[609062.46,6090450.91],[608975.6,6090550.78],[608980.34,6091140.93],[608759.84,6091359.46],[607925.34,6091686.95],[607578.13,6091465.09],[607000.62,6091722.77],[606672.59,6091720.47]]],[[[594210.28,6092170.11],[594117.59,6092181.97],[594100.05,6092169.35],[594147.9,6092153.1],[594210.28,6092170.11]]],[[[595847.07,6092107.52],[595755.98,6092295.86],[595398.8,6092001.62],[594510.49,6092109.78],[594627.06,6091920.74],[594577.29,6091847.96],[594182.92,6092004.05],[594000.56,6092119.98],[593925.42,6092278.89],[593892.5,6092232.9],[594290.63,6091815.84],[594525.14,6091652.93],[594840.64,6091265.94],[595095.51,6091182.8],[595433.03,6091294.57],[595456.67,6091344.78],[595446.26,6091374.01],[595418.85,6091304.79],[595363.65,6091371.22],[595458.11,6091600.04],[595811.51,6091942.88],[595847.07,6092107.52]]],[[[577300.89,6092306.18],[577172.95,6092311.3],[577121.72,6092224.43],[577115.03,6091785.38],[577233.68,6091377.25],[577587.29,6090791.84],[578497.05,6090000.38],[578603.96,6089795.77],[579178.91,6089275.94],[579479.36,6088796.85],[579708.05,6087919.77],[579736.06,6087448.27],[579660.32,6087099.06],[579897.59,6086490.17],[580730.57,6085744.1],[581571.53,6084634.49],[581753.97,6084223.52],[582243.47,6083781.63],[582625.82,6083147.4],[583915.67,6082481.14],[584693.91,6081878.85],[586250.5,6079622.47],[587164.77,6078528.79],[587809.72,6078008.3],[588186.29,6077513.43],[589808.51,6076621.97],[590284.57,6076206.17],[590417.53,6075934.08],[590945.89,6075450.93],[591298.55,6075269.99],[591641.7,6075345.77],[592211.96,6076023.71],[592349.16,6076407.21],[592307.54,6076818.67],[592425.9,6077000.0],[593000.45,6077530.91],[593660.29,6077892.8],[594262.14,6078078.05],[595498.36,6078267.51],[596376.79,6078265.69],[597882.09,6078479.66],[598160.53,6078592.76],[598372.48,6078749.15],[598699.56,6078813.71],[598444.16,6079188.63],[597970.11,6079509.73],[597958.89,6079579.78],[597850.56,6079699.83],[597788.07,6079861.71],[597768.81,6079874.04],[597956.42,6079362.74],[597916.07,6079265.34],[598148.05,6078891.46],[598031.96,6079125.44],[598058.79,6079282.61],[598218.84,6079188.22],[598112.13,6079195.2],[598181.87,6079128.41],[598529.3,6078997.17],[598256.86,6078996.65],[598378.1,6078925.46],[598434.9,6078785.43],[598159.77,6078626.45],[597741.47,6078503.9],[597634.8,6078537.54],[597668.34,6078908.62],[597816.5,6078969.16],[597787.49,6079246.9],[597716.92,6079267.46],[597793.81,6079327.34],[597683.54,6079724.46],[597735.46,6079852.63],[597639.91,6079895.03],[597657.24,6080029.13],[597390.1,6080396.41],[596981.86,6080717.21],[596619.25,6081168.64],[596001.6,6081559.57],[595851.01,6081720.12],[595783.98,6081947.54],[595721.64,6081883.7],[595737.64,6081976.37],[595669.24,6081937.37],[595454.52,6082077.22],[595335.47,6082286.07],[594510.38,6082984.8],[594404.22,6083213.23],[594234.72,6083113.76],[594033.57,6083290.25],[593522.38,6083300.88],[593639.47,6083404.11],[593545.98,6083671.3],[593897.64,6083862.63],[594369.57,6083779.27],[594438.2,6083922.8],[594385.3,6083952.48],[593018.91,6083772.88],[592959.23,6083485.75],[593390.38,6083328.12],[593699.34,6083113.99],[594227.74,6082436.91],[594361.76,6082048.86],[594598.79,6081954.02],[594840.45,6081681.27],[594947.67,6081396.74],[594841.3,6081303.73],[595009.6,6081344.58],[595239.7,6081186.47],[595418.21,6080997.45],[595377.21,6080824.01],[595128.86,6080669.49],[594812.32,6080912.88],[594425.37,6081456.83],[593789.22,6081893.02],[593637.86,6081806.03],[593615.73,6081533.55],[593753.32,6081250.43],[593565.79,6080962.96],[593475.73,6080996.37],[593599.21,6081368.51],[593450.96,6081440.7],[593255.57,6081396.78],[593088.41,6081506.76],[593242.74,6081133.34],[593482.18,6080940.69],[592962.9,6080430.57],[592846.29,6080584.72],[592227.54,6080843.74],[591728.57,6081613.94],[591324.87,6081803.83],[591055.85,6082117.75],[590844.45,6082796.15],[590926.55,6082975.5],[590793.61,6083030.46],[590676.0,6083299.56],[590677.85,6083399.56],[590778.82,6083464.1],[590715.51,6083651.81],[590717.98,6083442.5],[590703.68,6083526.31],[590612.85,6083544.98],[590673.57,6083647.69],[590535.3,6083727.78],[590529.35,6083865.86],[590482.92,6083934.18],[590478.47,6083711.85],[590134.91,6084133.43],[590139.13,6084345.7],[590251.42,6084451.92],[590451.32,6084446.48],[590415.06,6084369.32],[590566.02,6084360.47],[590479.22,6084646.82],[590638.6,6084850.61],[589431.15,6086145.37],[589034.22,6086118.69],[589142.86,6085776.82],[589693.07,6085586.3],[590155.87,6085209.31],[590222.07,6085018.27],[590145.89,6084668.52],[589709.48,6084059.74],[589187.11,6083812.55],[588644.27,6082892.38],[588440.95,6082796.12],[587966.47,6082822.24],[587894.14,6083136.71],[587585.18,6083608.62],[587559.57,6083860.09],[587456.29,6083979.71],[587079.42,6084127.6],[586705.43,6084091.31],[586172.39,6084162.78],[585761.27,6084438.44],[585065.95,6085569.95],[584894.53,6086139.59],[584134.38,6086775.24],[583631.12,6087536.56],[583414.01,6087574.97],[583149.36,6087782.52],[582455.62,6088610.48],[582179.95,6088837.73],[581737.34,6088976.5],[581296.84,6089035.57],[580933.47,6088975.99],[580832.13,6089169.29],[580654.02,6089219.34],[580827.22,6089162.61],[580834.54,6089031.29],[580714.72,6089041.93],[580658.06,6089147.33],[580702.23,6089027.75],[580646.8,6088992.79],[580612.74,6089076.3],[580528.53,6089018.42],[580631.05,6089126.22],[580504.92,6089101.8],[580502.85,6089203.57],[580390.86,6089246.08],[580601.4,6089251.51],[580418.76,6089307.78],[580324.06,6089181.79],[580174.24,6089284.52],[579561.67,6089938.83],[579111.41,6090162.1],[578432.68,6091031.42],[578206.2,6091489.38],[578238.18,6092041.96],[577789.7,6091983.93],[577300.89,6092306.18]]],[[[607460.82,6092890.81],[607469.64,6092965.37],[607457.34,6093015.64],[607460.82,6092890.81]]],[[[595917.75,6093199.32],[595562.4,6092771.24],[595656.64,6092573.29],[595825.8,6092460.23],[596019.96,6092621.26],[595964.94,6092837.55],[596038.42,6093100.41],[595917.75,6093199.32]]],[[[593287.15,6093189.4],[593408.7,6093333.47],[593412.23,6093440.14],[593349.21,6093378.75],[593287.15,6093189.4]]],[[[591501.73,6093486.21],[590969.87,6094005.57],[590921.39,6093898.05],[591163.59,6093659.84],[591270.1,6093155.19],[591223.7,6093023.53],[591016.97,6092880.85],[590464.07,6092873.35],[590182.93,6093239.55],[590233.42,6093361.98],[589750.93,6093140.86],[589325.53,6093270.5],[589051.31,6093197.67],[588948.93,6093223.41],[588923.17,6093319.99],[588724.6,6093258.87],[588678.71,6093660.48],[588955.56,6093715.38],[588885.57,6093751.31],[588388.37,6093670.37],[587990.41,6093220.6],[587846.61,6093197.04],[587617.72,6093358.08],[587420.1,6093349.21],[587266.19,6093293.15],[587083.07,6093062.39],[587218.67,6092997.6],[587398.89,6092489.62],[587777.48,6092387.67],[588382.01,6093063.31],[588694.2,6093154.64],[588964.13,6093126.3],[590897.18,6091570.7],[591298.99,6091540.71],[591834.64,6092040.37],[591901.11,6092015.63],[591893.06,6091951.12],[591969.86,6091865.25],[592007.75,6091856.99],[591909.21,6091941.65],[592027.82,6091914.2],[591894.03,6092083.71],[592205.66,6092463.62],[592041.76,6092875.02],[591542.69,6093351.13],[591501.73,6093486.21]]],[[[591244.04,6094980.99],[591246.87,6094965.8],[591250.39,6095020.22],[591244.04,6094980.99]]],[[[588063.35,6096182.78],[587985.9,6096318.75],[587957.44,6096233.12],[588063.35,6096182.78]]],[[[593792.3,6096999.31],[593646.54,6097286.05],[593635.5,6097509.15],[593718.54,6097559.99],[594137.97,6098004.92],[594123.5,6098037.68],[593514.16,6097383.18],[593386.18,6096879.77],[592955.54,6096448.99],[592961.12,6096016.26],[593126.14,6095724.26],[593232.41,6095695.47],[593640.66,6095691.44],[594039.78,6095621.33],[594138.16,6095629.57],[594176.01,6095664.1],[594188.52,6095695.38],[593936.29,6095646.86],[593888.99,6095753.96],[594274.51,6096200.94],[594426.44,6096254.08],[594839.22,6096224.47],[595205.91,6095992.28],[595384.39,6096049.2],[594742.42,6096697.22],[594495.52,6096702.61],[594246.68,6096826.32],[594202.93,6097064.05],[594180.06,6096917.78],[594163.94,6097030.68],[594098.95,6096886.91],[593792.3,6096999.31]]],[[[598455.63,6099575.14],[598663.48,6099618.52],[598660.52,6099638.83],[598657.84,6099619.13],[598552.96,6099616.15],[598455.63,6099575.14]]],[[[600325.25,6099769.01],[600041.01,6099679.21],[600012.12,6099595.46],[600026.35,6099497.36],[600046.23,6099613.52],[600325.25,6099769.01]]],[[[579909.32,6099974.55],[579912.67,6099979.73],[579908.75,6099979.1],[579909.32,6099974.55]]],[[[579905.32,6099983.68],[579911.19,6099986.31],[579907.05,6099987.44],[579905.32,6099983.68]]],[[[580108.97,6100002.65],[580083.99,6099999.23],[579993.92,6099920.15],[579894.97,6099964.89],[579746.03,6099798.41],[579178.99,6099663.92],[578988.38,6098988.83],[579620.98,6098332.32],[579924.9,6097868.08],[580241.38,6097613.51],[580379.49,6097529.83],[581043.61,6097444.54],[581406.38,6097577.63],[582018.52,6097538.38],[582290.44,6097669.69],[582817.8,6097593.47],[583377.56,6097255.95],[583789.98,6096698.62],[584657.26,6096397.66],[585037.32,6096128.41],[585690.36,6096136.14],[586034.56,6096047.29],[586122.78,6096104.13],[585831.47,6096124.36],[585728.44,6096225.05],[585714.16,6096680.0],[585477.6,6097170.82],[585515.73,6097476.42],[585296.31,6097514.59],[584962.6,6097265.81],[584186.91,6096931.2],[584107.47,6096984.11],[584159.01,6097025.78],[584066.35,6096966.89],[583927.74,6097061.03],[583474.2,6097559.65],[583212.69,6097616.07],[583068.32,6097749.4],[582694.97,6097638.43],[581988.96,6097723.3],[581547.03,6098121.61],[581433.03,6098116.05],[581026.6,6098948.57],[580454.03,6099478.3],[580139.12,6099643.82],[580085.38,6099873.29],[580128.24,6099918.62],[580182.86,6099926.99],[580198.95,6099947.37],[580125.76,6099925.2],[580074.65,6099874.21],[580020.66,6099927.4],[580095.5,6099997.46],[580168.34,6099955.74],[580108.97,6100002.65]]],[[[606464.78,6100303.23],[606410.5,6100329.4],[606375.57,6100403.64],[606390.14,6100311.51],[606464.78,6100303.23]]],[[[585602.52,6100524.19],[585894.04,6100759.52],[585898.11,6101039.72],[585846.3,6100788.49],[585666.49,6100581.68],[585434.59,6100626.7],[585715.87,6100642.64],[585777.35,6100736.55],[585292.62,6100628.06],[585081.24,6100161.45],[584842.53,6100187.43],[584556.38,6100033.33],[584514.14,6099867.75],[584683.6,6099481.95],[584745.57,6099440.11],[584669.45,6099599.58],[584725.43,6099710.83],[585272.56,6099981.69],[585158.88,6100182.0],[585322.59,6100564.42],[585602.52,6100524.19]]],[[[573939.51,6101086.2],[573956.61,6101172.12],[573935.14,6101087.41],[573939.51,6101086.2]]],[[[573968.44,6101191.44],[573972.71,6101185.77],[573997.44,6101193.05],[573968.44,6101191.44]]],[[[585693.73,6101390.61],[585706.68,6101393.88],[585707.57,6101413.12],[585693.73,6101390.61]]],[[[584573.8,6101330.57],[584426.65,6101396.67],[584564.35,6101320.83],[584740.17,6101375.22],[584573.8,6101330.57]]],[[[604211.78,6102139.56],[604006.26,6102148.41],[603815.3,6102037.64],[603522.77,6102141.32],[603506.82,6102010.45],[603613.7,6101985.51],[603663.69,6101831.52],[603815.41,6101895.95],[603812.68,6101822.39],[603474.11,6101734.54],[603148.24,6101416.24],[603133.98,6101522.22],[603049.05,6101292.67],[602563.46,6101035.77],[602431.82,6100687.1],[602061.44,6100140.71],[601425.31,6100043.44],[601168.7,6099856.58],[600795.34,6099337.7],[600687.48,6099332.84],[600655.84,6099629.8],[600597.75,6099301.43],[600516.31,6099232.31],[600546.02,6098843.42],[600277.79,6098675.92],[600117.21,6098663.83],[600309.2,6098731.01],[600109.04,6098744.86],[599702.94,6098297.01],[599084.82,6097886.12],[598874.52,6097826.11],[598742.66,6097881.07],[598368.95,6097427.84],[598053.12,6096829.94],[597854.06,6096769.44],[597113.3,6096933.23],[596799.45,6096618.52],[596810.55,6096405.84],[597117.94,6095734.45],[597397.87,6095507.32],[597866.22,6095456.39],[597839.06,6095347.67],[597499.82,6095061.96],[597640.1,6094576.66],[597554.63,6094179.6],[597606.62,6093333.92],[597919.73,6092749.78],[598595.43,6092327.62],[598734.21,6092163.87],[598680.9,6092102.53],[598859.02,6092055.8],[599245.35,6091683.83],[599304.63,6091399.3],[599145.52,6090818.0],[599228.43,6090569.04],[599457.62,6090489.9],[599612.82,6090582.93],[599547.89,6090563.37],[599678.63,6090760.21],[600044.26,6090728.24],[600248.26,6090481.46],[600330.13,6090570.54],[600436.81,6090632.76],[600501.55,6090609.54],[600331.38,6090558.03],[600265.16,6090467.5],[600159.05,6090444.53],[600094.87,6090220.16],[599861.65,6090186.0],[600038.44,6090342.42],[599982.54,6090334.14],[599667.94,6090095.15],[599539.86,6089823.29],[599566.87,6089560.61],[599679.65,6089558.04],[599852.63,6089752.13],[600128.22,6089800.27],[600612.75,6090213.51],[601169.4,6090178.24],[601285.22,6090275.97],[601602.72,6090097.57],[601741.96,6090099.29],[601501.5,6090298.31],[601415.88,6090474.32],[601155.3,6090524.61],[601174.15,6090705.38],[601335.35,6090735.95],[601209.26,6090750.12],[601103.82,6090871.81],[601057.84,6090832.08],[600970.75,6090804.94],[601032.86,6090884.0],[600931.12,6090877.94],[601112.36,6090945.93],[601157.15,6090857.47],[601213.52,6090853.31],[601199.73,6090940.12],[601401.01,6090993.98],[601765.69,6090923.42],[601842.72,6090974.77],[602657.04,6090762.44],[603028.26,6090443.23],[603471.05,6090234.43],[603756.71,6090225.29],[603932.54,6090753.08],[604266.05,6090989.81],[604331.43,6091213.05],[604430.75,6091263.35],[604453.68,6091612.31],[604584.05,6091780.0],[605216.51,6092015.35],[605593.28,6092525.01],[605999.65,6092233.43],[605601.02,6092595.46],[605788.93,6092908.6],[606108.26,6092895.42],[606574.6,6093136.57],[606900.74,6093181.94],[607185.81,6093086.51],[607222.43,6093159.35],[607357.73,6093127.17],[607354.6,6092903.31],[607434.17,6092888.6],[607364.28,6093127.7],[607445.79,6093192.4],[607813.07,6093146.62],[607940.14,6092914.23],[608032.1,6093040.92],[608098.57,6093253.45],[608034.92,6093633.8],[608122.66,6093713.52],[607940.89,6094440.95],[607989.66,6094755.44],[608152.82,6094867.54],[608152.37,6095196.75],[608285.82,6095462.86],[608227.67,6095757.33],[608019.5,6095748.51],[607679.25,6095868.78],[607381.79,6095621.11],[606898.15,6095483.67],[606721.8,6095034.52],[606692.22,6094408.65],[605903.68,6093625.65],[605214.86,6093882.27],[604988.45,6093849.22],[604369.62,6094017.11],[604183.4,6094167.68],[603882.1,6094756.43],[603855.82,6094885.41],[604182.09,6095649.92],[604340.01,6095485.94],[604062.93,6095302.98],[604472.39,6095490.26],[604513.79,6095453.18],[604377.86,6095421.81],[604472.71,6095397.2],[604268.98,6095367.5],[604515.4,6095397.97],[604809.56,6095820.2],[604798.4,6096449.97],[605013.82,6097168.12],[605240.57,6097629.37],[605364.21,6098188.97],[605452.46,6098315.84],[605743.63,6098427.37],[605867.45,6098419.81],[605901.96,6098341.81],[606071.27,6098863.62],[606023.85,6099078.48],[605869.48,6099268.05],[605875.8,6099820.34],[605554.76,6099804.74],[605495.32,6099871.28],[605434.37,6099894.7],[605111.35,6099822.85],[604709.25,6100111.43],[604712.72,6100228.22],[604997.3,6100607.82],[604968.23,6101085.02],[604754.62,6101304.03],[604404.7,6101440.9],[604401.11,6101556.14],[604440.74,6101487.77],[604558.57,6101664.79],[604549.48,6101981.28],[604348.57,6102019.89],[604211.78,6102139.56]]],[[[588066.47,6102299.7],[588144.8,6102223.37],[588187.86,6102244.33],[588143.58,6102228.05],[588066.47,6102299.7]]],[[[588026.37,6102295.87],[588048.79,6102274.0],[588027.11,6102299.95],[588026.37,6102295.87]]],[[[608718.45,6102225.49],[608647.26,6102329.03],[608511.43,6102158.71],[608157.69,6102228.95],[607557.97,6101891.87],[607152.91,6101848.78],[606712.4,6101651.22],[606600.7,6101689.51],[606591.84,6101771.73],[606559.86,6101680.68],[606114.67,6101796.67],[605903.94,6101895.6],[605801.23,6102063.44],[605830.72,6101874.82],[605644.22,6102128.23],[605774.53,6101849.64],[605605.51,6101827.5],[605223.45,6101473.9],[605505.36,6100831.77],[605447.37,6100388.53],[605598.42,6100255.01],[606170.7,6100652.44],[606624.15,6100785.12],[607380.3,6100689.03],[608660.76,6100737.32],[608681.99,6100553.48],[608366.35,6100389.23],[607471.52,6100229.87],[607340.7,6100272.11],[607049.01,6100156.03],[606725.8,6100228.66],[606637.67,6099396.64],[606768.14,6099329.54],[607508.4,6099379.78],[608741.38,6099880.84],[609188.63,6099652.1],[609269.96,6099472.82],[609473.6,6099517.54],[609777.9,6099449.36],[609577.07,6099893.95],[609649.54,6100127.16],[609621.85,6100450.85],[609369.78,6101023.46],[609104.49,6102074.67],[608718.45,6102225.49]]],[[[573194.29,6102512.62],[573230.47,6102608.01],[573113.01,6102628.66],[572921.31,6102498.59],[572704.78,6102099.99],[572476.09,6102062.68],[572045.75,6101721.12],[571846.16,6101431.14],[571955.2,6100212.63],[572052.5,6100050.49],[572383.53,6099808.78],[572660.32,6099231.79],[572912.02,6099121.77],[572958.45,6098985.52],[573283.66,6098937.81],[574808.6,6099437.76],[575136.76,6099713.16],[575406.53,6100150.43],[575091.16,6100705.94],[574976.53,6101123.74],[574848.8,6101138.04],[574571.89,6100853.7],[574058.86,6100956.44],[573990.8,6101033.32],[574026.49,6101221.27],[573948.57,6100973.82],[573352.69,6101015.66],[572827.7,6101240.05],[572745.87,6101603.1],[572829.3,6102142.13],[572969.12,6102395.4],[573194.29,6102512.62]]],[[[577406.71,6102692.12],[577460.35,6102780.1],[577385.04,6102742.45],[577406.71,6102692.12]]],[[[578979.72,6103440.11],[578863.32,6103388.55],[578807.03,6103134.22],[578982.17,6102775.49],[580154.01,6101780.3],[580856.61,6101498.46],[580982.76,6101538.07],[580887.13,6101608.33],[580921.7,6101752.63],[580967.49,6101733.43],[581163.39,6101686.04],[581314.25,6101633.54],[581467.32,6101477.62],[581566.48,6101408.8],[581466.73,6101481.54],[581401.29,6101566.24],[581304.22,6101641.38],[581165.71,6101691.47],[580890.63,6101765.87],[580803.74,6101748.79],[580735.9,6101789.96],[580530.44,6102036.08],[580395.34,6102476.7],[579955.99,6102858.14],[579945.17,6103036.28],[579827.69,6102950.44],[579615.9,6103157.64],[579100.52,6103321.58],[579070.73,6103396.38],[579000.87,6103341.92],[578979.72,6103440.11]]],[[[579023.51,6105793.34],[579057.93,6105828.15],[579013.62,6105796.02],[579023.51,6105793.34]]],[[[571982.89,6109015.85],[571915.47,6109032.44],[571771.84,6108964.43],[571907.65,6109015.15],[571982.89,6109015.85]]],[[[570220.91,6110533.19],[569954.75,6110470.43],[569759.4,6110220.63],[569455.14,6110054.21],[569154.44,6110175.91],[567567.91,6109891.14],[567994.77,6109797.65],[568143.84,6109894.56],[568533.19,6109846.63],[568902.99,6109923.32],[569513.37,6109913.61],[569632.67,6109979.02],[569800.37,6109895.72],[570013.87,6110008.24],[570532.39,6109904.12],[570713.8,6109934.71],[571072.07,6110205.76],[571038.1,6110257.73],[570922.35,6110189.38],[570824.32,6110307.74],[570649.02,6110288.77],[570471.91,6110501.07],[570421.2,6110448.68],[570220.91,6110533.19]]],[[[570076.36,6110694.64],[570382.96,6110966.57],[570512.07,6111070.87],[570130.59,6110791.53],[570076.36,6110694.64]]],[[[613788.9,6111634.73],[613818.97,6111636.29],[613805.23,6111649.44],[613788.9,6111634.73]]],[[[571712.55,6111801.52],[571446.32,6111849.5],[571255.14,6111769.44],[570790.59,6111299.13],[570794.84,6111161.91],[570907.3,6111274.77],[571210.15,6111357.64],[571544.22,6111724.52],[571712.55,6111801.52]]],[[[620165.28,6112430.04],[620172.07,6112414.88],[620166.19,6112433.21],[620165.28,6112430.04]]],[[[620114.82,6112552.35],[620093.85,6112611.85],[620065.34,6112645.4],[620086.76,6112611.44],[620114.82,6112552.35]]],[[[623556.2,6114832.44],[623018.1,6114339.87],[622828.48,6113982.58],[622743.01,6113548.62],[622397.49,6113032.34],[621439.89,6112006.45],[621198.81,6111846.07],[621248.56,6111577.82],[621209.92,6111533.45],[621188.52,6111436.07],[621245.28,6111555.97],[621301.34,6111490.65],[621226.57,6111479.85],[621244.88,6111440.49],[621194.51,6111321.86],[621183.67,6111245.76],[621277.19,6111415.5],[621226.65,6111231.44],[621291.77,6111101.79],[621027.29,6110201.5],[620356.21,6109180.78],[620077.65,6108274.89],[619718.39,6107766.06],[619531.85,6106909.88],[619440.38,6105578.61],[618939.92,6103900.52],[618984.5,6103494.28],[618861.6,6103375.89],[618966.82,6103355.08],[618788.44,6103375.93],[618890.21,6103307.61],[618917.13,6103093.71],[618399.52,6101811.19],[618124.68,6101370.85],[618051.84,6101035.79],[618089.05,6100357.04],[617910.72,6100022.03],[617528.46,6099667.3],[616957.94,6098892.62],[616823.21,6098610.43],[616657.35,6097563.8],[616404.92,6097117.0],[616295.51,6097128.35],[616338.46,6097050.49],[616264.18,6096852.83],[615984.06,6096657.13],[615741.02,6095713.41],[615160.6,6095062.78],[614874.0,6094599.87],[614491.65,6094238.6],[614197.27,6094159.19],[613719.41,6094164.45],[613274.14,6094317.11],[613233.1,6094040.81],[613096.42,6093861.19],[612803.16,6093626.19],[612437.92,6093501.32],[612179.39,6093018.41],[611153.59,6091906.26],[610973.29,6091568.88],[610439.42,6091117.87],[610456.8,6090724.56],[610149.67,6090075.11],[610077.88,6090016.88],[609701.54,6090180.32],[609702.87,6090117.52],[609981.0,6089994.12],[609984.76,6089857.95],[609845.63,6089703.24],[609580.32,6089798.07],[609494.04,6089592.83],[609578.57,6089783.28],[609770.29,6089620.82],[609700.97,6089641.63],[609618.24,6089503.57],[609514.71,6089549.96],[609396.54,6089452.7],[609482.57,6089405.78],[609392.81,6089358.71],[609379.5,6089441.88],[609226.7,6089369.69],[609370.22,6089325.89],[609312.34,6089261.41],[609234.2,6089321.48],[609259.24,6089203.51],[609166.03,6089273.73],[609188.39,6089340.92],[609127.12,6089163.26],[609091.77,6089163.06],[609083.93,6089205.99],[609052.75,6089216.28],[609072.25,6088980.66],[608892.55,6088444.5],[608564.07,6088271.34],[607952.84,6087446.67],[607892.48,6087230.78],[607929.64,6086725.06],[607848.69,6086485.44],[607531.44,6086301.27],[607404.4,6086138.17],[607400.71,6085415.95],[607494.57,6085125.08],[607569.82,6085069.41],[607653.39,6085056.49],[607705.14,6085082.18],[607506.41,6085128.88],[607558.48,6085250.81],[607710.2,6085104.38],[607676.76,6084833.09],[607804.68,6084718.21],[607826.16,6084856.53],[608138.21,6085069.76],[608313.76,6084930.04],[608493.9,6084935.99],[608553.57,6084832.62],[608875.14,6084669.67],[608986.89,6085138.78],[609316.77,6085681.05],[609242.63,6085716.76],[609367.36,6085821.7],[609468.72,6085793.62],[609550.34,6085629.89],[609444.01,6085114.81],[609469.59,6084696.51],[610213.98,6084492.91],[610157.37,6084349.44],[609962.89,6084390.87],[609765.37,6084265.68],[609762.59,6084049.49],[609942.39,6084032.32],[610049.0,6083758.97],[609936.48,6083195.39],[609989.16,6083140.08],[610010.51,6083282.62],[610174.11,6083282.88],[610518.37,6082817.04],[610802.3,6082805.04],[610849.82,6082540.97],[610524.38,6082456.63],[610364.42,6082512.55],[610185.82,6082356.24],[609684.13,6082255.37],[609489.94,6082386.67],[609420.17,6082548.64],[609609.73,6082770.8],[609399.21,6082786.9],[609191.14,6082697.47],[609248.21,6082540.48],[609398.26,6082556.13],[609451.88,6082426.36],[609299.04,6082147.92],[609337.57,6081916.05],[609233.81,6081708.88],[608898.18,6081988.47],[608489.82,6082038.97],[608348.55,6081985.47],[608138.86,6082238.72],[608157.52,6082317.22],[608518.67,6082305.37],[608577.16,6083025.29],[608327.23,6082799.85],[608445.36,6082371.18],[608159.67,6082327.27],[608189.31,6082455.74],[608009.47,6082634.62],[607929.7,6083043.08],[607693.31,6082926.23],[607435.9,6083071.9],[607273.79,6082972.45],[607073.68,6082466.19],[606916.46,6080727.14],[606961.64,6080118.28],[606792.76,6079506.4],[607103.45,6079093.47],[607128.62,6079230.42],[607236.01,6079148.72],[607018.11,6079035.23],[606716.19,6079007.33],[606535.1,6078888.58],[606373.96,6078642.73],[606149.57,6077867.94],[605990.5,6077628.63],[605977.1,6077368.81],[605797.46,6077144.52],[605458.46,6077042.32],[605418.95,6077283.23],[605548.91,6077138.82],[605473.99,6077389.75],[605152.16,6077475.5],[605168.36,6077269.12],[604960.59,6077097.87],[604554.11,6077328.29],[604421.46,6077530.53],[604155.97,6077684.02],[603661.19,6077630.65],[603167.9,6077812.45],[602679.33,6077734.57],[602625.24,6077893.42],[602691.45,6078086.69],[602876.51,6078208.64],[602636.75,6078099.5],[602634.3,6078202.62],[602479.77,6078055.96],[602918.7,6077128.27],[603302.31,6076878.84],[604069.87,6076607.67],[604723.57,6076122.85],[605604.14,6075172.37],[606408.95,6073959.41],[606766.47,6073091.62],[606841.1,6072345.5],[606773.72,6071524.28],[607467.59,6070190.67],[607660.71,6069406.91],[607783.56,6069329.84],[607844.49,6069138.1],[607839.99,6068625.58],[607597.05,6068592.21],[607693.78,6068551.46],[607546.1,6068506.43],[607793.45,6068492.35],[607717.57,6068391.95],[607635.27,6068454.25],[607599.39,6068445.32],[607710.21,6068385.31],[607641.25,6068341.81],[607569.84,6068411.76],[607549.59,6068308.95],[607555.46,6068474.12],[607452.82,6068609.48],[607520.72,6068423.18],[607268.91,6068166.78],[607528.73,6067450.21],[607514.7,6067230.22],[607360.85,6067135.47],[607686.61,6066704.08],[607944.23,6066191.09],[608244.29,6065913.95],[608369.51,6065596.53],[608584.13,6065357.47],[608828.99,6065340.96],[609072.35,6065162.65],[610164.6,6065709.95],[610561.82,6065822.25],[611126.79,6066533.07],[611740.77,6067645.09],[611832.23,6068314.91],[612310.37,6069772.82],[612828.29,6072531.08],[613647.79,6074719.16],[613686.42,6075253.92],[614018.02,6076086.5],[614108.3,6076549.31],[614052.47,6076736.26],[614120.94,6077304.74],[614642.81,6078959.51],[615773.64,6081794.01],[616414.86,6083635.94],[616591.15,6084587.76],[616476.26,6085709.92],[616554.07,6086119.17],[616774.13,6086184.52],[616838.18,6086514.42],[617086.94,6087020.09],[617242.35,6088725.89],[617284.21,6088783.88],[617390.85,6088751.84],[617546.09,6088819.45],[617314.31,6088782.85],[617359.39,6088933.68],[617481.4,6088883.51],[617520.47,6088908.1],[617427.02,6088942.4],[617480.84,6089019.68],[617563.19,6088861.77],[617535.71,6088968.85],[617618.82,6089032.52],[617433.12,6089096.46],[617627.18,6089079.56],[617516.64,6089214.47],[617639.68,6089738.93],[618162.89,6091085.09],[618737.63,6092197.42],[618998.72,6092888.35],[619975.62,6094296.62],[620818.06,6095057.16],[621238.04,6095931.4],[621234.21,6096978.0],[621349.4,6097677.75],[621663.27,6098535.65],[621973.95,6100199.93],[622567.99,6101699.23],[623255.66,6105224.64],[623385.82,6105570.33],[623559.52,6105686.68],[623547.97,6106322.7],[623855.75,6108785.24],[624238.3,6111242.83],[624638.74,6112817.56],[624619.34,6113713.74],[624537.21,6114045.39],[623839.68,6114716.83],[623556.2,6114832.44]]],[[[563723.07,6116742.65],[563775.78,6116796.66],[563803.74,6116900.96],[563751.87,6116874.97],[563723.07,6116742.65]]],[[[619723.71,6119864.5],[619800.64,6120439.62],[620214.18,6121024.45],[619808.99,6120583.59],[619650.13,6120284.26],[619620.15,6120131.15],[619723.71,6119864.5]]],[[[548894.67,6126035.95],[548697.46,6126108.51],[548647.13,6126027.32],[548873.72,6125985.37],[548894.67,6126035.95]]],[[[548629.86,6126864.73],[548644.12,6126869.52],[548645.73,6126888.82],[548629.86,6126864.73]]],[[[548852.97,6126548.69],[548987.15,6126742.49],[548895.57,6126893.72],[548727.19,6126721.06],[548761.56,6126595.06],[548823.64,6126540.27],[548853.97,6126483.79],[548873.87,6126462.56],[548902.35,6126442.74],[548852.97,6126548.69]]],[[[548748.75,6126934.3],[548746.76,6126964.91],[548728.23,6126990.52],[548748.75,6126934.3]]],[[[613906.14,6130527.84],[613838.32,6130634.79],[613744.56,6130625.99],[613754.84,6130436.3],[613770.64,6130512.07],[613852.63,6130498.25],[613831.8,6130263.29],[613906.14,6130527.84]]],[[[551056.29,6130994.36],[550996.39,6131029.07],[550989.81,6130912.56],[551056.29,6130994.36]]],[[[552057.36,6131466.24],[551061.23,6131075.22],[551148.98,6131038.88],[551022.15,6130949.04],[551049.88,6130886.45],[551131.12,6130816.98],[551070.15,6130931.75],[551371.02,6131100.7],[551520.52,6130998.68],[551551.93,6130622.43],[551203.66,6130557.07],[550968.54,6130899.46],[550987.34,6131031.08],[551042.09,6131108.01],[550781.96,6131284.39],[550483.24,6131361.52],[550149.49,6130236.31],[550488.22,6129623.14],[550488.41,6128252.91],[550698.82,6127950.13],[551026.77,6128032.18],[551102.67,6128093.55],[551104.82,6128138.98],[551027.12,6128054.76],[550973.49,6128120.62],[551212.25,6128279.89],[552019.29,6128377.04],[552425.86,6128482.98],[552556.42,6128591.84],[552657.69,6128902.2],[552693.34,6129647.57],[552465.51,6130947.61],[552296.74,6131017.93],[552057.36,6131466.24]]],[[[550158.78,6131996.24],[550081.86,6132081.09],[549948.51,6131965.93],[549803.35,6131495.61],[550454.87,6131356.53],[549944.65,6131567.88],[549963.6,6131938.12],[550052.8,6131983.53],[550107.88,6131875.47],[550158.78,6131996.24]]],[[[545191.52,6134282.82],[545238.63,6134315.45],[545233.59,6134322.39],[545191.52,6134282.82]]],[[[544640.12,6135682.58],[544571.19,6135676.99],[544543.87,6135597.96],[544456.67,6135586.77],[544526.37,6135648.36],[544184.86,6135451.03],[543568.57,6134700.26],[544211.19,6134147.16],[544392.57,6134078.12],[544670.32,6134124.48],[545098.81,6134420.25],[545214.37,6134326.47],[545177.73,6134395.88],[545325.6,6134524.27],[545629.93,6134583.76],[545760.26,6134885.07],[545647.54,6134872.59],[545323.27,6135349.91],[545043.63,6135574.02],[544556.82,6135606.17],[544640.12,6135682.58]]],[[[545015.77,6135802.4],[545063.91,6135947.66],[545227.09,6136104.14],[545054.64,6135961.32],[545015.77,6135802.4]]],[[[587513.27,6140966.19],[587559.99,6140932.31],[587517.23,6140981.74],[587513.27,6140966.19]]],[[[551637.44,6140998.29],[551438.19,6141108.09],[551376.01,6141077.28],[551637.44,6140998.29]]],[[[597634.89,6145302.58],[597645.31,6145318.53],[597630.89,6145315.14],[597634.89,6145302.58]]],[[[597625.05,6145320.92],[597615.89,6145327.8],[597613.87,6145325.59],[597625.05,6145320.92]]],[[[597617.04,6145348.18],[597609.02,6145348.87],[597618.04,6145346.93],[597617.04,6145348.18]]],[[[598426.75,6146293.07],[598426.01,6146318.01],[598394.64,6146320.34],[598426.75,6146293.07]]],[[[605554.5,6146429.42],[605575.01,6146536.56],[605563.54,6146589.34],[605554.5,6146429.42]]],[[[590928.3,6146424.92],[590998.43,6146608.73],[590996.54,6146659.58],[590939.12,6146603.05],[590928.3,6146424.92]]],[[[600066.63,6147075.81],[600106.4,6147137.96],[600023.9,6147109.09],[600066.63,6147075.81]]],[[[593799.26,6147189.97],[593724.11,6147229.85],[593645.97,6147155.38],[593610.62,6146651.22],[594007.79,6146501.69],[594361.42,6146504.33],[594448.5,6146527.71],[594523.5,6146566.79],[594180.63,6146515.82],[594033.82,6146857.74],[594151.82,6146969.26],[593978.97,6146900.96],[593800.53,6147047.45],[593799.26,6147189.97]]],[[[592103.66,6147295.22],[592110.7,6147381.4],[592062.24,6147470.84],[592058.48,6147306.28],[592132.0,6147271.55],[592218.69,6147292.06],[592229.05,6147308.4],[592103.66,6147295.22]]],[[[591307.37,6147917.5],[591351.79,6148006.1],[591364.24,6148086.0],[591307.37,6147917.5]]],[[[591364.76,6148112.3],[591371.98,6148112.93],[591370.27,6148116.65],[591364.76,6148112.3]]],[[[591121.35,6147930.47],[591273.8,6148021.48],[591267.34,6148248.06],[591121.35,6147930.47]]],[[[596622.13,6148379.51],[596657.72,6148378.0],[596641.87,6148394.3],[596622.13,6148379.51]]],[[[591468.46,6148489.95],[591488.87,6148484.6],[591489.32,6148492.53],[591468.46,6148489.95]]],[[[591422.39,6148486.14],[591446.3,6148493.88],[591426.86,6148498.19],[591422.39,6148486.14]]],[[[596838.52,6148658.83],[596862.74,6148672.31],[596843.1,6148673.69],[596838.52,6148658.83]]],[[[596276.3,6148798.37],[596282.06,6148807.19],[596274.93,6148807.08],[596276.3,6148798.37]]],[[[596925.13,6148868.95],[596941.57,6148873.79],[596931.6,6148879.21],[596925.13,6148868.95]]],[[[592379.51,6148947.53],[592390.91,6148950.99],[592384.46,6148953.83],[592379.51,6148947.53]]],[[[596432.93,6148950.72],[596450.31,6148959.9],[596433.39,6148962.73],[596432.93,6148950.72]]],[[[592425.51,6148967.67],[592430.86,6148968.71],[592436.51,6148972.45],[592425.51,6148967.67]]],[[[595910.48,6148985.79],[595918.77,6148989.41],[595911.23,6148992.87],[595910.48,6148985.79]]],[[[592275.09,6148777.55],[592356.67,6148994.1],[592185.0,6148877.19],[592275.09,6148777.55]]],[[[598524.27,6149228.74],[598530.84,6149234.12],[598523.41,6149235.23],[598524.27,6149228.74]]],[[[593552.53,6149308.0],[593523.43,6149316.18],[593434.68,6149302.12],[593552.53,6149308.0]]],[[[593684.81,6149361.28],[593181.21,6149309.7],[592853.06,6149074.7],[592523.13,6149047.73],[592602.8,6148991.89],[592497.48,6148955.2],[592453.11,6148764.86],[592261.63,6148610.32],[592053.71,6148823.52],[592033.32,6148807.86],[592225.74,6148584.96],[592166.45,6148473.18],[592005.68,6148436.96],[592063.42,6148256.67],[591984.99,6147701.71],[592066.48,6147481.62],[592249.27,6147300.9],[592655.85,6147386.86],[593046.96,6147650.55],[593233.47,6147673.18],[593061.32,6148106.05],[592771.06,6148240.82],[592660.2,6148383.35],[592782.11,6148668.66],[592994.29,6148713.22],[593081.57,6148967.69],[592977.01,6149093.72],[593154.81,6149273.01],[593684.81,6149361.28]]],[[[592458.29,6149384.72],[592491.48,6149386.95],[592468.54,6149426.15],[592458.29,6149384.72]]],[[[597553.96,6149326.65],[597570.37,6149439.49],[597427.93,6149408.03],[597553.96,6149326.65]]],[[[597840.61,6149496.66],[597849.15,6149501.03],[597842.75,6149502.53],[597840.61,6149496.66]]],[[[594369.86,6149521.52],[594299.5,6149549.02],[594299.15,6149518.04],[594369.86,6149521.52]]],[[[594288.7,6149523.39],[594262.14,6149547.34],[594238.03,6149533.95],[594288.7,6149523.39]]],[[[596130.96,6149401.98],[595873.8,6149421.61],[595809.25,6149570.99],[595791.12,6149484.46],[595890.57,6149394.46],[596035.68,6149360.28],[596130.96,6149401.98]]],[[[593844.61,6149655.13],[593876.02,6149664.94],[593888.1,6149708.0],[593844.61,6149655.13]]],[[[597967.2,6149729.69],[597972.99,6149734.17],[597969.27,6149735.47],[597967.2,6149729.69]]],[[[592528.52,6149600.0],[592480.63,6149727.75],[592361.11,6149809.23],[592395.62,6149714.23],[592528.52,6149600.0]]],[[[598302.32,6149809.32],[598353.54,6149824.28],[598326.96,6149844.28],[598302.32,6149809.32]]],[[[541791.78,6149630.69],[541851.39,6149793.2],[541666.12,6149881.43],[541636.48,6149758.46],[541791.78,6149630.69]]],[[[597896.42,6149961.33],[597902.85,6149969.43],[597895.64,6149968.31],[597896.42,6149961.33]]],[[[592139.17,6150146.44],[592159.68,6150155.85],[592140.99,6150163.85],[592139.17,6150146.44]]],[[[598702.29,6150138.41],[598730.95,6150162.78],[598701.47,6150165.88],[598702.29,6150138.41]]],[[[598222.92,6150034.28],[598174.39,6150135.46],[598137.31,6150176.64],[598222.92,6150034.28]]],[[[543277.03,6150537.19],[542971.94,6150714.12],[542944.82,6150699.91],[542796.35,6150507.29],[542689.94,6149667.46],[543177.07,6148892.52],[543391.94,6148678.32],[543525.89,6148003.49],[543860.28,6147781.05],[544098.41,6147793.19],[544588.94,6147928.04],[545279.21,6148292.55],[545135.71,6148588.9],[545210.88,6148949.64],[545156.63,6149085.61],[544503.1,6149154.57],[544248.98,6149569.9],[544073.82,6149691.05],[543732.91,6150413.29],[543250.25,6150502.85],[542935.22,6150671.46],[543277.03,6150537.19]]],[[[598033.76,6150761.8],[598001.56,6150812.07],[597973.39,6150836.49],[598033.76,6150761.8]]],[[[597071.8,6151143.19],[597089.05,6151151.84],[597081.16,6151158.19],[597071.8,6151143.19]]],[[[596980.32,6151264.56],[596999.68,6151272.76],[596983.77,6151281.45],[596980.32,6151264.56]]],[[[597089.8,6151370.45],[597116.23,6151391.0],[597097.1,6151394.62],[597089.8,6151370.45]]],[[[602156.3,6151398.87],[602022.87,6151410.04],[602079.74,6151346.34],[602156.3,6151398.87]]],[[[546659.34,6151462.07],[546670.12,6151467.99],[546662.89,6151468.76],[546659.34,6151462.07]]],[[[601373.32,6152420.76],[601281.18,6152592.3],[601254.25,6152585.57],[601373.32,6152420.76]]],[[[612955.99,6153922.12],[612594.26,6153822.03],[612349.62,6153652.98],[612461.29,6153040.56],[612364.05,6152838.46],[612150.54,6152764.96],[612984.24,6152801.47],[613677.71,6153173.61],[613608.1,6153520.29],[613218.15,6153718.16],[613171.03,6153851.41],[612955.99,6153922.12]]],[[[593877.85,6154295.24],[593756.84,6154368.44],[593711.78,6154423.95],[593737.14,6154335.29],[593877.85,6154295.24]]],[[[594149.42,6154542.17],[593731.54,6154963.85],[593622.76,6154914.9],[593719.47,6154739.14],[594149.42,6154542.17]]],[[[594668.91,6155567.09],[594692.47,6155569.18],[594661.71,6155586.67],[594668.91,6155567.09]]],[[[594653.99,6155602.73],[594569.62,6155640.84],[594564.29,6155618.71],[594653.99,6155602.73]]],[[[595115.02,6155901.61],[595126.69,6155915.08],[595119.27,6155918.97],[595115.02,6155901.61]]],[[[595104.86,6155866.8],[594967.34,6155917.84],[595123.93,6155813.63],[595289.5,6155832.87],[595104.86,6155866.8]]],[[[595074.84,6156247.09],[594957.44,6156261.45],[595130.23,6156217.91],[595074.84,6156247.09]]],[[[595257.07,6156274.37],[595143.47,6156331.45],[595219.72,6156274.16],[595244.88,6156156.11],[595264.82,6156121.76],[595279.81,6156116.79],[595257.07,6156274.37]]],[[[594854.57,6156345.99],[594838.49,6156364.21],[594814.16,6156346.35],[594854.57,6156345.99]]],[[[595097.26,6156340.15],[595029.9,6156398.35],[595024.05,6156394.46],[595097.26,6156340.15]]],[[[602871.47,6159278.78],[602874.43,6159295.15],[602863.45,6159292.63],[602871.47,6159278.78]]],[[[602926.39,6159399.36],[602856.04,6159398.8],[602851.18,6159388.67],[602863.09,6159367.8],[602926.39,6159399.36]]],[[[602328.95,6159462.19],[602243.7,6159419.85],[602306.21,6159401.08],[602328.95,6159462.19]]],[[[569129.45,6159476.42],[569121.69,6159535.46],[569081.6,6159518.9],[569129.45,6159476.42]]],[[[569050.75,6159527.37],[568957.13,6159576.08],[568806.63,6159350.13],[568872.23,6159381.11],[568888.54,6159152.43],[568996.42,6159084.97],[568890.56,6159405.57],[569050.75,6159527.37]]],[[[569065.57,6159509.99],[569065.49,6159537.58],[568979.72,6159603.07],[569037.23,6159549.15],[569065.57,6159509.99]]],[[[569598.48,6159651.08],[569507.87,6159727.43],[569483.66,6159717.14],[569485.01,6159697.17],[569598.48,6159651.08]]],[[[569277.65,6159562.79],[569359.87,6159965.88],[569154.5,6159469.96],[569277.65,6159562.79]]],[[[570033.2,6160091.42],[569637.44,6160168.83],[569756.02,6160097.63],[570033.2,6160091.42]]],[[[570408.71,6159966.1],[570248.3,6160224.32],[570117.22,6160125.42],[570268.49,6160165.39],[570408.71,6159966.1]]],[[[569603.88,6160387.36],[569500.88,6160469.92],[569359.98,6160326.77],[569221.22,6160050.44],[569376.16,6159972.61],[569407.1,6160003.73],[569307.43,6160098.35],[569385.55,6160167.14],[569315.5,6160202.42],[569417.49,6160197.96],[569481.43,6160109.78],[569416.36,6160311.93],[569474.06,6160341.06],[569493.07,6160238.32],[569488.49,6160413.49],[569603.88,6160387.36]]],[[[601738.97,6160426.51],[601566.17,6160730.72],[601564.38,6160989.07],[601434.27,6161220.39],[601284.37,6161066.34],[601270.46,6160752.71],[601363.67,6160425.1],[601439.93,6160413.39],[601400.99,6160078.32],[601627.61,6160102.26],[601703.13,6160039.7],[601738.97,6160426.51]]],[[[602111.01,6161104.11],[602107.97,6161167.61],[602057.01,6161222.09],[602046.89,6161144.65],[602111.01,6161104.11]]],[[[600973.04,6161406.65],[601041.13,6161353.42],[600986.67,6161441.44],[600973.04,6161406.65]]],[[[573420.11,6162126.07],[572953.43,6162269.97],[573005.2,6162197.1],[573420.11,6162126.07]]],[[[575236.25,6162462.9],[575103.16,6162369.31],[575416.21,6162297.31],[575502.47,6162190.43],[575978.77,6162186.78],[576079.64,6162114.75],[576061.28,6162257.88],[575749.24,6162387.15],[575236.25,6162462.9]]],[[[601695.78,6162651.87],[601629.29,6162648.81],[601542.26,6162556.6],[601570.25,6162150.07],[601449.82,6161727.69],[601782.84,6161372.91],[601778.19,6161126.86],[601951.51,6160986.88],[601984.55,6160788.31],[602058.73,6160729.51],[602127.38,6160728.35],[602039.03,6160835.15],[601960.56,6161280.63],[602184.27,6161336.97],[602301.26,6161464.02],[602204.57,6161537.08],[601964.95,6161437.55],[601835.74,6161496.84],[601650.32,6162233.16],[601681.73,6162324.0],[601716.43,6162152.76],[601629.89,6162588.6],[601695.78,6162651.87]]],[[[574228.32,6162722.19],[573748.36,6162620.92],[573596.26,6162429.44],[573548.12,6162114.71],[573748.69,6162030.8],[573877.48,6162079.92],[573708.25,6162077.1],[573649.04,6162299.22],[573708.54,6162340.61],[574069.74,6162334.15],[574317.3,6162432.96],[574461.16,6162351.98],[574492.76,6162534.8],[574210.47,6162655.95],[574418.09,6162642.8],[574228.32,6162722.19]]],[[[572916.86,6162680.55],[572836.49,6162740.44],[572341.29,6162497.16],[572916.86,6162680.55]]],[[[581824.37,6162505.09],[581819.32,6162522.59],[581875.9,6162754.25],[581800.18,6162570.51],[581824.37,6162505.09]]],[[[572980.86,6162738.5],[572940.0,6162763.41],[572916.55,6162747.09],[572965.22,6162725.89],[572980.86,6162738.5]]],[[[573063.09,6162782.26],[573044.61,6162863.2],[572955.94,6162785.9],[573063.09,6162782.26]]],[[[582124.57,6163230.64],[582138.76,6163299.21],[582119.29,6163306.33],[582095.43,6163283.98],[582124.57,6163230.64]]],[[[580835.05,6163724.2],[580819.26,6163714.94],[580846.44,6163710.83],[580835.05,6163724.2]]],[[[581408.57,6163779.37],[581398.91,6163882.54],[581319.62,6163930.49],[581350.34,6163816.84],[581408.57,6163779.37]]],[[[581401.01,6163891.04],[581319.97,6164229.52],[581257.75,6164249.71],[581277.59,6164023.7],[581401.01,6163891.04]]],[[[581347.98,6164253.93],[581376.36,6164383.18],[581314.53,6164339.15],[581347.98,6164253.93]]],[[[581546.98,6164241.13],[581494.48,6164379.54],[581405.79,6164369.56],[581389.54,6163972.95],[581497.23,6163720.39],[581923.84,6163293.89],[581988.47,6162751.13],[582030.37,6162703.39],[581968.35,6163279.8],[582105.35,6162883.11],[582066.61,6163308.72],[581855.27,6163644.54],[581706.82,6163710.68],[581812.21,6163697.97],[581552.84,6164051.86],[581500.52,6164023.39],[581546.98,6164241.13]]],[[[573678.31,6167329.51],[573150.0,6167377.08],[573172.15,6166900.5],[573526.47,6166183.06],[573748.71,6165996.39],[573912.67,6165719.72],[574227.81,6165557.23],[574347.27,6165261.97],[574405.06,6163946.57],[574208.55,6163096.71],[574302.93,6162953.83],[574339.53,6163005.63],[574407.74,6162778.95],[574481.79,6162716.26],[574544.31,6162709.24],[574422.7,6162809.13],[574370.06,6162983.7],[574506.86,6162751.16],[574651.91,6162858.59],[574814.34,6163208.38],[574843.07,6163092.26],[574893.27,6163163.78],[574958.26,6163011.93],[575006.63,6163068.52],[575024.92,6162952.1],[575058.95,6163032.97],[574939.79,6163269.88],[574618.82,6163570.42],[574448.05,6163907.12],[574405.22,6165620.36],[574605.76,6166013.65],[575021.22,6166347.62],[575024.06,6166528.99],[574895.14,6166797.69],[574890.88,6166997.02],[574609.29,6167042.15],[574404.11,6166987.75],[573678.31,6167329.51]]]]}},
{"type":"Feature","properties":{"navn":"Sydjylland","nuts3":"DK032"},"geometry":{"type":"MultiPolygon","coordinates":[[[[514471.03,6201097.49],[514205.01,6201272.47],[513957.52,6201217.92],[513588.79,6200978.2],[513421.4,6199789.66],[513114.64,6199912.66],[512784.55,6198930.45],[512696.77,6198833.04],[512627.74,6198875.17],[512354.01,6198792.18],[512194.29,6198389.14],[512094.71,6197704.64],[512244.55,6196844.01],[511738.87,6196349.81],[511086.57,6196015.16],[511167.62,6195855.17],[511107.81,6195804.64],[511205.19,6195694.86],[510892.7,6195349.31],[510552.92,6194628.03],[510032.86,6194482.25],[509531.85,6193629.36],[509381.75,6193134.19],[509184.98,6193281.06],[508651.68,6193146.29],[508598.1,6192972.28],[508449.62,6192976.11],[507361.77,6191536.0],[506087.93,6192417.06],[505215.68,6191111.73],[504848.33,6190313.88],[504397.54,6188967.0],[504441.47,6188770.04],[504144.72,6189111.54],[504019.97,6189107.12],[503945.33,6189281.58],[503682.35,6189460.75],[502899.51,6187878.56],[501883.18,6188343.85],[501297.67,6187595.88],[500923.79,6187797.7],[500697.27,6187284.19],[500597.37,6187232.64],[500574.14,6187384.62],[500484.14,6187385.29],[500457.07,6187465.05],[500360.96,6187444.96],[500330.22,6187347.31],[500285.47,6187499.82],[500152.59,6187532.68],[500091.01,6187406.51],[500147.26,6187559.37],[500027.46,6187587.56],[500107.46,6187629.95],[500087.2,6187745.47],[499994.42,6187593.71],[499821.48,6187752.55],[499854.76,6187936.11],[499722.44,6187885.94],[499550.95,6187995.02],[499521.64,6188156.52],[499233.32,6188099.57],[498912.1,6188197.79],[498640.78,6188156.61],[498569.49,6188274.03],[498523.75,6188194.11],[498376.87,6188186.49],[498411.9,6188280.39],[498022.32,6188353.25],[497808.7,6188517.46],[497838.02,6188590.38],[497638.41,6188555.92],[497611.8,6188655.81],[497548.33,6188587.71],[497598.87,6188524.18],[497451.53,6188470.16],[497356.98,6188875.36],[497968.76,6191079.15],[497845.13,6193266.73],[496453.23,6194080.03],[495726.29,6193943.1],[492570.63,6194486.05],[492518.03,6194210.18],[492336.51,6194361.59],[492231.63,6194170.18],[491818.35,6194303.78],[491747.36,6194443.35],[491569.97,6194447.33],[490963.06,6192760.64],[490687.31,6192686.02],[489963.34,6192934.93],[488926.44,6189125.54],[487966.48,6188670.45],[487134.01,6188058.27],[487514.66,6187543.55],[487901.46,6187335.2],[488330.81,6186933.8],[488692.73,6186366.3],[488933.83,6186142.62],[489175.02,6186045.57],[489099.64,6185970.43],[485328.01,6184684.36],[484894.97,6184679.92],[484886.69,6184523.58],[484300.5,6184703.05],[483990.23,6184561.51],[482992.58,6185390.85],[482601.07,6185396.31],[482596.82,6186232.06],[482231.6,6186365.6],[482196.62,6186215.47],[481638.11,6186603.68],[481726.28,6186792.84],[481650.86,6186844.23],[481676.53,6186993.23],[481772.66,6186984.75],[481794.65,6187140.94],[481707.25,6187169.15],[481737.33,6187340.13],[481663.21,6187352.63],[481661.27,6187503.65],[481765.77,6187499.92],[481795.42,6187790.72],[481710.68,6188061.41],[480730.4,6188332.89],[479725.71,6189245.4],[478989.0,6189031.25],[478955.28,6188900.69],[478538.91,6188804.29],[476566.11,6188885.25],[476587.21,6188610.44],[476172.34,6188730.66],[476124.34,6188532.14],[475932.11,6188588.89],[475860.68,6188351.16],[475522.96,6188455.17],[475396.91,6188422.6],[474606.32,6188001.22],[474569.86,6187789.69],[474487.29,6187781.89],[474395.31,6187833.81],[474472.98,6188106.28],[474139.14,6188277.55],[474113.24,6188449.71],[473683.6,6188496.9],[473226.72,6188923.12],[473078.93,6189207.46],[472986.44,6189168.68],[472864.9,6189457.81],[470714.23,6188501.39],[471399.72,6187414.67],[471581.07,6186402.04],[471228.91,6186351.18],[470755.69,6185902.43],[470806.86,6185660.38],[470993.86,6185381.07],[470705.11,6185617.18],[470415.23,6185469.23],[469847.29,6185336.08],[469463.08,6185070.48],[469191.56,6183755.84],[469327.63,6183708.64],[469516.98,6182546.14],[469203.46,6182045.6],[468922.46,6181961.64],[468872.3,6181834.35],[468945.72,6181666.94],[468858.23,6181752.55],[468799.16,6181614.05],[468629.72,6181704.88],[468635.64,6181385.62],[468220.33,6181609.7],[468305.11,6181344.43],[467119.71,6181609.68],[467032.5,6181478.82],[466269.67,6181819.9],[466682.15,6180955.14],[466379.65,6180985.6],[465461.18,6181330.62],[465075.39,6181754.22],[464926.13,6182632.94],[464692.26,6182676.72],[464278.83,6182962.92],[464192.8,6182945.73],[464131.19,6183102.37],[463623.44,6183427.23],[463293.84,6183432.1],[463300.65,6183683.01],[463539.54,6183744.59],[463797.1,6183641.32],[463888.71,6183865.46],[462602.07,6184269.24],[461132.76,6184163.55],[461297.76,6184276.63],[460882.6,6184423.96],[460774.62,6184376.22],[460721.6,6184866.01],[460632.36,6184862.06],[460628.77,6184993.46],[459791.61,6185975.12],[459579.52,6186374.26],[459326.35,6186492.37],[457851.69,6184478.3],[457856.87,6184064.52],[457459.42,6184139.99],[457090.89,6184088.75],[457144.33,6184020.24],[456346.47,6183753.7],[456088.06,6183832.61],[455660.2,6183802.71],[455360.69,6184032.55],[455396.24,6184103.89],[455285.19,6184090.94],[455122.89,6184215.27],[454976.8,6184148.3],[454955.85,6183937.31],[454813.84,6183747.7],[454731.45,6183829.35],[454677.83,6183764.82],[454302.68,6183746.27],[454144.55,6183963.91],[454149.06,6184128.0],[453836.26,6184445.63],[452538.04,6185461.01],[451907.04,6185389.7],[451481.9,6185520.63],[451348.2,6185825.95],[451349.01,6186033.65],[451703.88,6186900.94],[450147.45,6187717.81],[449429.12,6187717.72],[448734.44,6187605.51],[448658.19,6187538.12],[448598.12,6187006.39],[448703.98,6187091.6],[448591.39,6186980.68],[448607.71,6186870.92],[448966.58,6186667.05],[449040.71,6186556.68],[448930.68,6186612.94],[448939.15,6186544.34],[449066.68,6186417.55],[449057.36,6186510.27],[449108.32,6186485.98],[449275.94,6186108.53],[449236.25,6186056.8],[448724.89,6186241.9],[448061.06,6185854.88],[448354.85,6182730.55],[448357.77,6181163.13],[448122.16,6178710.03],[447500.9,6175206.13],[447383.5,6174983.1],[446571.51,6171816.87],[446372.89,6171377.21],[445338.47,6167879.99],[443515.48,6162397.58],[442597.11,6159977.14],[442145.8,6158965.62],[441515.22,6157898.86],[441508.23,6157656.21],[441787.84,6157193.33],[442193.04,6156888.25],[443521.71,6156398.8],[444212.35,6155983.98],[445988.88,6155134.8],[446088.46,6155174.78],[446349.73,6154991.92],[446475.95,6155022.63],[446719.15,6154839.54],[446827.92,6154858.65],[447303.99,6154602.05],[447476.04,6154654.1],[447934.07,6154469.91],[450070.21,6152875.9],[452836.33,6150399.67],[454734.42,6148542.96],[454974.71,6148222.56],[455342.28,6148078.8],[455364.71,6148148.29],[455407.34,6148105.79],[455850.35,6148263.09],[455777.86,6148328.67],[455842.38,6148376.4],[456182.27,6148464.73],[456009.31,6148952.66],[456161.94,6149551.66],[456102.68,6149545.71],[456086.16,6149740.6],[456208.59,6149768.14],[456190.37,6150135.34],[455940.51,6150389.46],[455920.42,6150530.79],[455239.15,6151085.66],[454994.07,6151398.7],[454858.18,6151862.74],[454673.11,6151915.0],[454265.93,6152236.59],[454011.93,6152301.18],[453913.55,6152402.56],[453966.19,6152463.02],[453856.83,6152473.87],[453638.68,6152670.73],[453611.9,6152809.72],[453513.69,6152759.43],[453411.1,6152966.04],[453238.66,6153061.37],[453349.26,6153210.43],[453292.43,6153358.85],[453036.17,6153331.39],[452946.83,6153415.64],[452939.02,6153510.93],[453191.55,6153637.27],[453041.49,6153710.54],[453087.06,6153779.05],[452927.93,6153675.3],[452842.95,6153755.65],[453114.03,6153810.34],[453790.4,6154237.73],[453789.35,6154303.1],[453849.1,6154235.75],[453914.87,6154476.3],[452817.75,6154916.97],[452311.84,6155518.44],[452173.41,6155826.1],[452177.12,6156000.0],[451885.42,6156711.16],[451853.73,6157082.46],[451935.18,6157672.85],[451841.76,6158134.34],[451930.38,6158479.5],[452074.74,6158650.14],[452397.69,6158864.22],[452408.75,6159332.63],[452576.34,6159659.13],[453103.14,6160138.67],[453107.73,6160192.79],[453841.11,6161237.3],[454026.04,6161346.74],[454429.05,6161377.47],[455286.94,6161204.26],[456522.71,6160420.57],[456832.0,6159925.08],[456762.32,6159393.68],[456979.43,6159473.13],[457053.49,6159397.64],[456930.63,6159219.61],[456587.62,6159065.08],[456197.39,6159156.73],[455634.59,6158927.06],[455430.62,6158452.03],[455498.93,6157922.52],[456483.43,6156667.5],[456845.8,6155869.67],[458274.52,6154444.58],[459242.45,6152992.89],[460622.43,6151870.97],[460871.6,6151528.42],[461153.55,6150912.47],[462402.9,6149494.64],[462945.76,6148999.36],[462623.8,6148837.58],[462552.06,6148709.57],[462532.5,6148440.3],[462601.85,6148540.85],[462644.61,6148363.2],[462570.19,6148379.23],[462952.39,6147891.67],[463004.5,6147934.33],[462803.99,6148164.5],[462950.85,6148040.99],[462864.5,6148182.58],[462977.05,6148213.07],[463074.11,6147958.14],[463172.86,6148013.72],[463077.15,6148282.88],[463193.95,6148181.45],[463383.33,6148285.21],[463403.32,6148143.22],[463461.92,6148142.53],[463320.99,6148066.25],[463262.94,6148124.68],[463348.41,6147964.72],[463166.39,6147861.08],[463485.53,6147429.37],[463326.6,6147784.35],[463586.68,6147914.4],[463717.71,6147673.62],[463556.88,6147586.35],[463494.04,6147679.65],[463536.26,6147571.55],[463606.67,6147500.05],[463577.91,6147563.58],[463732.0,6147647.46],[463795.49,6147530.06],[463551.09,6147453.74],[463533.75,6147332.04],[463607.21,6147119.84],[463579.63,6147240.37],[463938.66,6147427.9],[464364.01,6146828.86],[464112.24,6146628.28],[464054.22,6146853.42],[463888.9,6146666.33],[463681.85,6147026.6],[463663.61,6147025.22],[464002.83,6146452.86],[464010.33,6146197.27],[464146.77,6146055.33],[464308.45,6145925.74],[464320.37,6146178.5],[464453.96,6146420.04],[464519.22,6146408.07],[464500.26,6146180.22],[464633.5,6146230.3],[464576.14,6146128.89],[464690.48,6146201.04],[464752.45,6146629.94],[464996.17,6146490.88],[464799.41,6146331.92],[464772.94,6146190.01],[465122.45,6146162.71],[465152.2,6146361.8],[465273.68,6146343.81],[465203.96,6145868.17],[464771.28,6145901.24],[464486.25,6145812.53],[464744.2,6145787.45],[465214.18,6145513.36],[466543.63,6144967.28],[466612.26,6145112.12],[467071.27,6145406.59],[467240.56,6145218.44],[467277.99,6145032.96],[467033.7,6144803.17],[466848.97,6144844.13],[467198.52,6144687.2],[467718.25,6145070.03],[468033.85,6145546.36],[468651.32,6145278.86],[469618.1,6145129.52],[470284.55,6145281.68],[470527.13,6145463.81],[470626.87,6145358.51],[471162.86,6145635.23],[471433.74,6145494.91],[471663.1,6145476.78],[471735.75,6145339.39],[471929.74,6145283.8],[471989.69,6145073.68],[472042.26,6145092.35],[472265.11,6144701.72],[472440.74,6144566.32],[472779.08,6144372.06],[472925.97,6144385.71],[473700.22,6144046.99],[474197.69,6143679.78],[474423.89,6143330.32],[474850.69,6142973.72],[475057.03,6142899.75],[475151.97,6143046.9],[475237.36,6142882.45],[475955.46,6142525.45],[476094.62,6142355.35],[476010.84,6142280.36],[476143.24,6142310.9],[476150.12,6142099.63],[476062.32,6142089.2],[476154.31,6142088.88],[476164.03,6141893.64],[476094.78,6141877.22],[476162.67,6141882.58],[476194.55,6141706.02],[476133.95,6141683.3],[476197.27,6141639.99],[476135.3,6141499.15],[476169.11,6141225.9],[476270.64,6141126.99],[476494.22,6140208.1],[476640.12,6140150.78],[476570.01,6140060.22],[476469.7,6140114.07],[476588.62,6140045.65],[476505.13,6139995.92],[476665.76,6140042.05],[476663.89,6139890.32],[476859.85,6139513.88],[476856.81,6139429.99],[476731.54,6139475.51],[476709.04,6139265.97],[476754.63,6139118.96],[476887.33,6139093.56],[476789.77,6138983.2],[476924.97,6138901.05],[476852.96,6138755.52],[476952.19,6138446.94],[477070.98,6138356.79],[477158.12,6138442.6],[477224.75,6138308.02],[477232.6,6138018.81],[477153.41,6138124.63],[477087.94,6138084.88],[477154.34,6137878.29],[477250.46,6137868.81],[477145.02,6137743.93],[477227.84,6137581.69],[477410.04,6137514.09],[477367.14,6137264.25],[477441.41,6137188.73],[477379.2,6137150.71],[477455.88,6137131.77],[477437.4,6137011.07],[477601.98,6136831.72],[477549.66,6136735.4],[477849.28,6135799.02],[477896.2,6135058.88],[477977.42,6135067.09],[477936.34,6134910.16],[478011.14,6134838.35],[478079.65,6134879.09],[478047.9,6134759.79],[478163.82,6134663.54],[478072.56,6134589.43],[478132.9,6134572.97],[478116.56,6134325.69],[478193.24,6134186.3],[478147.08,6134062.26],[478274.17,6133892.42],[478242.26,6133665.42],[478422.69,6133657.72],[478374.0,6133546.97],[478544.61,6133084.92],[479436.25,6132685.02],[479219.38,6132688.1],[478869.16,6132841.14],[478682.1,6132640.38],[478778.16,6132284.3],[479043.82,6132078.64],[479316.93,6132097.52],[479488.97,6131859.88],[479081.22,6131818.89],[479064.16,6131402.42],[479134.27,6131309.6],[479055.86,6131049.54],[478942.13,6131049.46],[478818.43,6131188.08],[478827.85,6131338.39],[478660.31,6131114.96],[478746.29,6130921.31],[479021.76,6130920.84],[479080.53,6130829.91],[478960.18,6130696.22],[479032.72,6130627.7],[478893.13,6130520.23],[478913.08,6130359.27],[478802.82,6130297.57],[478885.85,6130240.79],[478825.79,6129938.91],[478470.09,6129173.76],[478408.37,6129384.63],[478328.27,6129152.93],[477858.4,6129314.03],[477716.84,6129262.04],[477349.64,6129430.19],[477322.31,6129342.29],[476403.86,6128826.08],[476337.13,6128924.88],[475912.24,6128686.3],[475909.84,6128574.54],[475792.63,6128630.48],[475766.7,6128479.92],[475620.26,6128520.37],[475434.41,6128306.53],[475195.98,6128290.71],[475155.92,6128168.23],[474978.22,6128102.23],[474743.71,6127840.41],[474767.25,6127767.81],[474708.85,6127813.71],[474403.68,6127697.34],[474418.05,6127623.38],[474366.59,6127683.43],[474041.23,6127558.76],[473856.88,6127808.47],[473293.24,6127525.93],[472963.68,6127680.0],[472151.49,6127840.45],[471482.39,6127664.33],[471108.23,6127398.96],[470929.75,6127032.72],[470388.03,6126444.77],[470220.95,6126078.98],[470190.5,6125505.28],[470348.87,6125080.12],[470859.68,6124528.1],[471205.66,6124389.94],[471359.78,6124443.4],[471986.44,6124400.1],[472584.4,6124817.7],[473518.52,6126756.94],[473614.66,6126743.49],[473723.1,6127037.48],[473898.9,6127165.41],[474101.18,6127174.83],[474216.58,6127414.81],[474977.79,6127702.37],[475225.22,6128052.69],[475354.25,6128005.59],[475321.45,6127955.96],[475439.01,6128090.14],[475398.65,6128220.9],[475464.1,6128135.81],[475568.58,6128178.29],[475516.4,6128134.91],[475651.88,6128211.86],[475640.68,6128287.96],[475673.83,6128224.54],[475828.67,6128312.83],[475781.29,6128440.69],[475888.18,6128373.09],[475999.68,6128500.29],[476109.12,6128487.04],[476233.5,6128654.54],[476279.78,6128585.48],[476236.73,6128714.08],[477294.71,6129310.73],[477978.3,6129099.95],[478012.56,6128974.83],[477952.87,6128957.4],[478277.29,6128857.66],[478113.72,6128529.41],[478178.48,6128564.61],[478151.65,6128488.82],[478231.64,6128480.38],[478240.87,6128387.51],[478126.01,6128058.61],[478051.91,6128073.2],[478133.38,6128032.88],[478021.64,6127817.0],[478047.63,6127698.37],[477975.46,6127697.33],[478044.21,6127634.35],[477843.97,6127553.83],[478042.08,6127433.82],[478061.06,6126681.03],[478239.82,6126417.55],[478165.03,6126011.5],[478374.58,6125686.79],[478342.69,6125634.76],[478139.99,6125685.83],[478111.53,6125553.77],[478043.07,6125583.5],[477991.05,6125977.13],[477882.88,6125991.38],[477725.66,6125721.05],[477818.54,6125523.27],[477779.55,6125419.33],[477704.61,6125421.7],[477718.05,6125253.74],[477375.78,6125008.24],[477345.49,6124897.0],[477489.36,6124653.51],[477841.68,6124648.34],[477970.2,6124237.19],[478120.3,6124306.7],[478141.31,6124199.65],[478275.39,6124242.52],[478302.11,6124346.97],[478464.74,6124352.6],[478461.39,6124451.44],[478594.41,6124350.54],[478551.76,6124261.97],[478445.16,6124268.19],[478425.03,6124153.13],[478469.94,6123913.23],[478574.9,6123947.66],[478571.93,6123858.79],[478342.44,6123867.99],[478270.23,6123720.35],[478163.93,6123795.27],[478033.64,6123736.01],[478138.4,6123683.55],[478089.45,6123466.13],[478211.22,6123188.3],[478300.71,6123142.42],[478313.81,6123219.55],[478427.91,6123106.23],[478644.13,6123171.27],[478718.96,6123095.79],[478514.32,6123020.67],[478257.83,6122626.01],[478304.19,6122505.05],[478468.78,6122436.53],[478479.96,6122149.77],[478406.87,6122176.34],[478378.32,6122348.44],[478239.57,6122438.89],[478144.33,6122393.23],[478296.98,6122195.46],[478195.86,6122093.61],[478318.29,6122042.41],[478164.98,6121944.9],[478253.77,6121893.86],[478186.85,6121807.2],[478306.99,6121761.35],[478262.84,6121362.7],[478331.38,6121253.08],[478410.78,6121293.91],[478496.69,6120954.56],[478233.52,6120884.98],[478483.01,6119895.17],[478273.33,6119894.15],[478098.57,6119758.89],[478210.56,6119367.52],[478298.58,6119313.61],[478493.34,6119361.23],[478717.63,6119577.42],[478981.49,6117957.93],[479080.28,6117813.3],[478989.1,6117897.03],[479275.19,6115801.45],[479460.86,6115741.89],[479897.32,6112489.21],[478214.3,6112261.02],[478279.86,6111768.62],[477489.74,6111662.14],[477515.23,6111467.35],[476914.99,6111390.26],[476888.41,6111585.3],[475161.15,6111416.99],[472439.96,6111972.77],[472480.4,6112166.65],[472579.94,6112148.83],[472658.61,6112540.56],[472757.35,6112522.64],[472836.9,6112909.76],[472691.04,6112944.14],[472729.0,6113140.28],[472543.23,6113191.06],[472777.37,6114127.82],[473715.51,6114958.13],[474105.76,6115602.22],[474081.93,6115827.19],[473789.42,6116164.11],[472929.54,6116596.81],[472704.15,6116628.91],[472850.93,6116681.41],[472808.64,6116820.23],[472117.69,6117221.32],[471842.64,6117320.36],[471725.34,6117194.3],[471428.57,6117298.48],[471052.14,6117108.07],[471446.95,6117388.21],[471459.21,6117576.42],[470200.56,6118054.55],[470066.41,6117896.83],[469549.91,6116674.74],[470074.13,6118143.37],[469738.19,6118376.61],[469396.61,6118460.82],[468622.0,6118120.68],[468281.6,6117822.84],[467700.37,6116897.12],[467370.19,6116534.49],[467162.81,6116054.01],[467009.33,6115195.91],[466788.13,6114714.98],[466659.87,6114081.7],[466655.82,6113633.7],[466876.06,6112922.18],[467042.38,6112847.79],[467354.45,6112995.83],[467109.75,6112847.35],[466934.86,6112838.0],[466607.17,6113288.65],[466654.39,6112185.48],[466449.76,6109533.45],[465799.87,6106093.76],[466267.36,6106248.45],[466545.31,6106180.98],[467132.2,6105621.87],[467166.39,6105439.34],[466564.85,6106061.71],[466285.6,6106204.42],[466284.98,6106138.13],[466506.22,6106068.96],[465863.77,6106016.68],[465698.08,6105723.31],[465779.64,6105399.65],[466109.94,6104996.57],[466370.13,6104408.45],[466761.04,6103983.08],[467180.95,6103218.19],[467757.31,6102625.34],[468065.72,6101880.45],[468070.64,6101964.48],[468669.31,6101357.33],[469003.53,6101371.16],[469130.63,6101456.41],[469099.23,6101574.29],[469220.18,6101672.88],[469437.28,6101706.31],[469325.08,6101872.68],[469505.37,6101858.32],[469478.09,6101973.14],[469625.95,6101859.99],[469868.09,6101881.73],[470414.49,6102236.22],[470473.81,6102429.28],[470421.38,6102639.32],[470948.26,6102796.09],[470963.82,6103097.31],[471293.32,6103227.01],[471367.66,6103391.05],[471718.78,6103556.71],[471797.52,6103777.97],[472076.07,6104066.54],[472134.34,6104300.3],[472664.35,6104398.48],[472522.44,6104463.82],[472507.8,6104561.14],[472489.35,6104373.86],[472410.09,6104373.09],[472408.65,6104562.89],[472258.66,6104562.42],[472218.55,6104706.17],[472343.74,6104742.56],[472701.32,6104591.5],[472098.55,6104909.65],[471759.2,6105772.4],[471336.8,6106138.76],[471353.36,6106457.67],[471631.34,6107020.91],[471632.96,6107531.31],[471909.72,6108492.65],[471875.19,6108603.7],[471757.08,6108592.73],[471624.67,6108776.39],[471611.34,6109444.99],[471449.97,6109832.19],[471435.79,6110464.31],[471355.44,6110678.18],[471402.81,6110955.96],[471728.73,6111554.77],[471885.78,6111616.11],[475331.89,6110941.94],[477151.0,6111151.47],[477131.63,6111299.09],[477203.07,6111314.26],[478581.31,6111367.13],[478935.49,6111237.53],[479207.86,6111244.07],[479477.83,6111078.99],[479610.98,6111077.94],[479686.45,6111029.51],[479745.99,6111041.21],[479983.72,6110871.82],[479681.32,6110539.08],[479462.78,6109932.75],[479570.46,6109892.99],[479489.34,6109730.71],[479957.3,6109388.67],[479317.36,6109319.13],[478833.66,6107959.02],[478786.66,6107612.8],[478699.54,6107530.78],[478530.93,6106780.3],[478365.9,6106571.51],[478402.4,6106398.65],[478162.24,6106026.1],[478246.58,6105870.96],[477896.09,6105380.3],[477640.61,6104775.18],[477418.89,6104811.77],[476461.79,6099302.96],[476610.71,6099275.86],[476597.31,6098438.46],[477268.9,6096269.05],[477247.94,6096062.39],[477318.81,6096027.19],[477434.93,6095488.64],[477405.33,6095332.41],[477538.62,6095270.03],[477583.61,6094905.38],[478177.16,6093333.13],[478020.76,6093325.32],[478092.06,6090740.62],[477413.71,6088432.92],[477365.11,6088445.96],[476666.84,6085494.52],[476522.02,6085533.21],[476507.88,6085514.29],[476730.38,6085464.57],[476589.05,6085017.44],[478203.32,6084681.87],[478750.32,6084970.63],[479501.5,6084886.94],[479930.03,6084698.53],[480820.71,6084022.01],[481253.47,6083805.32],[481390.54,6083577.16],[481827.79,6083395.44],[481800.2,6083312.64],[481875.57,6083253.41],[482547.58,6082889.62],[483209.53,6082942.03],[483964.41,6083199.59],[483987.27,6083325.15],[484286.96,6083343.4],[484584.07,6083079.71],[485699.27,6082867.24],[485664.89,6083183.85],[485977.01,6083432.55],[486550.17,6083644.79],[486741.14,6083847.47],[487120.12,6083966.49],[487115.34,6084201.69],[487907.23,6084339.86],[487941.34,6084189.66],[488385.05,6084116.59],[488729.83,6084442.6],[489072.73,6084383.72],[489080.58,6084304.21],[489314.13,6084420.59],[489548.27,6084292.66],[489865.83,6083810.93],[490299.85,6083375.42],[490994.25,6083307.31],[491398.45,6083660.32],[491837.53,6083596.74],[492151.47,6083902.22],[492784.5,6083952.98],[493090.55,6084212.67],[493262.78,6084111.3],[493721.83,6084162.2],[493856.7,6084094.4],[494262.44,6084098.05],[494436.59,6084021.23],[494440.18,6083892.73],[494672.05,6084006.95],[494940.32,6083947.55],[495076.95,6084047.24],[496669.88,6083947.97],[497150.95,6083770.26],[497230.06,6083811.66],[497635.01,6083641.94],[497792.63,6083471.67],[498556.3,6083198.36],[498981.47,6082793.08],[500932.53,6082162.37],[501904.89,6081481.35],[501872.88,6081241.74],[503071.11,6080550.29],[503693.34,6080654.11],[504060.12,6080459.1],[504880.92,6080534.82],[505818.91,6080352.64],[506133.43,6080551.18],[506381.46,6080547.63],[507087.53,6080778.28],[507897.41,6080626.42],[508746.85,6080749.59],[509188.56,6080667.46],[509921.2,6080434.45],[510277.86,6080210.66],[511929.18,6079591.93],[512065.2,6079343.48],[512489.88,6079144.99],[513164.52,6079124.92],[514351.71,6078522.09],[515427.21,6078123.95],[515726.3,6077443.7],[515111.8,6076477.18],[515149.05,6076039.99],[515810.94,6074478.88],[516072.8,6073637.06],[517021.48,6073764.78],[517382.9,6073920.1],[518266.82,6073647.15],[518407.93,6073052.03],[518959.1,6072764.0],[519000.051,6072929.95],[518770.31,6073261.07],[518860.96,6073569.59],[521176.89,6073209.93],[521238.44,6073054.18],[522095.96,6072616.68],[522215.35,6072830.55],[521987.16,6072992.32],[522060.64,6073382.88],[522268.13,6073335.2],[522914.69,6074300.05],[523189.08,6074402.09],[523355.3,6074299.54],[523312.08,6074438.34],[523501.44,6074643.56],[523818.44,6074723.17],[524040.89,6074959.97],[523940.08,6075058.28],[524127.8,6075472.851],[524090.64,6075604.72],[524176.68,6075845.68],[524040.07,6076078.23],[524071.62,6076307.499],[524168.79,6076364.76],[524337.77,6076280.431],[524507.99,6076544.42],[524466.28,6076770.366],[524588.57,6076958.69],[525141.91,6076874.61],[525860.49,6077112.72],[525924.53,6076933.98],[526220.41,6077354.66],[526393.94,6077296.91],[526851.61,6076849.34],[526876.62,6076674.89],[526744.62,6076604.69],[526730.93,6076481.53],[526851.18,6076195.26],[527755.97,6076196.47],[528410.26,6076716.64],[528591.0,6076802.91],[528651.01,6076755.74],[528744.47,6076879.33],[529696.38,6076998.73],[529797.54,6077216.72],[530240.41,6077680.11],[531326.15,6078053.85],[531161.53,6078020.31],[531090.12,6078143.83],[531506.18,6078985.7],[531643.63,6079130.47],[532115.05,6079339.23],[532008.16,6079362.1],[532086.18,6079604.93],[532558.07,6080443.92],[532713.68,6080612.79],[533111.44,6080535.74],[533350.98,6080660.09],[533517.02,6081092.93],[533747.93,6081293.74],[534391.97,6081182.34],[534422.72,6081311.17],[534336.46,6081352.24],[534332.06,6081494.01],[534585.25,6081751.18],[534978.57,6081632.64],[535488.21,6081217.24],[535722.62,6081155.41],[536011.3,6081402.13],[536311.23,6081514.35],[536471.63,6081866.86],[536877.75,6082306.8],[537053.02,6082699.44],[537149.41,6083582.54],[536854.99,6083767.67],[536859.46,6084013.52],[537138.74,6084135.49],[537411.29,6084449.77],[537796.03,6084417.95],[538314.91,6084580.41],[538369.14,6084655.15],[538302.23,6084849.75],[538602.56,6084913.38],[538594.4,6085046.43],[538294.39,6085409.46],[537761.12,6085386.4],[537754.32,6085497.18],[538113.79,6085831.06],[538260.55,6085857.82],[538280.6,6085939.55],[538492.61,6085949.13],[538500.34,6086051.02],[538502.57,6085949.02],[538656.69,6085975.59],[538763.01,6085891.72],[538948.21,6085431.01],[539057.72,6085425.47],[539186.62,6085558.99],[539329.13,6086866.25],[539378.1,6086989.06],[539532.66,6086999.98],[539403.65,6087009.57],[539403.04,6087123.04],[539621.85,6087538.72],[539957.36,6087761.09],[540192.5,6087755.97],[540825.98,6087540.93],[541189.21,6087112.93],[541858.4,6086860.51],[542181.12,6086556.9],[542299.23,6086310.61],[542433.36,6086374.38],[542685.13,6086203.38],[542751.96,6085981.76],[542964.34,6086006.46],[542923.57,6085767.63],[543158.71,6085688.92],[543078.87,6085455.43],[543239.04,6085366.44],[542926.42,6084934.89],[542562.35,6084894.36],[542386.1,6084989.56],[542205.43,6084920.55],[542174.72,6085130.41],[542146.57,6084890.79],[542053.72,6084805.9],[542004.8,6084894.11],[542107.47,6085170.39],[542007.57,6084943.64],[541841.25,6084940.96],[541946.84,6085287.08],[541838.57,6085161.09],[541699.93,6085155.15],[541598.84,6085282.72],[541564.52,6085524.99],[541441.62,6085445.93],[541357.23,6085549.76],[541389.66,6085627.8],[541286.32,6085554.18],[541219.72,6085611.13],[540871.1,6085591.52],[540825.37,6085666.46],[540856.64,6085581.73],[540762.23,6085452.43],[540596.24,6085390.05],[539850.96,6085239.7],[539598.57,6085277.72],[539451.21,6085091.98],[538934.64,6085045.62],[538527.27,6084726.68],[538377.21,6084501.73],[538401.88,6084363.85],[539037.91,6084267.36],[539396.48,6084005.04],[539628.46,6083718.83],[539571.03,6083618.7],[539640.04,6083657.92],[539803.55,6083415.77],[539639.0,6083310.52],[539487.03,6083549.21],[539639.27,6083303.57],[539836.88,6083363.44],[540227.71,6083185.28],[540189.57,6083248.47],[540319.93,6083231.04],[540242.23,6083186.68],[540362.27,6083213.84],[540358.34,6083107.63],[540706.8,6083070.95],[540789.87,6083147.5],[540950.99,6083078.2],[541204.75,6082668.28],[541186.28,6082210.49],[541289.81,6082048.64],[541598.91,6081810.8],[541746.82,6081871.24],[542151.66,6081718.44],[542106.24,6081355.29],[541956.73,6081234.0],[541745.52,6081218.27],[541958.89,6081209.93],[541726.71,6081117.62],[541846.84,6081049.08],[541803.69,6080949.58],[541695.28,6080930.57],[541731.26,6080792.66],[541566.52,6080806.71],[541417.91,6080497.65],[540907.98,6080134.79],[540834.99,6080155.32],[540903.18,6079662.48],[541013.74,6079491.18],[541513.85,6079127.44],[542303.88,6078854.55],[542598.51,6078797.66],[543073.49,6079059.81],[543657.6,6079121.24],[544286.54,6078982.78],[544639.6,6078722.35],[545352.69,6078598.49],[545462.9,6078299.94],[545275.09,6078102.27],[545250.39,6077956.59],[545434.97,6077789.04],[546341.87,6077345.87],[546708.94,6076653.15],[546892.55,6076822.58],[547756.46,6076901.77],[548221.82,6077154.44],[548371.62,6077353.42],[548530.81,6077904.38],[548851.52,6078290.96],[548869.78,6078474.62],[548718.17,6078922.36],[548679.32,6079689.48],[548206.52,6079854.49],[547653.69,6080534.2],[547552.5,6080898.46],[547558.24,6081605.55],[547418.44,6081930.65],[546500.22,6082694.94],[546366.69,6082600.08],[546151.69,6082666.89],[545787.85,6082551.67],[545500.51,6082580.22],[545222.73,6082713.63],[545026.75,6082989.55],[544963.42,6083363.17],[545195.69,6084021.49],[545513.01,6084280.86],[546302.76,6084260.1],[547604.71,6083932.54],[548068.82,6083699.02],[548513.32,6083611.4],[549291.39,6083890.46],[550051.4,6084483.97],[549985.19,6084721.74],[550161.61,6085151.01],[550043.17,6085382.42],[549843.8,6085537.21],[549176.46,6085724.36],[548946.19,6086079.28],[548894.43,6086476.96],[548959.28,6086787.57],[548806.06,6086920.47],[548478.04,6086874.28],[548366.47,6087150.49],[548436.22,6087466.65],[548403.27,6088337.04],[548096.72,6089332.54],[548136.63,6089689.61],[547993.98,6090507.33],[548139.21,6091311.5],[547440.56,6092141.61],[547324.59,6092164.38],[547413.55,6092190.21],[547246.48,6093641.2],[546460.49,6093623.98],[546144.15,6093739.42],[546050.29,6093883.42],[545776.4,6093940.81],[544310.93,6093661.08],[544132.16,6093796.68],[543698.31,6094430.44],[543172.51,6094630.19],[542917.21,6094864.51],[542915.15,6094969.54],[542754.37,6094909.58],[542317.94,6095100.24],[541958.6,6095344.61],[541875.86,6095589.92],[541761.87,6095676.35],[541251.43,6095796.7],[540892.91,6096067.77],[540290.05,6096110.68],[540157.6,6096515.35],[539672.41,6096861.02],[539484.29,6097124.76],[539203.99,6097805.45],[538890.69,6098313.29],[538940.8,6098483.19],[538767.27,6098907.45],[538315.97,6099338.73],[537861.51,6099442.66],[537122.64,6099876.85],[536805.97,6099836.47],[536682.4,6099703.01],[536793.59,6099091.11],[536586.29,6098733.61],[536317.81,6098653.45],[535693.19,6098657.14],[535247.41,6098445.18],[535001.84,6098451.25],[534366.68,6098206.57],[533616.5,6097801.15],[533160.71,6097645.25],[532372.85,6096759.21],[532105.39,6096761.31],[532002.88,6096649.44],[531612.35,6096545.43],[531179.62,6096637.86],[530724.24,6096882.01],[530646.44,6096781.23],[529414.05,6096829.06],[529009.63,6096701.05],[528582.49,6097064.8],[528490.84,6097445.43],[528264.09,6097567.9],[528190.02,6097712.43],[527826.25,6097625.51],[527835.87,6097491.16],[527769.38,6097606.58],[527892.14,6097293.82],[527327.94,6097510.38],[527136.63,6097683.12],[527005.96,6097990.57],[526958.39,6098522.47],[527064.32,6098658.12],[527147.06,6098655.49],[527176.65,6098559.46],[527216.35,6099004.92],[527162.48,6098792.44],[526998.69,6098791.21],[527000.48,6099119.12],[527172.53,6099131.71],[527187.91,6099041.72],[527188.04,6099164.96],[526987.56,6099179.08],[526973.55,6099195.79],[526974.96,6099263.06],[526989.34,6099194.83],[527269.04,6099171.02],[527308.03,6099034.66],[527367.82,6099052.44],[527280.22,6099435.27],[527043.11,6099366.39],[527044.88,6099435.41],[527325.69,6099493.39],[527036.32,6099527.88],[527035.98,6099588.82],[527324.73,6099613.73],[527245.27,6100076.19],[527346.0,6100101.7],[527394.0,6099634.67],[527492.06,6099614.9],[527435.07,6099579.0],[527473.63,6099547.26],[527491.11,6099607.07],[527588.25,6099471.05],[528237.41,6099401.6],[529414.97,6099779.08],[529595.16,6100138.21],[529763.9,6100263.73],[530309.24,6100185.17],[530744.49,6100295.05],[531190.59,6100170.37],[531635.23,6100214.34],[532000.0,6099926.24],[532089.46,6099894.43],[532142.71,6099901.7],[532004.37,6099946.62],[532048.06,6100111.45],[533024.55,6100836.63],[534000.0,6102101.58],[534780.24,6102774.09],[535150.39,6103299.96],[535243.99,6103934.37],[535161.99,6104900.79],[534967.66,6104836.33],[534410.65,6105146.42],[534032.35,6106067.08],[533881.76,6106267.07],[533669.34,6106376.78],[533506.72,6106754.67],[533167.86,6107094.54],[532866.69,6107195.76],[532781.57,6107099.76],[532357.26,6107229.57],[532137.67,6107442.81],[531887.0,6107947.17],[531708.62,6108129.55],[531418.82,6108190.15],[531302.79,6108173.08],[531193.59,6108019.88],[530972.16,6107964.91],[530759.44,6107667.38],[530639.82,6107730.05],[530600.62,6107961.32],[530484.25,6108080.58],[530201.25,6107931.27],[530076.41,6107704.06],[529746.81,6107556.56],[529634.73,6107684.53],[529370.77,6107723.71],[529251.39,6107606.13],[529152.65,6107584.34],[529349.54,6107776.96],[529314.78,6108054.13],[529606.92,6108478.47],[529646.76,6108406.89],[529539.98,6108260.71],[529630.32,6108281.16],[529699.91,6108165.33],[529519.59,6108020.89],[529506.97,6107865.34],[529881.07,6107852.93],[529936.17,6108533.68],[529680.22,6108438.05],[529570.19,6108700.79],[529737.19,6108913.46],[529922.25,6108997.45],[530082.65,6109388.06],[530289.96,6109535.83],[530543.46,6109475.8],[530755.66,6109309.17],[531281.13,6109357.24],[531812.01,6109011.75],[532434.12,6108998.39],[532840.76,6108883.69],[533147.42,6109111.78],[533139.07,6109328.31],[532941.64,6109395.16],[532158.76,6110065.69],[532052.84,6110538.77],[532001.05,6111525.83],[531948.14,6111643.19],[531756.09,6111649.12],[531659.25,6111888.82],[531765.64,6112330.95],[532157.04,6112618.35],[532362.69,6112640.85],[533457.1,6113122.17],[535003.94,6114463.46],[535760.68,6114704.95],[536329.27,6115392.71],[536508.53,6115504.21],[536923.9,6116082.21],[537620.94,6116500.05],[538292.05,6116533.13],[539001.31,6116373.27],[539536.29,6116078.07],[539760.44,6115670.82],[539765.28,6116050.86],[539197.17,6116391.71],[540057.62,6116055.37],[540233.8,6115696.75],[540275.69,6115378.68],[540639.84,6114822.97],[540612.05,6114592.5],[540228.66,6114464.4],[540070.91,6114533.7],[539946.65,6114877.6],[539977.59,6115443.23],[540197.5,6115524.02],[540075.12,6115535.07],[539863.88,6116031.37],[539793.17,6115983.73],[539835.48,6115675.77],[539712.64,6115653.24],[539701.99,6115736.37],[539542.61,6115570.18],[539530.31,6115426.83],[539621.02,6114888.44],[539926.11,6114461.46],[540116.74,6114367.44],[540651.73,6114493.25],[542613.37,6115966.86],[544022.81,6116601.89],[544180.9,6116742.66],[544318.73,6117071.53],[544205.88,6117754.78],[544029.27,6118232.88],[544050.76,6118785.36],[543962.96,6119322.01],[543999.59,6119596.51],[544296.97,6120130.32],[544272.28,6120184.75],[544278.05,6120254.7],[544201.14,6120132.08],[544091.04,6120066.85],[544113.96,6120041.19],[543973.48,6119970.7],[544007.44,6119914.79],[543895.85,6119752.21],[543640.34,6119617.26],[543626.11,6119564.25],[543710.05,6119599.73],[543742.4,6119545.07],[543637.05,6119549.56],[543627.27,6119363.73],[543402.07,6119367.41],[543230.07,6119183.19],[543311.15,6119122.45],[543305.69,6119199.23],[543371.42,6119264.7],[543347.76,6119182.96],[543525.19,6119175.3],[543862.99,6119004.79],[543789.38,6118920.34],[543649.47,6118930.74],[543571.49,6119112.88],[543443.86,6119145.52],[543502.8,6118859.5],[543396.01,6118588.85],[542980.38,6118560.65],[542681.52,6118691.45],[542258.43,6118469.37],[541845.78,6118400.53],[541659.98,6118608.0],[541626.24,6118848.5],[541690.01,6118938.65],[541834.87,6118869.92],[541888.17,6118940.52],[541862.39,6119645.11],[541952.1,6119953.8],[542138.49,6120071.4],[542729.6,6120239.28],[542860.79,6119962.78],[543071.61,6119770.35],[543029.5,6119703.83],[542914.19,6119741.17],[543119.56,6119577.86],[543126.9,6119233.01],[543273.09,6119360.33],[543156.12,6119421.19],[543565.67,6119398.09],[543553.9,6119588.19],[543689.13,6119776.25],[543857.32,6119758.3],[543886.12,6119816.72],[543892.18,6119974.37],[543913.93,6120011.3],[544169.55,6120122.7],[544266.15,6120292.2],[544347.61,6120335.44],[544255.69,6120264.72],[544296.29,6120255.77],[544301.98,6120162.35],[544560.71,6120497.47],[545196.32,6120960.17],[545512.77,6121474.81],[545259.89,6121795.13],[545276.26,6122091.86],[545693.71,6122953.5],[545507.73,6123801.17],[545356.42,6123904.24],[545332.79,6124146.24],[545286.94,6124112.11],[545253.57,6124223.55],[545182.82,6124140.26],[545218.42,6124233.1],[545142.11,6124162.05],[544935.32,6124252.6],[545018.41,6124352.27],[545183.05,6124255.47],[545273.65,6124244.69],[545022.94,6124363.26],[544677.03,6124364.09],[544238.88,6124804.24],[543411.88,6125148.13],[542253.06,6125931.3],[541920.91,6126451.74],[541796.53,6126530.91],[541748.61,6126430.95],[541452.74,6126304.8],[540962.84,6126223.53],[540541.61,6126617.18],[540536.47,6126739.5],[540351.66,6126737.78],[540009.14,6126697.62],[539810.23,6126552.66],[539597.27,6126119.5],[539253.34,6125818.38],[539180.64,6125449.24],[538984.06,6125225.57],[538752.13,6125129.2],[538268.82,6125158.57],[537492.46,6125029.16],[537276.3,6124907.95],[537158.81,6124596.69],[537469.73,6124022.99],[537452.27,6123588.4],[537247.23,6123312.77],[536901.94,6123217.31],[536540.13,6122972.71],[536293.42,6123021.3],[536113.99,6122459.88],[535996.41,6122450.69],[535834.82,6122565.89],[535981.62,6122705.36],[535947.17,6122794.04],[535713.01,6122635.33],[535795.77,6122624.72],[535730.93,6122528.13],[535497.74,6122385.77],[535404.89,6122491.16],[535650.43,6122483.59],[535657.79,6122619.78],[535078.9,6122433.31],[533899.26,6122639.47],[533642.84,6122635.13],[533445.91,6122518.74],[533174.38,6122776.58],[532622.92,6122804.91],[532200.11,6122778.42],[531974.07,6122575.76],[531421.59,6122447.84],[531932.73,6122675.57],[532002.44,6122805.8],[532225.59,6122921.96],[532653.47,6122909.55],[532831.03,6123002.59],[534223.4,6122689.96],[534512.86,6122775.5],[535009.75,6122663.02],[535336.63,6122684.0],[535637.69,6122873.57],[535945.21,6122928.86],[536153.46,6123182.21],[536171.51,6123478.22],[536331.47,6123656.98],[536577.14,6123617.76],[536808.98,6123771.74],[536907.65,6123694.29],[537086.89,6123807.37],[537116.49,6124082.23],[536937.51,6124544.45],[537104.85,6125013.43],[537486.57,6125249.28],[538111.79,6125427.82],[538407.31,6125390.3],[538815.75,6125463.14],[539000.05,6125939.55],[539366.89,6126357.02],[539577.01,6126837.25],[539903.4,6127196.25],[540138.91,6127315.44],[540666.69,6127320.67],[540704.68,6127647.46],[540469.25,6127730.02],[540809.4,6127734.57],[540953.36,6127637.12],[540823.39,6127483.11],[540836.56,6127261.94],[541352.57,6126839.92],[541510.11,6126779.75],[541761.12,6126946.82],[542324.41,6127009.69],[542394.98,6126792.88],[542599.42,6126692.51],[542665.42,6126741.13],[542588.84,6126969.96],[541413.79,6128476.89],[541035.11,6129279.01],[541003.85,6129596.32],[540873.69,6129716.76],[540587.66,6129865.74],[540391.6,6129629.19],[539789.74,6129457.71],[539765.99,6129374.86],[539582.53,6129303.62],[539492.02,6129314.6],[539432.69,6129355.62],[539372.18,6129424.53],[539773.68,6129713.68],[540117.6,6129748.69],[540186.53,6129972.16],[540471.69,6130220.06],[540543.64,6130499.21],[540922.69,6131075.72],[541241.25,6131402.64],[541245.42,6131676.83],[540972.22,6132286.33],[540981.01,6132503.76],[541119.78,6132797.54],[541021.59,6133035.07],[540185.65,6134062.94],[539465.19,6134702.52],[539224.4,6134760.49],[538873.81,6134634.3],[538528.57,6134703.35],[538236.02,6134603.12],[538041.28,6134818.41],[537909.98,6134793.79],[537940.62,6135164.67],[537635.79,6135143.93],[537662.51,6135064.56],[537586.74,6134999.75],[537497.92,6135210.97],[537095.74,6135060.88],[536843.4,6135103.03],[536602.99,6135262.23],[536491.98,6135234.5],[536374.84,6135383.0],[536414.36,6135715.74],[536171.59,6135933.22],[536071.65,6136239.46],[535822.42,6136308.92],[535811.1,6136424.63],[536320.74,6136595.5],[536897.96,6136263.03],[537493.71,6136208.97],[537989.9,6135699.03],[538034.31,6135463.0],[537953.06,6135178.4],[538053.85,6135181.39],[538209.11,6135015.88],[538138.73,6135330.42],[538851.54,6136123.69],[539168.39,6136766.24],[539401.13,6137944.49],[539407.21,6138418.73],[539318.42,6138637.71],[538964.49,6138870.24],[538782.66,6139108.52],[538237.96,6140127.22],[537614.05,6141075.93],[537526.57,6141560.75],[537659.63,6142102.38],[537885.5,6142396.68],[538514.13,6142753.38],[538611.03,6142715.69],[538896.85,6142873.61],[539532.44,6142753.39],[540064.29,6142881.85],[540405.99,6143000.36],[541553.31,6143699.7],[542328.84,6144385.96],[542775.79,6145050.89],[543103.07,6145174.08],[543394.66,6145437.33],[543781.69,6146019.92],[543846.94,6146385.19],[543544.03,6146590.37],[543191.61,6147017.13],[542795.54,6147186.43],[542393.96,6147645.35],[542180.96,6148136.58],[541454.49,6148772.1],[541089.29,6148977.16],[540652.99,6149599.86],[539853.73,6149962.39],[539579.73,6150255.41],[539535.75,6150453.02],[539323.59,6150399.55],[539152.41,6150246.7],[538431.69,6150023.76],[538171.19,6150141.23],[538134.46,6150245.42],[538224.44,6150360.45],[538138.9,6150283.9],[537979.54,6150046.2],[537770.82,6149645.71],[537209.62,6149049.26],[537053.97,6148992.99],[536448.68,6149139.87],[535949.29,6149643.65],[536013.55,6149773.87],[535286.27,6149575.73],[534915.57,6149628.88],[534415.76,6149478.86],[534238.91,6149311.88],[533362.18,6149187.79],[532497.06,6148718.11],[531798.86,6149069.99],[531741.11,6149259.2],[531484.55,6149205.29],[531381.55,6149334.09],[531828.25,6149497.6],[531820.02,6149669.73],[531727.5,6149667.24],[531723.99,6149733.65],[531724.05,6149666.97],[531191.76,6149652.81],[530514.29,6149365.32],[530481.56,6149416.77],[531488.55,6149902.81],[531436.85,6150051.36],[531523.68,6150329.09],[532188.86,6150471.56],[532512.11,6150636.4],[532984.9,6150300.03],[533339.15,6150375.35],[534051.89,6150180.38],[536005.78,6150343.89],[536234.24,6150488.66],[536889.41,6150262.77],[537018.86,6150496.4],[536672.65,6151671.17],[536121.27,6151807.43],[535769.13,6152193.36],[535600.22,6152114.81],[535287.37,6152149.93],[535202.16,6152229.11],[535339.22,6152466.86],[535973.44,6152321.8],[536298.06,6151987.73],[536448.12,6151931.65],[536463.36,6151823.58],[536577.3,6152087.61],[536983.74,6152392.32],[537199.0,6152462.73],[537197.77,6152685.69],[536901.93,6152594.7],[536770.8,6152754.02],[536380.82,6152429.64],[536070.78,6152526.9],[536003.6,6152702.22],[535786.51,6152897.73],[535740.15,6153182.57],[535613.8,6153255.7],[535803.26,6153563.73],[535985.82,6153664.26],[536067.61,6153599.97],[536202.16,6153660.17],[536228.57,6153654.7],[536399.54,6153420.48],[536650.74,6153364.93],[536800.45,6153183.63],[537215.92,6153230.62],[537327.76,6153033.91],[537957.74,6152690.12],[538071.73,6152724.28],[537995.35,6152748.43],[538010.82,6152824.93],[538217.47,6152802.14],[538205.68,6152738.22],[538125.13,6152786.05],[538115.71,6152779.31],[538243.37,6152456.18],[538206.15,6152119.65],[538440.41,6152020.09],[538403.49,6151942.7],[538464.97,6152007.49],[538646.41,6151977.49],[538453.45,6151966.17],[538425.12,6151754.75],[539036.35,6151770.08],[539046.79,6151877.51],[539423.55,6152087.02],[539519.69,6152013.5],[539566.35,6152133.96],[539647.76,6152078.53],[539556.19,6152010.7],[539721.95,6151994.45],[539697.75,6152099.26],[539789.02,6152060.04],[539735.76,6151997.13],[539846.77,6152009.9],[539806.01,6151954.7],[539870.48,6152032.83],[539955.39,6152004.53],[540442.84,6151628.19],[541250.32,6152254.78],[542226.56,6153574.52],[542532.26,6153718.99],[542896.86,6153731.03],[543825.38,6153495.38],[544639.62,6153174.79],[545172.5,6152829.51],[545306.87,6152860.55],[545707.19,6152686.6],[546775.76,6152765.35],[546862.49,6153362.97],[546370.39,6154430.73],[546059.91,6155443.22],[545955.68,6156391.72],[546061.89,6156647.7],[546000.59,6156500.96],[545876.43,6156534.13],[545914.7,6156727.56],[545965.24,6156796.95],[546132.26,6156742.48],[546081.66,6156649.95],[546276.14,6156628.26],[546462.74,6156938.67],[546267.88,6157089.18],[546392.27,6157238.81],[546486.79,6157268.31],[546721.22,6157076.94],[547153.41,6157145.97],[546994.15,6157307.65],[547436.01,6157381.38],[547261.62,6157239.63],[547594.18,6157392.52],[547485.77,6157240.49],[547729.5,6157408.6],[547730.49,6157542.16],[548060.56,6157493.13],[547914.55,6157488.19],[547908.3,6157422.48],[547779.64,6157491.91],[547664.18,6157274.2],[548313.9,6156964.65],[548276.8,6156924.94],[548437.4,6156927.26],[548418.61,6157162.16],[548536.13,6157467.14],[548477.3,6157849.31],[548557.06,6158388.87],[549005.92,6159016.35],[549652.97,6159648.82],[549792.76,6159888.6],[549884.52,6160833.55],[550009.73,6161151.03],[550990.22,6161975.14],[551445.17,6162195.76],[551942.34,6162568.67],[552451.07,6163208.14],[553377.96,6163721.25],[553656.14,6164106.64],[554004.64,6164383.47],[554138.3,6164681.86],[553967.42,6164812.89],[553306.38,6164618.18],[552811.52,6164686.51],[552258.2,6164942.35],[551480.68,6164985.63],[551061.1,6164899.61],[550713.56,6165001.03],[550236.83,6164710.77],[548420.24,6164357.98],[548062.81,6164351.4],[547797.33,6164373.81],[547513.88,6164510.79],[547212.28,6164887.21],[547101.56,6164821.09],[546959.87,6164920.87],[546808.61,6164915.96],[546740.23,6164753.4],[546650.6,6164774.67],[546676.77,6164872.31],[546599.66,6164776.68],[546605.5,6164920.38],[546792.49,6165026.29],[546982.35,6165028.32],[547094.34,6164859.75],[547208.03,6164927.6],[547006.99,6165494.8],[546677.82,6167675.4],[546535.88,6167879.43],[546409.31,6168306.62],[546178.97,6168526.18],[544822.85,6169195.05],[544322.51,6169028.92],[543899.34,6169346.22],[543543.54,6169839.23],[543500.76,6169994.99],[543539.47,6170024.94],[543560.84,6170072.23],[543558.52,6170118.15],[543539.97,6170155.95],[543494.77,6170188.65],[543457.74,6170197.82],[543552.49,6170109.36],[543497.36,6170004.3],[543324.46,6170055.39],[543435.5,6170196.3],[543307.96,6170174.89],[543127.74,6170993.59],[542116.11,6171904.22],[541959.11,6172317.33],[541845.59,6172046.89],[541195.75,6171756.25],[540722.19,6171902.15],[540556.36,6172193.98],[540252.78,6172235.62],[539458.65,6172083.05],[538304.15,6172062.58],[537938.37,6171909.37],[536975.17,6171734.23],[535996.41,6172033.67],[535605.81,6172239.95],[535071.07,6172670.39],[535030.98,6172928.96],[534929.69,6173007.81],[535280.35,6172913.97],[535359.16,6173203.89],[534112.55,6173556.05],[534130.29,6173621.6],[534615.61,6173491.69],[534647.8,6173581.25],[534754.07,6173578.28],[534895.39,6173455.61],[535074.06,6174009.71],[535466.84,6173870.78],[535610.32,6173545.97],[535568.53,6173349.98],[535736.48,6173646.87],[536380.72,6173379.92],[536400.53,6173290.83],[536600.43,6173414.72],[536820.19,6173404.43],[536833.44,6173527.99],[537009.91,6173589.0],[537270.88,6173468.3],[537525.35,6173668.3],[537672.07,6173640.28],[537784.61,6173433.79],[537903.26,6173393.49],[538058.62,6173563.59],[538903.59,6173768.47],[539300.72,6173756.99],[539661.27,6173910.33],[539824.32,6173725.95],[540110.21,6173761.59],[541493.02,6174044.96],[541891.14,6174272.46],[542291.48,6174292.67],[542331.41,6174715.56],[542518.81,6174939.75],[542430.6,6175258.56],[542662.07,6175479.88],[542702.23,6175677.12],[542852.28,6175826.98],[542742.88,6176110.31],[542735.06,6176434.89],[543095.68,6176629.73],[543024.71,6176640.15],[542997.78,6176872.45],[542845.23,6177070.09],[542927.09,6177353.6],[542586.61,6177956.17],[542810.06,6178117.88],[542778.81,6178405.16],[542714.04,6178380.4],[542277.84,6178928.88],[542084.78,6179048.95],[541569.34,6179212.22],[541558.76,6179111.47],[541426.69,6179020.87],[541268.61,6179008.87],[541239.22,6179191.47],[540912.68,6179518.47],[540714.73,6179196.75],[540659.01,6178878.65],[540134.94,6179040.98],[539994.32,6179203.62],[539196.38,6179356.98],[538821.42,6179091.53],[538401.59,6179012.53],[537793.41,6178643.98],[537788.77,6178718.47],[537234.32,6178662.86],[537148.99,6178913.77],[537206.86,6179334.72],[537155.03,6179615.82],[536698.16,6179979.94],[536997.8,6180218.44],[536988.86,6180320.54],[537509.57,6180719.87],[537552.19,6180855.42],[536769.15,6181669.65],[536735.31,6181900.33],[536484.21,6181768.18],[536704.39,6181482.97],[536611.57,6181397.04],[536524.6,6181506.86],[536474.11,6181472.08],[536567.9,6181358.36],[536351.92,6181160.06],[536301.07,6181376.64],[536147.32,6181349.58],[536160.05,6181295.02],[536006.89,6181257.21],[536042.34,6181086.65],[535402.21,6180950.11],[535374.12,6181239.33],[535317.57,6181199.95],[535122.73,6181423.99],[534860.39,6181528.24],[534762.26,6181405.67],[534367.04,6181308.58],[534165.69,6181099.01],[533828.54,6180983.9],[533762.56,6181118.34],[533904.63,6181217.26],[533778.23,6181320.75],[533734.11,6181486.79],[533812.22,6181517.98],[533798.49,6181548.13],[533730.88,6181489.94],[533665.05,6181566.83],[533810.04,6181614.86],[533955.15,6181844.1],[533922.98,6182134.01],[533347.01,6182436.43],[532628.94,6182353.63],[532632.41,6182544.91],[532533.9,6182579.07],[532618.11,6183177.26],[532563.34,6183482.33],[532247.86,6183447.25],[532278.46,6183963.79],[532056.99,6184102.46],[532035.53,6184209.55],[531844.68,6184213.51],[531896.75,6184475.22],[531757.01,6184904.42],[531784.82,6185082.16],[531962.87,6185296.61],[531579.73,6186113.42],[531659.01,6186494.38],[531476.14,6187057.66],[531256.26,6187118.99],[531218.94,6187013.7],[530514.43,6186912.92],[530438.82,6187082.15],[530255.67,6186977.4],[530277.93,6187568.93],[530096.49,6187551.14],[529762.96,6187673.67],[529758.66,6187550.49],[529717.13,6187670.17],[529504.02,6187582.89],[529213.88,6187617.85],[528727.74,6187795.96],[528017.05,6187770.83],[527820.06,6187954.47],[528063.92,6188195.32],[527910.38,6188331.64],[528038.9,6188501.07],[528043.79,6188735.86],[528230.94,6188971.71],[528512.99,6188935.32],[528522.3,6189478.41],[527580.48,6189813.93],[527556.55,6189894.38],[528122.09,6190289.93],[528116.03,6190641.39],[528472.5,6190562.79],[528781.71,6190606.63],[528728.35,6191175.74],[528384.49,6191410.63],[528166.91,6191630.77],[528185.56,6191729.97],[527732.32,6192130.29],[527435.77,6192795.33],[527264.36,6192858.45],[527289.78,6193064.07],[527018.66,6193232.68],[526924.07,6193557.26],[526680.69,6193788.03],[526179.43,6193919.43],[526145.46,6193991.89],[526010.49,6193973.51],[525799.5,6194185.02],[525664.69,6194661.03],[525538.01,6194738.97],[525517.32,6195041.35],[524775.03,6195752.54],[524697.23,6195981.02],[524742.28,6196283.45],[524647.91,6196390.8],[524632.77,6196607.41],[524205.54,6196882.71],[524142.58,6197142.9],[524270.64,6197224.31],[524339.14,6197044.25],[524456.07,6196975.11],[524355.32,6197133.88],[524320.13,6197474.41],[524192.02,6197552.52],[524103.05,6197968.69],[523089.04,6198489.06],[521889.86,6199243.29],[521429.88,6199039.79],[520959.95,6198493.62],[520433.71,6198691.63],[519904.27,6198738.94],[519429.68,6199190.23],[519282.51,6199218.09],[518402.28,6198934.66],[518267.13,6199078.11],[517733.98,6199292.07],[517537.4,6199248.12],[517244.55,6199852.74],[516078.84,6200930.66],[515019.44,6200831.92],[514961.9,6201042.47],[514864.04,6201021.13],[514608.65,6201174.15],[514471.03,6201097.49]],[[517355.86,6157679.66],[517356.59,6157681.1],[517355.86,6157679.65],[517355.86,6157679.66]],[[517133.39,6156142.92],[517137.07,6156144.06],[517130.98,6156142.17],[517133.39,6156142.92]],[[516831.17,6156040.57],[516832.34,6156042.8],[516830.31,6156038.92],[516831.17,6156040.57]]],[[[532250.67,6079102.41],[532293.07,6079230.56],[532274.92,6079213.36],[532211.94,6079072.03],[532180.87,6078906.94],[532407.16,6078966.0],[532398.39,6079071.8],[532250.67,6079102.41]]],[[[532611.3,6079233.26],[532483.0,6079214.03],[532600.59,6078943.87],[532862.76,6078909.7],[532954.19,6078966.82],[532611.3,6079233.26]]],[[[550775.18,6083721.5],[550779.71,6083874.92],[550776.31,6083876.6],[550775.18,6083721.5]]],[[[550743.04,6083847.59],[550775.0,6083972.65],[550864.91,6083999.7],[550767.38,6083974.85],[550743.04,6083847.59]]],[[[553373.24,6092081.94],[553110.66,6092053.05],[553132.28,6091915.97],[553398.57,6091778.19],[553546.73,6091824.2],[553629.67,6091922.08],[553434.26,6091809.48],[553300.98,6091921.89],[553251.61,6092058.37],[553373.24,6092081.94]]],[[[542943.31,6094933.7],[542931.01,6094948.96],[542938.45,6094931.3],[542943.31,6094933.7]]],[[[547535.13,6104369.31],[546962.5,6104255.37],[546199.96,6103884.68],[545314.3,6103820.04],[544661.32,6103642.82],[544277.55,6103256.08],[542622.32,6102326.3],[541744.91,6101151.76],[540902.62,6100761.13],[540822.76,6100609.48],[540814.75,6099926.88],[540948.44,6099518.48],[541160.11,6099320.71],[541735.16,6099250.68],[542292.6,6099337.3],[543202.79,6098984.88],[543214.43,6098982.61],[543177.71,6099020.36],[543181.47,6099033.66],[543751.63,6098880.01],[544136.57,6098947.46],[544013.99,6098964.78],[543870.34,6099143.73],[543878.1,6099277.14],[544008.18,6099320.06],[544284.98,6099656.3],[544533.44,6099670.51],[544474.6,6099778.7],[544524.78,6099950.39],[545142.03,6099999.61],[545216.44,6099849.77],[545182.99,6099683.32],[544754.48,6099562.42],[544611.73,6099394.68],[544736.72,6099298.39],[545328.67,6099386.3],[545211.36,6099190.0],[545500.57,6099078.31],[545598.59,6098791.18],[545879.89,6098625.12],[545932.09,6098508.8],[545514.72,6098607.25],[545185.21,6098511.23],[545021.31,6098550.76],[544905.05,6098728.53],[544961.36,6098978.12],[545079.23,6099115.98],[544550.97,6099266.08],[544486.41,6099137.95],[544162.82,6098909.1],[544096.19,6098747.66],[543850.69,6098608.54],[543310.5,6098423.14],[542850.86,6098480.53],[542651.01,6098334.56],[542342.87,6098251.56],[542140.66,6097926.39],[542163.19,6097668.48],[542306.82,6097363.77],[542467.66,6097302.21],[542587.56,6097372.98],[542717.82,6097337.72],[543326.48,6096661.65],[543463.22,6096643.6],[544199.4,6096154.67],[544306.73,6095887.19],[544826.19,6095749.91],[545921.35,6095884.94],[546361.59,6096103.33],[547075.49,6095937.83],[548977.11,6096295.68],[549220.87,6096214.64],[550257.53,6096365.23],[550656.41,6096295.98],[550863.12,6095972.35],[550899.23,6095749.1],[550837.82,6095616.34],[550549.72,6095368.36],[549705.0,6095064.76],[549614.24,6094893.69],[549643.28,6094556.23],[549909.71,6094308.59],[550778.24,6094580.28],[550788.01,6094638.19],[550929.69,6094556.55],[551087.64,6094688.65],[551286.88,6094708.97],[551433.21,6094669.54],[550894.5,6094481.15],[550791.78,6094606.12],[550735.01,6094458.36],[550183.78,6094129.23],[549967.44,6093702.82],[550192.43,6093183.48],[550442.82,6093246.76],[550943.38,6093030.86],[552100.77,6092937.08],[552642.63,6092818.65],[553244.02,6092355.05],[553392.24,6092318.63],[553606.82,6092084.53],[553735.44,6092063.39],[553832.5,6092204.63],[553923.48,6092192.15],[553717.84,6091852.36],[554376.72,6091548.18],[554428.63,6091548.02],[554457.36,6091603.81],[554340.97,6091584.6],[554448.74,6091846.43],[555035.62,6091834.48],[555007.39,6091691.09],[554909.46,6091768.52],[554574.1,6091726.13],[554664.42,6091455.54],[554786.66,6091405.51],[554567.57,6091205.52],[554305.69,6091274.61],[554254.27,6091370.74],[554363.71,6091394.23],[554269.11,6091411.14],[553836.42,6091263.48],[553314.23,6090310.9],[553579.28,6090048.66],[553821.72,6090063.25],[553766.32,6089999.93],[553815.22,6089939.89],[554323.94,6089971.3],[554737.24,6090119.77],[554866.61,6089899.35],[554512.81,6089928.39],[553877.32,6089507.53],[553626.69,6089585.87],[553528.38,6089363.7],[554059.92,6088895.42],[554683.37,6088663.38],[554952.44,6088643.57],[554946.44,6088745.5],[555931.57,6088960.82],[555974.61,6088747.98],[555808.9,6088678.61],[555594.48,6088709.12],[555241.27,6088525.7],[555246.51,6088600.6],[554984.34,6088374.42],[553813.22,6087882.08],[553792.74,6087578.71],[553671.5,6087429.31],[553513.44,6087729.67],[552988.76,6087626.1],[552783.68,6087743.86],[553066.14,6087895.15],[553153.75,6088183.19],[553008.02,6088411.01],[552562.57,6088588.87],[551561.93,6090281.42],[551248.57,6090618.01],[550663.32,6091595.7],[550164.43,6091742.97],[549552.56,6091753.93],[549057.88,6092298.58],[548625.39,6093112.32],[548081.73,6092556.22],[548369.1,6092373.41],[548613.49,6091830.02],[548772.35,6089268.23],[548802.91,6089081.9],[549024.51,6088774.98],[548936.38,6088412.27],[549037.97,6087979.19],[548910.66,6087731.38],[549065.6,6087304.9],[549336.73,6086908.23],[549319.21,6086025.15],[550105.32,6085679.68],[550351.89,6085138.48],[550329.66,6084852.77],[550179.43,6084684.57],[550355.15,6084541.76],[550333.32,6084458.5],[550541.54,6084400.65],[550888.4,6084095.75],[550945.43,6083784.14],[551059.44,6083678.05],[550936.89,6083549.06],[550745.44,6083694.46],[550937.43,6083541.43],[551073.6,6083689.94],[551241.69,6083686.65],[551666.86,6083331.56],[552045.39,6083219.48],[552708.03,6083186.29],[552964.24,6083052.84],[553113.91,6082846.38],[553356.18,6082781.85],[554464.22,6083163.43],[555869.28,6084031.69],[556457.01,6083934.2],[556692.87,6084196.55],[556607.69,6084294.02],[556744.34,6084662.09],[556932.53,6084632.35],[556986.68,6084647.19],[557021.48,6084665.86],[556913.43,6084640.45],[556828.44,6084767.12],[557033.59,6084856.82],[557094.86,6084795.45],[557047.39,6084701.02],[557063.39,6084664.42],[557206.32,6084941.93],[557634.19,6084943.62],[558392.94,6084670.17],[558649.36,6084496.96],[558927.1,6084054.66],[559469.61,6083920.68],[560259.53,6083439.71],[560863.69,6083300.14],[561231.56,6082797.9],[561835.49,6082517.44],[562950.34,6081700.59],[563421.54,6081161.41],[563706.59,6080355.26],[564034.48,6079727.79],[564025.6,6079601.13],[563780.69,6079255.8],[563680.91,6079186.37],[563531.28,6079221.37],[563505.44,6079403.54],[563301.4,6079345.34],[563052.76,6079497.38],[562335.98,6080300.09],[562322.04,6080495.15],[561432.6,6080483.7],[561251.77,6080560.15],[561161.32,6080660.01],[561099.73,6081198.13],[560668.36,6081521.78],[560034.44,6081683.24],[559521.9,6082172.83],[558828.09,6082272.73],[558585.24,6082463.4],[558438.39,6082936.27],[558284.71,6083139.83],[558103.34,6083310.55],[557731.94,6083467.97],[557696.21,6083691.04],[556764.84,6082956.24],[556571.34,6082470.55],[556232.67,6082197.66],[556068.13,6081915.94],[555761.16,6081785.18],[555671.92,6081468.75],[556524.46,6080591.73],[556933.8,6080370.11],[557050.5,6080166.27],[557554.22,6080111.28],[557917.27,6080173.9],[558309.19,6080087.11],[558681.34,6079879.07],[559075.65,6079495.8],[559670.31,6079174.54],[560903.45,6078843.57],[561648.8,6078793.18],[562980.6,6079015.54],[563467.8,6078820.15],[564817.57,6080533.51],[565595.1,6081100.89],[566448.81,6081378.26],[567609.28,6081339.8],[568309.05,6081220.04],[568490.72,6081368.73],[568756.03,6081710.83],[568383.86,6083458.61],[568270.03,6083712.18],[567876.95,6083875.83],[567407.29,6084759.56],[566971.36,6086228.95],[566923.8,6087507.57],[566988.77,6087826.96],[567098.69,6087870.17],[566942.48,6087881.05],[566980.97,6087812.12],[566885.92,6087689.4],[566923.01,6087863.61],[566761.27,6087895.5],[566626.57,6088212.64],[565762.49,6089521.84],[565546.78,6090117.21],[565007.48,6090966.88],[564199.48,6092839.07],[563712.99,6093624.55],[563162.66,6094109.03],[563137.76,6094238.3],[563180.85,6094354.75],[563165.27,6094424.15],[563261.65,6094495.68],[563283.87,6094547.64],[563137.38,6094469.41],[563165.62,6094364.54],[563069.6,6094261.5],[563018.12,6094316.57],[563150.4,6094681.43],[563251.62,6094759.18],[563136.3,6094703.16],[563080.3,6094568.54],[563019.92,6094592.47],[563084.77,6094747.72],[562841.16,6094503.57],[562657.07,6094575.53],[562142.21,6095176.75],[561712.48,6095944.86],[561107.59,6096445.13],[560180.89,6096964.23],[559201.02,6097300.77],[558746.06,6097335.33],[557987.18,6097250.84],[557631.74,6097320.09],[556195.77,6098097.97],[555447.98,6098936.41],[555070.19,6099233.9],[554493.89,6100314.52],[554409.44,6100264.8],[554222.64,6100316.0],[553464.42,6100795.45],[552881.44,6101297.06],[552617.97,6101634.36],[552419.73,6102082.33],[552083.48,6102349.45],[551475.09,6102626.05],[549218.16,6103982.16],[548202.41,6104325.01],[547535.13,6104369.31]]],[[[465954.32,6104757.16],[465982.78,6104850.87],[465899.4,6104913.48],[465850.39,6104735.74],[465954.32,6104757.16]]],[[[529347.64,6107742.62],[529368.55,6107747.52],[529365.51,6107756.23],[529347.64,6107742.62]]],[[[535758.49,6109384.75],[535313.32,6109489.34],[535160.43,6109425.87],[535089.1,6109486.03],[535023.17,6109427.12],[534737.0,6108713.19],[534786.94,6108300.05],[535207.05,6108125.69],[535289.53,6107263.54],[535594.9,6107424.56],[536174.97,6107278.87],[536423.57,6107493.95],[536544.13,6107791.13],[536504.57,6108330.54],[536103.19,6108805.23],[535877.61,6109276.0],[535758.49,6109384.75]]],[[[479593.97,6111041.04],[479612.96,6111057.89],[479600.58,6111061.41],[479593.97,6111041.04]]],[[[540070.9,6115998.44],[539957.98,6116080.38],[539888.36,6116036.34],[539914.37,6115921.85],[540004.47,6115770.23],[540049.09,6115856.27],[540032.39,6115747.68],[540126.46,6115696.58],[540135.49,6115870.01],[540051.17,6115879.61],[540070.9,6115998.44]]],[[[543666.68,6119050.42],[543618.96,6119054.37],[543652.42,6119020.29],[543666.68,6119050.42]]],[[[544004.75,6120018.87],[543941.49,6120019.99],[543904.19,6119922.71],[544004.75,6120018.87]]],[[[535754.22,6122606.69],[535761.86,6122612.51],[535750.67,6122616.29],[535754.22,6122606.69]]],[[[548627.26,6123831.77],[548440.75,6123926.3],[548494.48,6123778.72],[548627.26,6123831.77]]],[[[537249.07,6123946.85],[537199.69,6123930.57],[537227.15,6123889.44],[537249.07,6123946.85]]],[[[546507.66,6124265.38],[546508.24,6124279.56],[546502.28,6124276.38],[546507.66,6124265.38]]],[[[548557.31,6124357.65],[548445.15,6124253.88],[548569.54,6124154.62],[548520.82,6124218.07],[548643.89,6124274.75],[548557.31,6124357.65]]],[[[548890.98,6124408.31],[548883.68,6124355.98],[548982.87,6124320.55],[548890.98,6124408.31]]],[[[546150.16,6125126.16],[546290.15,6125243.94],[546202.82,6125207.32],[546128.34,6125125.09],[546105.88,6124953.48],[546150.16,6125126.16]]],[[[549487.91,6125102.49],[549158.56,6125930.54],[549092.19,6125976.16],[549129.48,6125809.77],[549040.91,6125735.57],[549331.06,6125063.85],[549295.85,6124794.03],[549128.27,6124654.51],[548986.87,6124723.18],[548837.67,6124529.92],[548925.88,6124568.64],[548980.87,6124381.57],[549158.09,6124375.84],[549011.32,6124299.61],[549139.89,6124218.97],[548845.9,6124356.18],[548727.35,6124548.44],[548542.78,6124628.2],[548449.22,6124531.37],[548443.54,6124466.03],[548625.26,6124536.91],[548717.03,6124477.17],[548666.42,6124408.19],[548541.19,6124425.21],[548846.11,6124189.57],[548840.06,6124139.34],[548645.78,6124252.45],[548554.89,6124213.33],[548594.43,6124141.9],[548939.98,6124019.03],[548801.09,6123815.75],[548649.3,6123774.59],[548654.12,6123754.53],[548704.25,6123753.78],[548717.12,6123734.04],[548550.82,6123775.61],[548713.23,6123582.94],[548607.91,6123429.86],[548403.11,6123529.56],[548412.69,6123692.49],[548222.64,6124127.78],[548250.63,6124663.7],[548121.32,6125317.89],[547901.38,6125501.24],[547417.94,6125545.17],[546802.43,6125454.91],[546270.96,6125206.87],[546141.23,6125054.6],[546207.74,6124535.98],[546493.82,6124276.67],[546402.91,6124375.51],[546589.94,6124293.39],[546627.53,6124230.02],[546659.68,6124097.14],[546514.67,6124260.2],[546521.4,6124102.58],[546397.49,6124129.85],[546345.04,6124041.91],[546396.07,6124116.34],[546489.85,6124095.38],[546444.07,6123978.49],[546059.31,6123846.14],[546243.98,6123383.15],[547150.4,6122671.69],[547806.34,6122691.36],[548244.12,6122838.11],[548480.22,6123042.66],[548882.31,6123822.44],[549338.05,6124292.25],[549307.25,6124650.74],[549487.91,6125102.49]]],[[[545318.37,6127280.29],[545125.74,6127217.72],[545673.69,6126989.38],[545509.06,6127229.9],[545318.37,6127280.29]]],[[[539495.86,6129329.6],[539474.06,6129398.17],[539398.84,6129412.98],[539432.44,6129367.49],[539495.86,6129329.6]]],[[[468088.91,6134959.9],[467643.69,6134823.92],[467499.0,6134408.96],[467430.19,6134431.83],[467285.74,6134304.84],[467268.51,6134169.3],[467135.27,6134043.99],[467293.29,6134338.76],[467190.39,6134311.13],[466759.29,6133646.67],[466630.73,6133278.06],[466964.87,6132965.33],[466991.16,6132671.2],[467274.91,6132720.9],[467618.54,6132966.74],[467956.1,6133007.32],[468474.78,6132951.93],[468815.76,6132751.59],[469548.27,6132617.5],[469752.18,6132694.97],[470387.79,6133322.47],[470484.83,6133525.58],[470405.46,6133627.04],[470501.94,6133641.0],[470493.65,6133810.79],[470236.65,6134130.94],[469936.31,6134219.36],[469816.19,6134147.61],[469675.4,6134257.35],[469391.21,6134299.67],[469375.14,6133938.36],[469256.17,6133837.71],[469286.82,6134028.61],[469176.69,6134297.03],[468874.51,6134516.43],[468681.25,6134546.8],[468539.99,6134775.07],[468378.41,6134794.88],[468425.86,6134869.3],[468255.81,6134856.08],[468329.84,6134948.47],[468088.91,6134959.9]]],[[[537639.01,6135068.95],[537612.34,6135057.62],[537636.28,6135052.93],[537639.01,6135068.95]]],[[[467295.88,6135328.35],[467147.57,6135154.65],[467259.08,6135024.9],[467159.97,6134976.4],[467169.09,6134904.99],[467046.14,6135000.18],[466918.92,6134896.56],[467273.47,6134678.58],[467357.98,6134728.35],[467465.49,6135061.88],[467295.88,6135328.35]]],[[[467789.64,6135353.85],[467579.72,6135346.39],[467686.28,6135189.76],[467586.11,6134967.05],[467997.42,6135166.31],[467853.57,6135173.77],[467789.64,6135353.85]]],[[[477131.14,6138154.49],[477076.04,6138121.93],[477149.32,6138133.29],[477131.14,6138154.49]]],[[[476697.93,6139664.18],[476542.64,6139899.79],[476615.56,6139607.29],[476697.93,6139664.18]]],[[[538064.36,6140569.1],[538042.22,6140607.81],[538061.05,6140565.96],[538064.36,6140569.1]]],[[[474866.93,6142933.27],[474793.76,6142964.89],[474718.2,6142915.04],[474812.51,6142923.98],[474791.1,6142871.58],[474866.93,6142933.27]]],[[[461548.69,6147370.75],[461403.7,6147643.29],[461122.79,6147717.18],[460839.67,6147385.91],[460091.92,6147127.88],[459381.85,6146659.65],[458885.86,6145998.1],[458873.59,6146274.34],[459096.42,6146752.78],[459629.58,6147423.69],[459299.28,6147387.19],[458721.18,6146759.24],[458553.48,6146671.4],[458512.11,6146528.55],[458484.93,6146616.53],[458154.79,6146299.13],[457693.84,6146033.64],[457609.36,6145842.49],[457587.85,6145213.39],[457496.47,6145078.71],[457526.57,6144767.14],[457751.76,6144266.46],[458131.4,6143771.51],[458971.34,6143118.14],[459311.39,6142757.25],[460426.75,6141210.65],[461379.86,6139379.24],[462342.22,6137101.17],[463041.43,6135068.2],[463463.28,6134340.26],[464164.64,6133612.3],[465161.85,6132912.17],[466101.56,6132674.31],[466752.6,6132711.57],[466909.14,6132945.67],[466752.02,6133001.47],[466588.79,6133196.0],[466514.46,6133050.84],[466568.41,6132874.68],[466645.78,6132826.5],[466758.07,6132882.44],[466631.85,6132816.09],[466568.95,6132849.6],[466501.25,6132980.96],[466502.23,6133114.48],[466701.3,6133703.01],[467303.88,6134626.7],[467116.1,6134742.61],[466978.46,6134703.59],[466991.46,6134538.77],[466700.61,6134549.18],[466658.46,6134666.55],[466579.17,6134536.42],[466572.65,6134745.08],[466535.15,6134696.36],[466474.51,6134902.0],[466391.41,6136045.64],[466270.47,6136378.36],[466235.47,6136917.7],[465679.56,6137501.68],[465392.77,6138023.63],[465102.55,6138267.84],[465000.52,6138714.74],[465202.83,6139154.45],[466113.6,6139880.61],[466201.72,6140091.88],[466019.18,6140931.91],[465852.78,6141248.95],[465833.34,6141715.22],[465402.15,6142486.8],[465382.86,6142835.02],[465498.59,6142903.63],[465483.94,6143037.98],[464766.54,6143619.73],[464592.84,6143649.94],[464198.52,6143549.45],[463900.82,6143266.08],[463454.26,6142270.77],[463333.92,6142236.46],[462777.01,6142645.18],[462421.58,6143271.51],[462359.57,6143546.21],[462464.87,6143573.95],[462387.25,6143656.72],[462415.61,6144168.84],[462610.92,6144205.22],[462657.85,6144283.19],[462611.15,6144405.76],[462617.57,6144249.61],[462476.16,6144219.95],[462476.52,6144330.14],[462576.84,6144364.98],[462459.52,6144632.54],[462649.01,6145440.7],[462671.02,6145690.23],[462611.02,6145606.68],[462573.29,6145796.0],[462704.64,6146745.12],[461533.99,6147144.82],[461548.69,6147370.75]]],[[[462627.79,6148220.84],[462649.93,6148213.63],[462631.76,6148229.95],[462627.79,6148220.84]]],[[[456104.71,6150318.05],[456038.82,6150321.88],[456119.69,6150279.43],[456104.71,6150318.05]]],[[[537537.43,6151866.55],[537507.05,6152173.36],[537451.18,6152067.09],[537518.94,6151709.61],[537629.47,6151641.72],[537675.01,6151801.35],[537537.43,6151866.55]]],[[[456109.99,6152468.07],[456092.87,6152476.5],[456103.46,6152464.09],[456109.99,6152468.07]]],[[[456105.4,6152499.23],[456092.92,6152503.27],[456084.2,6152483.83],[456105.4,6152499.23]]],[[[456095.6,6152777.64],[456102.65,6152778.78],[456098.66,6152781.39],[456095.6,6152777.64]]],[[[456864.53,6152032.03],[456546.03,6152774.46],[456326.44,6152845.37],[456206.57,6152767.08],[456130.84,6152469.9],[456094.05,6152453.57],[456291.07,6152083.81],[456583.6,6151770.51],[457488.56,6151138.13],[457629.6,6151115.51],[457504.78,6151502.45],[456864.53,6152032.03]]],[[[456221.3,6152879.87],[456218.95,6152894.25],[456203.06,6152878.51],[456221.3,6152879.87]]],[[[456239.14,6152887.4],[456241.27,6152897.29],[456234.03,6152891.9],[456239.14,6152887.4]]],[[[456281.58,6152893.44],[456277.8,6152897.8],[456275.26,6152893.31],[456281.58,6152893.44]]],[[[456443.25,6152889.15],[456410.04,6152898.3],[456441.88,6152879.55],[456443.25,6152889.15]]],[[[456302.03,6152899.65],[456291.95,6152900.64],[456302.15,6152898.93],[456302.03,6152899.65]]],[[[536606.1,6152960.2],[536618.61,6152960.9],[536628.54,6152980.48],[536606.1,6152960.2]]],[[[454175.56,6154323.64],[454000.56,6154489.71],[453924.49,6154324.11],[454148.06,6154250.32],[454175.56,6154323.64]]],[[[452212.48,6155836.3],[452184.84,6155835.49],[452212.69,6155827.76],[452212.48,6155836.3]]],[[[451964.4,6158459.08],[451972.23,6158454.21],[451970.91,6158464.48],[451964.4,6158459.08]]],[[[452162.24,6158672.55],[452171.93,6158693.85],[452134.01,6158672.65],[452162.24,6158672.55]]],[[[453153.15,6160202.44],[453162.2,6160209.33],[453150.23,6160215.21],[453153.15,6160202.44]]],[[[546703.17,6164785.37],[546712.77,6164856.96],[546671.15,6164774.92],[546703.17,6164785.37]]],[[[448871.37,6186644.58],[448913.46,6186657.25],[448852.3,6186692.46],[448871.37,6186644.58]]],[[[448791.66,6186736.53],[448834.64,6186731.46],[448791.89,6186759.74],[448791.66,6186736.53]]],[[[448597.74,6186844.98],[448547.58,6186972.3],[448532.23,6186972.58],[448483.87,6186918.94],[448597.74,6186844.98]]]]}},
{"type":"Feature","properties":{"navn":"Vestjylland","nuts3":"DK041"},"geometry":{"type":"MultiPolygon","coordinates":[[[[504089.16,6295422.32],[503953.74,6295275.18],[503707.31,6295326.91],[503338.8,6295101.47],[502488.29,6295275.98],[502425.58,6295237.58],[502490.73,6295096.27],[502415.98,6295084.1],[501539.45,6295153.06],[501770.98,6294977.37],[501692.23,6294904.28],[501747.1,6294756.13],[502057.48,6294671.54],[502049.1,6294515.95],[501867.8,6294453.5],[501961.24,6294206.97],[502365.0,6294100.99],[502461.25,6293998.59],[502506.91,6293716.19],[502421.92,6293554.02],[502023.93,6293371.1],[501790.91,6293432.51],[501250.78,6293762.74],[501240.87,6293826.8],[501554.18,6293608.87],[501479.22,6293797.36],[501670.84,6293666.53],[501449.01,6293839.24],[501511.96,6293858.01],[500924.95,6293972.64],[500754.11,6293899.52],[500503.23,6293924.76],[499940.88,6294327.32],[499735.04,6294346.42],[499472.89,6294599.61],[499256.29,6294604.57],[498781.49,6294884.46],[498126.63,6295062.47],[497823.94,6295324.01],[497659.11,6295300.77],[497473.06,6295140.22],[496920.36,6294897.96],[495507.26,6293754.07],[494946.13,6292711.29],[494418.76,6292215.75],[493956.48,6292011.12],[492995.14,6291251.91],[492523.42,6291049.47],[492095.16,6291008.33],[491911.93,6291055.56],[491784.81,6291204.37],[491690.27,6291202.76],[491860.23,6291079.43],[491800.68,6291036.18],[491725.21,6291155.45],[491709.35,6291152.49],[491718.02,6291108.64],[491706.35,6291096.23],[491619.03,6291129.56],[491634.56,6291186.3],[491578.29,6291076.08],[491851.26,6290807.82],[492087.82,6290317.9],[492100.64,6289966.86],[491318.95,6289004.37],[491093.79,6288883.67],[490783.33,6287871.95],[490368.69,6287128.2],[490084.83,6286822.1],[490090.38,6286482.35],[489944.97,6286039.6],[489365.36,6285068.95],[489283.74,6284755.83],[489392.08,6284577.91],[489767.41,6284782.93],[490364.94,6284756.98],[490869.28,6284832.36],[491120.74,6284976.79],[491357.48,6285295.67],[491543.09,6285327.76],[491796.05,6285185.08],[492036.23,6284758.21],[492386.56,6284562.66],[492489.26,6284637.09],[492494.01,6284798.39],[492766.54,6285335.94],[492867.6,6285685.5],[492825.47,6285640.03],[492802.91,6285799.97],[492891.6,6285893.42],[493036.96,6285777.36],[493045.86,6285063.67],[493154.6,6285015.85],[493210.02,6284874.82],[493514.5,6284813.9],[493709.45,6285092.25],[493987.41,6285178.85],[494438.53,6285065.91],[494819.5,6284841.05],[495016.35,6284338.84],[495027.87,6283922.29],[494947.86,6283741.69],[494239.56,6283232.58],[493991.1,6283159.48],[493366.92,6283156.47],[493180.69,6283243.66],[492857.29,6283713.43],[492806.86,6284056.93],[492882.39,6284253.07],[492778.35,6284267.31],[492223.4,6284073.93],[491994.15,6283876.28],[491862.34,6283474.53],[492030.67,6283285.13],[491953.95,6283029.6],[491630.55,6283128.88],[491145.42,6283132.55],[490959.91,6283270.07],[490541.48,6282658.39],[490278.52,6282517.36],[489898.71,6282579.57],[489671.67,6282897.62],[489392.3,6283109.88],[489192.89,6283163.26],[489073.09,6283446.93],[488567.29,6283388.06],[488337.79,6283015.81],[487991.57,6282683.93],[487794.1,6282288.27],[487490.01,6281986.01],[487257.85,6281881.42],[487217.29,6281736.4],[487050.62,6281639.3],[487041.36,6281470.63],[486821.07,6281245.1],[486560.83,6280128.06],[486135.47,6278918.04],[485474.38,6277867.01],[485336.11,6277821.86],[485134.2,6277346.44],[484627.42,6277041.04],[484066.3,6276283.76],[483517.75,6275704.1],[483243.9,6275494.4],[482702.89,6275350.74],[482261.21,6275495.9],[482079.55,6275479.09],[481594.17,6275793.12],[480941.45,6275982.63],[480425.8,6275760.42],[480176.65,6275409.52],[480138.2,6274392.88],[480026.34,6274072.27],[480146.34,6273966.31],[480719.2,6273932.7],[481037.16,6273614.45],[481220.38,6273119.39],[481592.82,6271486.26],[481774.8,6271181.78],[482132.5,6270827.35],[482109.31,6270693.56],[482125.38,6270610.65],[482178.77,6270580.38],[482119.28,6270692.44],[482230.79,6270782.63],[482302.08,6270729.25],[482181.0,6270612.21],[482288.65,6270698.72],[482391.56,6270652.08],[483215.62,6269920.16],[483610.23,6269765.3],[484752.21,6268995.62],[485141.51,6268492.28],[485373.11,6267875.46],[485338.6,6267524.75],[485139.63,6267074.75],[485003.7,6266937.31],[484563.06,6266756.65],[484073.18,6265682.91],[483672.79,6265132.32],[484040.44,6264079.26],[484100.41,6263516.65],[484055.72,6262156.83],[484223.54,6261874.95],[484131.01,6260705.93],[483875.16,6259822.29],[483796.11,6259689.85],[483619.42,6259662.22],[483632.09,6259540.35],[483442.28,6259332.01],[482762.39,6259141.67],[482594.44,6259272.88],[482465.29,6259138.62],[481298.61,6258680.06],[480199.9,6258461.2],[479532.43,6258197.14],[478634.93,6258093.98],[478143.25,6258172.75],[477042.03,6258709.73],[476725.12,6258946.24],[476727.41,6259191.77],[476405.22,6259418.52],[476207.84,6259762.66],[476095.86,6260159.53],[476165.41,6260391.06],[476080.05,6260750.27],[476077.14,6261793.69],[475823.53,6261649.67],[475554.6,6261229.55],[475502.65,6261318.2],[475212.56,6261270.67],[475279.61,6261171.84],[475536.68,6261153.67],[475526.73,6261052.7],[475287.05,6261069.56],[475292.44,6260963.05],[475102.4,6260983.37],[475177.91,6261065.67],[474983.54,6261037.63],[474938.99,6261112.48],[475178.75,6261286.59],[475062.34,6261236.0],[474932.52,6261351.98],[474832.83,6261371.08],[475059.58,6261220.75],[474941.96,6261122.17],[474834.96,6261202.44],[474858.03,6261318.72],[474820.34,6261196.69],[474673.32,6261221.79],[474786.56,6261140.14],[474772.91,6261069.24],[474604.98,6261127.47],[474633.26,6261325.6],[474852.62,6261430.1],[474696.89,6261402.94],[474441.98,6261171.81],[473841.33,6261083.06],[473447.05,6261163.27],[472736.55,6261603.95],[472676.85,6261402.18],[472440.74,6261401.23],[472482.5,6261005.09],[472234.61,6260826.23],[472337.54,6260441.72],[472186.49,6259962.25],[471833.85,6259840.15],[471470.89,6259871.31],[471077.75,6259754.18],[470869.54,6259784.84],[470814.91,6259922.75],[470685.38,6259992.64],[470968.59,6260134.52],[470985.71,6260388.25],[471536.05,6260251.59],[471800.4,6260283.92],[471791.17,6260412.8],[472109.31,6260989.29],[471879.96,6261325.99],[471994.99,6261675.23],[472356.58,6262099.24],[473000.73,6262364.48],[473771.75,6262417.7],[474068.87,6262238.5],[474230.99,6261937.12],[474311.0,6261413.75],[474230.12,6261205.89],[474444.1,6261180.98],[474337.81,6261807.98],[474666.14,6262321.96],[474837.32,6262846.92],[475185.5,6263520.4],[475403.97,6263747.15],[475647.69,6263851.47],[475957.44,6263835.69],[476248.53,6263657.7],[476294.26,6263720.42],[475989.96,6263915.31],[475611.25,6264022.53],[475228.92,6264340.57],[474885.25,6264992.77],[474770.94,6265643.67],[474635.65,6265888.05],[474435.16,6266148.09],[474036.42,6266386.33],[473771.5,6266667.03],[473733.2,6266948.31],[473872.93,6267210.6],[473779.07,6267169.35],[473838.03,6267275.66],[473800.27,6267300.33],[473764.29,6267184.58],[473724.03,6267200.16],[473808.13,6267331.39],[473768.39,6267366.89],[473750.54,6267471.69],[473921.04,6267238.62],[474028.72,6267589.78],[473941.87,6267904.7],[473418.34,6268738.68],[473448.73,6269147.57],[473311.04,6269866.69],[473364.19,6270814.97],[473093.82,6270393.07],[473059.78,6269817.59],[472868.53,6269202.68],[472317.72,6268216.78],[471158.72,6266947.14],[470653.62,6266600.97],[470200.73,6266436.88],[469431.47,6266683.54],[469117.11,6266996.09],[469104.57,6267118.95],[469062.06,6267215.56],[469035.63,6267104.29],[469025.73,6267195.13],[468937.76,6267172.51],[469048.01,6267249.56],[468504.59,6267692.9],[467552.88,6268238.87],[466708.49,6268483.6],[465528.91,6269304.3],[465100.3,6269410.65],[464669.01,6269725.73],[463816.62,6270027.76],[463534.2,6270206.95],[463142.3,6270298.57],[462393.41,6270692.19],[460395.98,6270305.28],[459934.42,6270308.59],[459487.69,6270480.52],[458950.97,6270513.97],[458749.8,6270598.11],[458122.57,6270300.61],[457459.18,6269928.05],[457411.25,6269819.32],[457394.64,6269039.55],[457271.82,6268510.58],[457443.44,6268131.79],[457426.95,6268082.84],[457355.39,6268066.53],[457352.11,6268035.51],[457442.67,6268059.66],[457508.1,6267762.7],[457420.06,6267729.84],[457481.71,6267684.99],[457421.03,6267706.14],[457348.96,6267693.6],[457446.63,6267622.39],[457206.0,6267531.13],[457138.31,6267671.86],[457327.96,6267724.87],[457131.06,6267671.97],[457135.19,6267610.87],[456849.66,6267672.68],[456731.32,6267958.64],[456622.92,6268847.72],[456948.76,6269158.14],[456845.81,6269174.34],[456747.58,6269370.85],[456857.97,6269432.33],[456962.45,6269205.1],[456949.03,6269296.89],[456865.33,6269461.77],[456552.12,6269716.65],[456539.92,6269840.46],[456210.43,6270296.2],[455938.2,6271165.55],[456000.0,6271481.9],[456197.17,6271657.82],[456727.11,6271677.61],[457046.58,6271836.08],[457221.9,6271790.43],[457283.34,6271717.79],[457133.07,6271803.38],[457137.28,6271689.99],[457032.52,6271789.97],[457143.06,6271633.08],[457365.75,6271727.26],[457421.98,6271895.52],[457100.28,6272543.72],[456506.15,6272959.1],[455228.21,6272849.84],[454925.3,6272882.3],[454715.37,6273019.25],[454421.25,6272999.71],[454032.45,6273103.11],[453602.89,6273329.7],[453137.42,6273877.63],[452980.29,6273922.3],[453137.23,6273844.04],[453108.2,6273728.87],[452867.14,6273752.11],[452663.54,6274093.86],[452699.71,6274657.53],[452840.66,6275143.36],[452574.24,6275410.54],[452583.69,6275344.71],[452247.62,6275344.28],[452015.95,6275176.89],[451870.7,6274945.91],[451652.15,6274716.28],[451389.21,6274556.2],[451316.28,6274552.38],[451238.76,6274500.92],[451141.74,6274464.13],[451066.81,6274452.13],[451383.92,6274591.03],[451607.25,6274817.39],[451612.28,6274745.54],[451662.89,6274768.64],[451995.59,6275164.25],[451768.13,6275205.17],[451708.18,6275279.1],[451592.51,6275209.03],[451633.43,6275301.39],[451718.43,6275300.87],[451775.3,6275222.82],[452011.77,6275179.58],[451783.47,6275239.47],[451703.99,6275376.79],[451655.19,6275309.42],[451734.88,6275522.0],[451796.2,6275264.63],[452038.77,6275210.07],[452185.91,6275413.73],[452694.26,6275599.24],[452846.53,6275536.72],[452955.07,6275714.08],[452781.55,6275997.09],[452452.92,6276261.85],[452026.74,6276435.72],[451997.35,6276351.73],[452014.31,6276437.3],[451299.35,6276687.07],[450883.01,6276923.97],[450224.83,6276898.48],[450102.79,6276801.91],[450327.76,6276735.8],[450075.7,6276780.13],[450503.36,6278620.39],[451068.62,6278951.34],[451606.21,6278993.16],[452038.08,6279271.66],[451893.77,6279419.79],[451697.48,6280012.86],[452182.14,6280132.54],[452499.37,6279013.88],[452531.87,6279029.79],[452042.59,6280660.27],[452242.46,6280718.74],[452392.9,6281423.64],[452603.15,6281619.09],[452910.27,6282274.28],[452901.53,6282346.94],[452523.69,6282471.31],[452520.52,6282539.68],[452590.49,6282533.91],[452361.28,6282743.54],[452430.2,6282874.99],[452375.11,6282869.06],[452342.49,6283019.49],[452564.98,6283009.51],[452768.02,6282646.97],[452739.89,6282546.92],[452987.54,6282539.37],[452753.83,6282766.37],[452635.91,6283011.7],[452656.3,6283157.1],[452605.55,6283073.09],[452485.75,6283096.12],[452695.63,6283353.82],[452589.48,6283692.59],[452622.64,6283926.27],[452581.87,6284206.41],[452603.36,6283937.18],[452507.37,6283839.79],[452641.84,6283367.12],[452518.56,6283528.65],[452582.05,6283348.66],[452511.79,6283328.35],[452451.2,6283486.27],[452320.83,6283449.28],[452295.64,6283510.63],[452460.06,6283592.39],[452413.43,6283756.35],[452197.47,6283696.63],[452061.09,6284174.83],[452149.49,6284198.33],[452293.22,6283852.37],[452412.75,6283952.15],[452357.98,6284135.89],[452453.32,6284105.16],[452359.35,6284337.46],[452463.75,6284422.28],[452346.83,6284509.72],[452414.6,6284408.79],[452334.07,6284344.45],[452303.31,6284449.91],[452179.08,6284350.44],[452112.34,6284433.91],[452291.17,6284575.81],[452467.78,6284597.37],[452387.53,6284598.23],[452362.91,6284807.39],[452403.82,6284811.9],[452399.8,6284859.05],[452335.02,6284811.52],[452325.94,6284889.18],[452422.11,6284916.9],[452322.55,6284896.45],[452362.96,6285002.91],[452428.43,6284952.51],[452478.68,6284819.92],[452499.1,6284473.46],[452571.81,6284287.41],[452461.64,6284943.18],[452388.64,6285066.25],[452253.17,6285053.37],[451907.45,6285279.48],[451811.49,6285444.82],[451746.41,6285431.14],[451817.36,6285339.75],[451788.17,6285234.63],[451182.07,6284509.02],[450827.86,6283897.6],[450554.18,6283071.16],[450256.6,6282548.06],[449477.64,6280698.35],[449172.79,6280198.89],[449168.88,6280033.68],[448805.51,6279155.11],[448843.85,6279079.85],[448701.36,6278572.23],[448361.8,6277717.56],[448365.66,6277517.82],[447975.82,6276255.02],[447813.84,6274918.42],[447177.83,6272671.55],[446434.94,6269452.5],[446114.78,6268556.71],[446131.2,6268304.28],[446032.76,6268186.29],[446071.5,6267987.66],[445977.01,6267810.51],[445951.77,6267280.24],[445866.82,6267066.51],[445918.82,6266962.63],[445748.16,6266318.65],[445778.49,6266066.88],[445594.96,6264826.0],[445585.63,6263308.01],[445797.86,6261435.88],[445873.43,6261332.15],[445854.45,6261043.73],[445931.8,6260858.69],[445904.41,6260237.52],[445976.44,6260108.72],[445916.23,6259836.8],[445991.43,6259577.97],[445923.61,6259440.64],[446100.07,6259255.8],[446114.31,6258835.09],[445774.39,6254549.04],[445805.35,6253978.76],[445632.09,6252106.09],[445647.23,6251187.35],[445507.96,6248882.23],[445415.24,6248135.68],[445304.48,6248059.44],[445368.39,6248051.44],[445370.41,6247942.46],[445360.01,6247909.46],[445273.54,6247908.87],[445247.37,6247878.34],[446057.43,6247891.55],[446218.71,6248002.79],[446347.1,6248244.39],[446419.14,6248504.28],[446402.2,6248555.85],[446351.92,6248409.39],[446324.68,6248558.09],[446148.18,6248738.58],[446010.07,6248788.32],[445760.07,6248729.64],[446103.07,6248924.52],[446114.34,6249017.72],[446289.26,6249134.19],[446257.43,6249238.1],[446474.53,6249286.84],[446567.95,6249209.6],[446671.64,6249339.28],[446642.66,6249489.03],[446384.98,6249521.08],[446354.68,6249440.88],[446176.66,6249492.61],[445951.38,6249861.91],[446461.36,6249677.37],[446601.25,6249714.76],[446649.01,6249821.0],[446481.61,6250425.18],[446387.44,6250492.88],[446396.9,6250859.31],[446022.5,6250797.58],[445839.08,6250903.26],[446137.37,6251226.24],[446117.13,6251295.74],[446369.39,6251383.44],[446287.71,6251587.05],[445866.72,6251753.35],[445892.08,6251847.19],[446107.62,6251809.78],[446235.52,6251906.44],[446116.46,6252310.81],[445927.52,6252498.81],[445910.11,6252855.05],[446232.08,6252897.8],[446436.15,6253137.17],[446290.3,6254056.08],[446379.84,6254116.37],[446535.03,6254027.99],[446614.23,6254110.07],[446009.79,6254540.8],[446014.49,6254692.84],[446176.51,6254564.15],[446380.76,6254692.82],[446464.49,6255304.98],[446716.61,6255138.24],[447362.78,6254444.12],[447740.14,6254458.33],[448124.34,6254597.99],[448221.39,6254644.87],[448296.83,6254840.8],[448398.27,6254843.63],[448395.36,6254732.51],[448593.89,6254600.1],[448469.0,6254472.72],[448587.54,6254264.24],[448477.85,6254206.66],[448463.25,6253926.17],[448579.3,6253108.74],[448738.72,6252962.83],[448764.69,6252804.76],[448487.39,6252597.67],[448336.91,6252356.59],[448474.16,6252133.33],[448609.1,6251035.97],[448971.99,6250351.11],[449057.15,6250369.93],[449220.28,6250012.76],[449454.73,6249735.12],[449524.57,6249417.27],[449697.85,6249153.59],[449661.37,6249060.56],[449799.11,6248547.79],[450002.95,6248393.54],[450095.39,6248196.32],[450270.41,6248105.49],[450287.02,6247982.0],[450630.96,6247620.08],[450792.1,6247606.86],[451730.29,6247113.96],[451959.4,6246862.85],[451992.35,6246688.46],[452229.94,6246604.33],[453037.98,6246011.59],[453261.58,6245602.7],[453249.37,6245335.37],[453286.13,6245422.54],[453314.72,6245339.54],[453219.39,6245284.29],[453811.92,6244908.54],[453922.04,6244306.8],[454039.94,6244298.78],[453932.67,6244196.96],[454179.42,6243651.81],[454147.88,6243636.35],[454333.41,6243657.49],[454329.76,6243513.11],[454779.08,6243257.25],[455268.79,6242858.82],[454133.98,6243572.21],[453878.91,6243533.91],[453902.52,6243403.04],[453855.17,6243475.41],[453726.34,6243421.2],[453581.22,6243193.03],[453597.26,6242985.07],[453995.83,6242909.53],[454115.08,6242575.9],[454262.04,6242547.35],[454395.84,6242667.08],[454787.13,6242592.52],[454751.57,6242482.08],[454281.55,6242543.48],[454552.06,6242337.8],[455122.63,6242250.87],[455240.61,6242149.14],[455775.67,6242011.31],[456187.55,6241587.59],[456474.96,6241661.09],[456512.56,6241802.7],[456467.98,6241870.44],[456425.06,6242000.0],[456487.92,6242279.06],[456751.93,6242266.56],[456465.49,6241951.96],[456504.41,6241827.11],[456754.26,6242099.76],[456635.99,6241784.69],[456715.1,6241775.01],[456741.59,6241873.21],[456930.32,6241837.73],[456820.26,6241847.17],[456756.76,6241755.71],[456621.16,6241771.18],[456389.13,6241399.63],[456147.79,6241177.25],[455890.81,6240390.62],[455209.14,6239496.58],[455222.21,6239444.49],[455307.34,6239493.06],[455290.34,6239388.22],[455114.5,6239309.2],[455113.31,6239422.05],[454915.85,6239357.21],[454815.03,6239199.6],[454652.69,6239130.93],[454632.59,6239009.85],[454599.8,6239055.28],[454398.52,6238952.72],[454244.5,6238843.24],[454209.37,6238704.83],[454026.26,6238667.74],[453714.94,6238470.83],[453689.34,6238381.54],[453408.86,6238412.52],[452988.81,6238823.91],[452597.72,6239468.89],[452621.8,6239588.25],[453191.86,6239818.75],[453257.98,6239928.65],[453048.47,6240520.38],[452881.73,6240680.29],[452955.34,6240757.52],[452725.3,6241313.39],[452781.91,6241369.69],[452682.45,6241657.85],[452826.06,6241908.02],[452729.68,6241962.79],[452849.82,6242020.89],[452856.66,6242145.67],[452325.04,6242055.54],[451857.78,6242098.0],[451438.67,6241959.36],[451025.64,6241979.26],[450700.08,6242176.43],[450523.2,6242163.73],[450590.83,6242209.06],[450479.89,6242217.71],[450103.21,6242690.41],[449938.14,6242750.34],[449674.53,6242507.45],[449272.88,6242574.94],[449115.19,6242500.79],[449012.51,6242339.47],[448842.55,6242403.58],[448608.91,6242349.0],[448427.56,6242770.73],[448439.91,6243090.76],[448540.54,6243228.85],[448481.23,6243406.13],[448533.14,6243697.16],[448733.22,6243789.38],[448454.48,6243886.92],[448114.24,6243776.19],[447832.75,6243536.79],[447631.64,6243558.15],[447497.38,6243347.1],[447310.16,6243659.08],[447249.9,6243519.23],[447317.45,6243226.11],[447267.72,6243185.81],[447287.39,6243246.64],[447187.52,6243652.84],[447238.27,6243265.71],[446974.18,6243146.44],[446543.43,6243144.59],[446254.77,6242922.06],[446148.91,6244082.01],[446202.96,6244196.12],[446320.9,6244166.28],[446281.63,6244250.32],[446155.1,6244250.79],[446270.55,6244261.43],[446118.87,6244631.72],[446194.38,6244861.33],[446109.78,6245212.52],[446294.71,6245232.26],[446459.1,6245395.82],[446462.15,6245625.28],[446354.39,6245681.15],[446422.6,6245721.39],[446384.46,6245848.93],[446452.88,6245968.1],[446399.11,6246163.91],[446620.18,6246335.03],[446563.53,6246388.06],[446729.05,6246666.35],[446591.03,6246686.33],[446559.56,6246700.28],[446719.45,6246676.34],[446788.43,6246748.77],[446670.64,6247175.89],[446861.99,6246897.05],[446697.44,6247248.6],[446556.98,6247342.64],[446396.16,6247307.73],[446288.37,6247319.98],[446253.47,6247338.44],[446048.92,6247235.98],[445835.91,6247237.89],[445965.62,6247318.95],[445997.8,6247536.19],[446076.36,6247530.82],[446108.29,6247391.7],[446371.66,6247312.9],[446627.57,6247452.61],[446615.07,6247566.53],[446386.24,6247757.78],[445584.68,6247802.24],[445660.64,6247764.62],[445646.72,6247500.53],[445726.02,6247473.24],[445649.73,6247424.93],[445744.57,6247405.95],[445648.58,6247355.02],[445741.57,6247348.46],[445739.88,6247278.19],[445647.52,6247278.69],[445731.25,6247269.94],[445647.74,6247213.7],[445738.32,6247154.28],[445630.99,6247137.31],[445617.37,6247744.66],[445551.56,6247829.73],[445407.5,6247822.43],[445470.14,6247786.02],[445431.58,6247700.31],[445261.17,6247774.28],[445507.08,6247634.06],[445626.09,6246375.77],[445623.53,6241602.9],[445852.5,6237982.61],[446087.4,6235606.44],[446107.72,6231850.25],[445841.48,6228932.84],[444729.54,6221509.62],[444040.07,6215676.8],[443810.98,6213165.22],[443817.59,6211488.31],[444570.51,6206765.48],[444585.54,6206438.88],[444403.91,6206319.23],[444404.66,6206258.25],[444644.12,6206461.42],[444753.37,6206386.72],[445059.36,6206677.94],[445198.53,6206630.68],[445291.09,6206734.39],[445096.65,6207031.43],[445165.67,6207067.92],[445198.77,6207004.89],[445300.93,6207057.05],[445425.2,6206817.05],[445348.51,6206755.59],[445782.13,6206852.16],[446135.14,6207098.06],[446103.42,6207205.44],[446144.35,6207107.97],[446621.79,6207255.04],[446559.18,6207353.04],[446369.2,6207409.05],[446247.35,6207340.73],[446078.67,6207427.97],[446166.13,6207301.99],[446042.27,6207414.28],[445977.35,6207328.51],[445819.58,6207347.33],[446030.79,6207477.94],[445886.04,6207639.35],[445778.59,6208414.69],[445795.3,6208514.03],[445912.59,6208526.27],[445749.81,6208569.17],[445634.25,6209101.15],[445332.8,6209090.68],[445638.68,6209121.41],[445597.26,6209638.89],[445415.35,6210093.72],[445399.17,6210634.16],[445501.43,6210803.59],[445478.6,6211156.34],[445575.2,6211424.06],[445525.48,6211569.45],[445751.33,6212153.47],[445749.58,6212438.62],[445616.61,6212384.35],[445735.15,6212520.43],[445605.62,6212953.5],[445731.86,6213768.09],[445868.97,6214029.78],[445835.52,6214326.55],[445909.35,6214660.2],[445905.56,6214678.58],[445859.54,6214669.93],[445858.26,6214686.97],[445935.92,6214709.07],[445986.36,6214958.85],[445935.5,6215341.75],[446024.43,6215455.76],[445911.58,6215783.84],[446001.24,6216226.65],[446396.1,6216979.1],[446817.56,6217310.27],[446859.5,6217542.95],[447081.83,6217712.45],[446806.47,6217561.17],[446664.85,6217693.27],[446473.66,6218000.0],[446466.52,6218702.95],[446291.97,6218982.48],[445768.47,6219445.75],[445713.13,6219552.41],[445773.25,6219579.63],[446200.38,6219303.49],[446571.97,6219199.79],[447175.61,6218598.74],[447544.55,6218386.85],[447618.93,6218423.76],[447745.73,6218269.89],[447708.78,6218152.92],[447772.86,6218081.63],[448115.44,6218216.72],[448462.1,6218139.25],[448858.36,6217941.52],[449923.54,6217609.26],[450309.34,6217373.06],[451354.89,6217062.12],[451696.05,6216815.18],[452024.55,6216809.82],[452034.55,6216744.0],[452114.39,6216677.24],[452165.57,6216535.44],[452276.68,6216538.92],[452380.66,6216424.84],[452269.49,6216308.44],[452273.04,6215956.97],[452309.75,6215911.05],[452306.24,6215994.48],[452527.26,6215982.38],[452628.28,6216262.15],[452690.51,6216102.51],[452783.05,6216101.14],[452632.57,6216027.87],[452745.92,6215957.58],[452692.13,6215891.11],[452619.9,6216006.03],[452683.78,6215879.63],[452782.66,6215932.0],[452958.75,6215811.64],[452937.27,6215913.38],[453072.65,6215838.06],[455272.46,6213726.36],[456345.06,6213064.97],[456429.1,6212869.63],[456616.09,6212776.3],[456654.72,6212661.15],[456568.86,6212500.88],[456731.13,6212391.78],[456822.69,6212129.99],[456791.91,6211995.3],[456712.5,6211977.19],[456803.24,6211890.63],[456774.07,6211800.4],[456650.61,6211709.24],[456505.85,6211379.11],[456565.57,6211150.93],[456525.84,6210592.16],[456657.34,6209912.38],[456927.37,6209343.51],[456808.37,6208897.26],[456911.92,6208360.44],[456782.25,6208259.9],[456780.82,6208075.24],[456876.17,6207949.02],[456762.96,6207889.09],[457047.19,6207402.48],[457043.06,6206378.57],[457247.52,6205463.54],[457300.95,6205465.46],[457272.89,6205358.5],[457444.11,6205171.06],[457413.47,6205072.84],[457632.99,6204657.32],[458204.33,6204095.07],[458347.52,6203628.18],[458641.51,6203410.14],[458913.22,6203418.44],[459059.32,6203141.95],[458984.73,6203018.57],[459073.38,6202816.46],[459344.74,6202617.1],[459494.55,6202639.93],[459679.36,6202479.83],[459522.16,6202337.37],[459730.59,6202425.95],[459905.11,6202327.93],[459611.33,6201859.14],[459699.07,6201654.21],[460106.71,6201379.07],[460215.39,6201463.31],[460223.4,6201290.92],[460358.58,6201269.2],[460435.5,6201117.67],[460344.34,6201195.09],[460341.86,6201075.07],[460269.39,6201057.41],[460380.95,6200879.97],[460853.57,6201213.26],[460545.71,6200868.7],[460555.32,6200960.92],[460268.81,6200694.7],[460148.85,6200459.96],[460313.74,6200392.46],[460304.02,6200472.65],[460588.37,6200601.87],[460620.93,6200494.53],[460763.84,6200469.17],[460765.76,6200329.69],[460935.68,6200150.17],[461030.06,6200185.5],[460916.87,6200115.07],[461025.63,6199805.86],[460950.05,6199727.05],[461034.25,6199620.53],[461004.1,6199403.41],[461088.11,6199321.27],[461012.51,6199181.98],[461266.36,6198889.68],[461040.91,6198685.71],[461073.0,6198494.29],[460964.43,6198423.2],[460942.59,6198160.78],[461187.39,6198203.51],[461216.85,6198191.84],[460925.03,6198094.54],[460913.98,6197948.85],[461016.01,6197969.37],[461056.15,6197844.72],[461003.86,6197683.73],[460802.41,6197480.27],[460864.15,6197318.2],[460608.28,6197170.73],[460761.14,6196974.48],[460199.46,6196784.33],[460099.09,6196616.07],[460135.71,6196366.36],[460053.21,6196357.83],[460751.36,6196195.16],[460598.62,6196296.32],[460759.83,6196398.69],[461257.81,6196363.72],[461118.58,6196235.42],[460838.48,6196217.72],[460776.98,6196117.98],[460938.33,6196039.65],[461373.09,6196060.32],[461389.8,6195860.43],[461472.06,6195808.29],[461224.27,6195651.08],[461059.04,6195649.84],[461009.75,6195500.72],[461132.27,6195389.7],[461012.63,6195304.57],[461062.95,6195212.47],[460677.98,6194878.28],[460545.5,6194876.13],[460592.96,6194731.48],[460502.64,6194801.92],[460296.18,6194681.63],[460118.32,6194434.78],[459783.83,6194511.41],[459920.07,6194388.69],[460004.93,6194443.71],[460045.79,6194388.47],[459943.42,6194317.63],[459877.61,6194404.81],[459826.37,6194372.78],[459142.21,6193429.2],[458180.63,6192451.46],[458000.3,6191958.95],[457918.23,6191930.92],[457997.33,6191748.24],[457887.5,6191915.91],[457906.33,6191709.19],[457839.75,6191640.51],[457823.4,6191659.13],[457889.79,6191709.52],[457882.71,6191740.41],[457133.7,6191389.59],[456694.35,6190916.59],[456333.65,6190732.76],[455885.08,6190179.33],[455490.49,6190037.83],[455038.84,6189681.74],[454718.17,6189794.81],[454954.54,6189551.89],[454840.33,6189561.36],[454732.15,6189445.54],[454649.36,6189524.69],[454769.25,6189625.41],[454694.8,6189674.57],[454577.73,6189509.22],[454705.44,6189391.0],[454700.4,6189287.05],[454377.38,6188740.62],[454250.96,6188924.89],[454262.64,6188785.93],[454137.31,6188745.01],[453806.19,6188885.46],[453542.47,6189286.21],[453603.63,6189614.15],[453879.82,6190174.25],[453720.67,6191450.92],[453926.12,6191847.07],[454870.36,6192543.09],[454928.38,6192668.54],[454874.6,6192911.36],[454747.13,6193067.08],[454592.49,6193093.23],[454410.58,6193354.85],[454168.57,6193327.75],[454131.0,6193162.93],[453834.12,6193429.8],[453630.19,6193440.86],[453195.53,6193234.86],[452961.44,6193266.02],[452863.52,6193015.87],[452965.4,6192723.74],[452672.64,6192633.62],[452392.84,6192942.1],[452305.04,6192906.58],[452325.09,6192997.24],[452241.16,6192968.94],[452273.22,6193078.54],[452159.51,6192985.53],[452157.58,6193056.7],[452052.98,6193057.56],[452167.42,6193107.24],[452071.59,6193178.6],[452161.9,6193248.73],[452071.95,6193238.56],[452098.45,6193323.88],[451943.31,6193511.44],[451991.53,6193619.77],[451798.48,6193813.46],[451808.7,6193898.36],[452126.21,6194021.17],[452170.91,6194137.31],[452083.31,6194171.61],[451746.36,6193962.26],[451665.6,6194107.98],[451459.18,6194180.06],[451427.82,6194401.96],[451536.71,6194228.45],[451854.58,6194258.99],[451929.85,6194168.19],[452025.39,6194180.1],[452050.23,6194264.0],[451867.87,6194421.38],[451887.61,6194612.73],[451995.55,6194622.47],[451962.93,6194687.25],[451773.24,6194804.91],[451223.08,6194789.48],[450966.81,6194849.64],[450790.85,6194944.11],[450508.3,6194881.2],[450356.08,6194677.55],[450306.28,6194392.9],[450508.31,6194057.42],[450293.4,6193846.58],[450743.08,6193091.33],[450557.17,6192963.76],[450044.34,6192904.48],[449979.61,6193064.2],[449843.67,6193098.91],[449662.79,6192965.64],[449623.91,6192819.27],[449746.37,6192535.03],[450435.92,6192083.33],[450204.53,6191697.68],[450450.23,6191542.1],[450298.77,6191380.78],[450492.35,6191048.09],[450348.57,6190932.75],[450364.13,6190620.34],[450091.21,6190207.08],[449883.36,6190092.89],[449785.28,6190127.87],[449734.95,6189933.72],[449587.29,6189951.72],[449397.62,6189739.68],[449365.41,6189873.77],[449252.25,6189940.68],[448983.22,6189769.81],[449018.72,6189606.3],[448908.52,6189506.52],[448903.72,6189295.45],[448968.07,6189237.2],[449096.17,6189365.25],[449096.11,6189288.01],[448713.83,6188382.38],[448716.48,6187942.84],[448601.69,6187570.23],[449429.12,6187717.72],[450147.45,6187717.81],[451703.88,6186900.94],[451349.01,6186033.65],[451348.2,6185825.95],[451481.9,6185520.63],[451907.04,6185389.7],[452538.04,6185461.01],[453836.26,6184445.63],[454149.06,6184128.0],[454144.55,6183963.91],[454302.68,6183746.27],[454677.83,6183764.82],[454731.45,6183829.35],[454813.84,6183747.7],[454955.85,6183937.31],[454976.8,6184148.3],[455122.89,6184215.27],[455285.19,6184090.94],[455396.24,6184103.89],[455360.69,6184032.55],[455660.2,6183802.71],[456088.06,6183832.61],[456346.47,6183753.7],[457144.33,6184020.24],[457090.89,6184088.75],[457459.42,6184139.99],[457856.87,6184064.52],[457851.69,6184478.3],[459326.35,6186492.37],[459579.52,6186374.26],[459791.61,6185975.12],[460628.77,6184993.46],[460632.36,6184862.06],[460721.6,6184866.01],[460774.62,6184376.22],[460882.6,6184423.96],[461297.76,6184276.63],[461132.76,6184163.55],[462602.07,6184269.24],[463892.83,6183862.99],[463797.1,6183641.32],[463539.54,6183744.59],[463300.65,6183683.01],[463293.84,6183432.1],[463623.44,6183427.23],[464131.19,6183102.37],[464192.8,6182945.73],[464278.83,6182962.92],[464692.26,6182676.72],[464926.13,6182632.94],[465075.39,6181754.22],[465461.18,6181330.62],[466379.65,6180985.6],[466682.15,6180955.14],[466269.67,6181819.9],[467032.5,6181478.82],[467119.71,6181609.68],[468305.11,6181344.43],[468220.33,6181609.7],[468635.64,6181385.62],[468629.72,6181704.88],[468799.16,6181614.05],[468858.23,6181752.55],[468945.72,6181666.94],[468872.3,6181834.35],[468922.46,6181961.64],[469203.46,6182045.6],[469516.98,6182546.14],[469327.63,6183708.64],[469191.56,6183755.84],[469463.08,6185070.48],[469847.29,6185336.08],[470415.23,6185469.23],[470705.11,6185617.18],[470993.86,6185381.07],[470806.86,6185660.38],[470755.69,6185902.43],[471228.91,6186351.18],[471581.07,6186402.04],[471399.72,6187414.67],[470714.23,6188501.39],[472864.9,6189457.81],[472986.44,6189168.68],[473078.93,6189207.46],[473226.72,6188923.12],[473683.6,6188496.9],[474113.24,6188449.71],[474139.14,6188277.55],[474472.98,6188106.28],[474395.31,6187833.81],[474487.29,6187781.89],[474569.86,6187789.69],[474606.32,6188001.22],[475396.91,6188422.6],[475522.96,6188455.17],[475860.68,6188351.16],[475932.11,6188588.89],[476124.34,6188532.14],[476172.34,6188730.66],[476587.21,6188610.44],[476566.11,6188885.25],[478538.91,6188804.29],[478955.28,6188900.69],[478989.0,6189031.25],[479725.71,6189245.4],[480730.4,6188332.89],[481710.68,6188061.41],[481795.42,6187790.72],[481765.77,6187499.92],[481661.27,6187503.65],[481663.21,6187352.63],[481737.33,6187340.13],[481707.25,6187169.15],[481794.65,6187140.94],[481772.66,6186984.75],[481676.53,6186993.23],[481650.86,6186844.23],[481726.28,6186792.84],[481638.11,6186603.68],[482196.62,6186215.47],[482231.6,6186365.6],[482596.82,6186232.06],[482601.07,6185396.31],[482992.58,6185390.85],[483990.23,6184561.51],[484300.5,6184703.05],[484886.69,6184523.58],[484894.97,6184679.92],[485328.01,6184684.36],[485646.37,6184782.79],[489144.6,6185996.38],[489175.02,6186045.57],[488933.83,6186142.62],[488692.73,6186366.3],[488330.06,6186934.55],[487901.46,6187335.2],[487514.66,6187543.55],[487131.35,6188050.02],[487966.48,6188670.45],[488926.44,6189125.54],[489963.34,6192934.93],[490687.31,6192686.02],[490963.06,6192760.64],[491569.97,6194447.33],[491747.36,6194443.35],[491818.35,6194303.78],[492231.63,6194170.18],[492336.51,6194361.59],[492518.03,6194210.18],[492570.63,6194486.05],[495726.29,6193943.1],[496453.23,6194080.03],[497845.13,6193266.73],[497968.76,6191079.15],[497356.98,6188875.36],[497458.09,6188462.82],[497598.87,6188524.18],[497548.33,6188587.71],[497611.8,6188655.81],[497638.41,6188555.92],[497838.02,6188590.38],[497808.7,6188517.46],[498022.32,6188353.25],[498411.9,6188280.39],[498376.87,6188186.49],[498523.75,6188194.11],[498569.49,6188274.03],[498640.78,6188156.61],[498912.1,6188197.79],[499233.32,6188099.57],[499521.64,6188156.52],[499550.95,6187995.02],[499722.44,6187885.94],[499854.76,6187936.11],[499821.48,6187752.55],[499994.42,6187593.71],[499998.25,6187691.06],[500037.79,6187751.9],[500087.2,6187745.47],[500107.46,6187629.95],[500027.46,6187587.56],[500147.26,6187559.37],[500091.01,6187406.51],[500152.59,6187532.68],[500285.47,6187499.82],[500330.22,6187347.31],[500360.96,6187444.96],[500457.07,6187465.05],[500484.14,6187385.29],[500574.14,6187384.62],[500597.37,6187232.64],[500697.27,6187284.19],[500923.79,6187797.7],[501297.67,6187595.88],[501883.18,6188343.85],[502899.51,6187878.56],[503682.35,6189460.75],[503945.33,6189281.58],[504019.97,6189107.12],[504144.72,6189111.54],[504441.47,6188770.04],[504397.54,6188967.0],[504848.33,6190313.88],[505215.68,6191111.73],[506087.93,6192417.06],[507361.77,6191536.0],[508449.62,6192976.11],[508598.1,6192972.28],[508651.68,6193146.29],[509184.98,6193281.06],[509381.75,6193134.19],[509531.85,6193629.36],[510032.86,6194482.25],[510552.92,6194628.03],[510892.7,6195349.31],[511205.19,6195694.86],[511107.81,6195804.64],[511167.62,6195855.17],[511086.57,6196015.16],[511738.87,6196349.81],[512236.38,6196829.77],[512094.71,6197704.64],[512307.25,6198715.74],[512391.46,6198816.49],[512696.77,6198833.04],[512784.55,6198930.45],[513114.64,6199912.66],[513421.4,6199789.66],[513630.47,6201044.41],[514191.47,6201272.69],[514471.03,6201097.49],[514608.65,6201174.15],[514864.04,6201021.13],[514961.9,6201042.47],[515019.44,6200831.92],[516078.84,6200930.66],[517244.55,6199852.74],[517537.4,6199248.12],[517733.98,6199292.07],[518267.13,6199078.11],[518421.72,6198929.27],[519282.51,6199218.09],[519429.68,6199190.23],[519904.27,6198738.94],[520433.71,6198691.63],[520959.95,6198493.62],[521429.88,6199039.79],[521889.86,6199243.29],[523089.04,6198489.06],[524103.05,6197968.69],[524184.25,6197705.19],[524914.79,6197494.34],[525143.32,6197135.65],[525516.64,6196869.49],[525656.43,6196660.56],[526145.82,6196660.74],[526587.41,6196370.24],[526823.51,6196357.73],[527199.85,6196135.87],[528572.77,6196045.46],[529247.47,6195812.4],[531395.47,6195830.86],[531865.6,6195690.29],[531950.98,6195593.34],[531930.99,6195430.46],[532346.91,6195038.58],[532469.85,6195044.63],[532575.16,6195157.95],[532726.54,6195506.38],[532727.55,6195814.55],[533359.44,6195791.16],[533292.61,6196115.84],[533767.15,6196356.79],[533765.94,6195722.04],[534252.4,6195771.28],[534581.44,6195679.95],[534693.96,6195781.82],[534909.84,6195694.89],[534945.32,6196926.22],[533417.1,6197244.52],[533387.72,6197413.89],[532925.85,6197647.75],[532950.63,6197734.6],[532722.1,6197845.83],[532857.76,6198107.0],[532800.81,6198329.15],[532399.36,6198389.18],[532377.09,6198510.71],[532072.44,6198802.37],[532106.96,6199567.21],[531976.41,6199832.55],[532138.94,6199804.31],[532149.18,6199872.44],[532344.29,6199882.32],[532335.6,6199945.87],[531909.65,6200027.5],[531864.96,6200159.81],[531870.85,6200745.99],[531759.84,6200857.54],[531824.32,6201025.52],[531730.11,6201211.69],[531833.98,6201280.78],[531749.54,6201543.5],[531529.91,6201808.61],[531591.07,6202172.42],[531497.05,6202586.03],[531378.56,6202750.01],[531411.06,6203033.53],[531016.22,6203431.13],[530712.32,6203501.15],[530535.92,6203913.89],[529969.89,6204270.11],[529824.3,6204656.47],[529280.77,6205188.45],[529001.29,6205274.74],[528711.61,6205745.26],[528529.32,6205816.6],[528396.32,6205774.77],[527825.19,6206406.27],[527616.14,6206425.66],[527188.07,6206698.34],[527056.69,6206982.5],[527037.56,6207369.15],[526880.73,6207630.6],[526876.11,6207998.13],[526507.12,6208582.9],[526483.16,6208777.19],[526365.57,6208829.71],[526241.26,6209254.4],[525401.07,6209464.17],[525201.57,6209404.47],[524415.54,6208974.05],[524176.71,6208607.27],[524139.5,6208811.34],[523937.2,6208942.69],[523334.53,6208875.39],[523226.27,6209022.36],[522705.35,6208908.98],[522337.75,6209100.27],[521809.77,6209036.5],[521515.77,6209149.3],[521684.41,6209283.83],[521733.67,6209582.82],[521625.82,6209649.52],[521629.61,6209800.93],[521830.79,6210130.4],[521873.69,6211324.15],[521718.66,6211702.94],[521670.55,6212132.97],[520372.59,6213615.68],[519179.55,6214597.32],[519713.62,6215161.89],[519849.72,6215840.25],[519766.83,6217257.81],[520699.88,6216866.69],[521507.19,6217064.62],[521924.35,6216917.94],[522643.26,6216410.53],[523754.02,6215977.08],[524725.44,6215917.32],[524667.44,6216139.71],[524765.69,6216398.25],[525068.86,6216624.37],[525333.51,6216710.81],[525623.69,6216558.47],[526059.82,6216715.41],[526145.53,6217075.79],[525812.32,6217119.79],[525576.63,6217833.07],[525305.72,6219491.5],[525445.06,6219826.87],[525090.5,6220510.31],[526032.21,6221300.13],[526202.44,6221299.25],[526266.19,6221379.39],[525954.44,6221579.14],[525789.77,6221550.34],[525586.88,6221648.36],[524968.04,6222126.81],[524435.16,6222300.62],[524324.29,6222661.93],[523999.9,6223027.49],[524086.81,6223313.23],[524007.23,6224158.3],[524278.63,6225397.64],[523856.44,6225496.34],[523681.45,6225239.53],[523093.23,6225446.05],[522715.01,6225810.06],[522557.16,6226326.59],[522364.92,6226344.54],[522305.77,6226280.97],[522250.15,6226345.68],[522845.75,6226983.9],[522727.19,6227655.64],[522122.08,6227696.41],[522066.05,6227316.41],[521704.36,6227323.57],[521798.91,6227643.23],[521445.28,6227575.12],[521301.26,6227790.64],[520853.27,6228021.85],[520463.94,6227997.07],[519977.31,6228370.93],[520205.53,6228540.55],[520267.73,6229441.13],[519679.0,6228981.09],[519515.67,6229101.68],[517454.25,6229225.85],[517353.62,6228947.99],[514647.43,6231121.43],[514411.14,6231229.94],[513776.88,6232135.54],[513928.38,6233167.78],[513786.41,6234772.5],[514219.43,6236034.96],[514309.4,6236024.57],[514369.05,6236179.3],[514285.9,6236213.39],[514310.61,6236412.28],[514978.24,6236292.5],[515378.05,6236407.34],[515454.05,6236501.32],[515303.5,6236756.5],[515109.57,6236819.64],[514824.58,6237082.96],[514752.24,6237065.33],[514541.5,6237344.12],[514299.36,6237486.47],[514555.66,6237742.03],[514765.55,6237774.8],[515415.71,6237608.65],[515633.57,6237216.98],[516213.79,6237713.76],[515859.33,6238376.69],[517175.22,6240287.83],[517381.88,6240412.28],[517755.95,6240483.75],[518407.08,6240868.89],[518182.54,6241459.56],[518460.54,6241779.76],[519019.03,6242158.21],[519071.05,6242277.41],[518954.94,6242709.28],[518452.12,6242964.02],[519038.51,6243154.43],[519572.58,6243920.61],[520004.13,6244110.33],[520179.18,6244368.86],[520668.14,6244305.11],[520958.45,6244133.25],[521795.44,6244379.81],[521908.54,6244319.57],[522036.73,6244444.26],[522623.97,6244582.96],[523197.95,6244520.26],[522975.31,6244958.62],[523395.42,6244733.55],[523271.06,6244933.85],[522886.21,6245185.45],[522808.93,6245562.15],[522614.22,6245902.21],[522819.6,6246303.13],[523409.84,6245886.61],[524947.85,6245067.94],[525449.75,6245535.95],[526111.48,6246480.24],[526720.96,6246620.64],[527076.53,6247296.93],[528787.99,6245983.59],[529483.82,6245500.2],[529721.1,6245423.94],[529815.19,6244957.63],[529748.24,6244946.18],[529757.61,6244794.08],[529529.72,6244784.27],[529403.34,6244609.25],[528988.76,6244578.86],[528747.24,6244361.32],[528480.38,6244249.61],[528851.23,6243297.59],[528993.44,6242570.07],[529196.91,6242227.12],[529288.85,6242211.18],[529439.19,6242329.25],[529765.64,6242345.19],[529731.6,6241951.42],[529998.36,6241719.48],[530256.25,6241043.67],[530773.51,6240963.72],[530830.05,6240783.66],[531440.44,6240530.77],[531746.89,6240809.0],[531743.78,6241321.8],[532524.01,6241433.4],[532652.37,6241281.95],[533005.16,6241296.91],[533021.54,6241219.65],[533302.04,6241136.87],[533847.76,6241074.61],[533931.63,6241302.74],[534092.87,6241256.72],[534325.5,6241383.31],[534434.11,6241560.67],[535286.16,6241446.1],[536195.94,6241820.31],[536540.74,6241490.92],[536976.01,6241277.46],[537171.67,6240688.73],[537531.16,6240422.12],[538144.25,6240797.59],[538623.39,6240676.53],[538843.71,6240857.41],[539158.59,6240924.24],[539359.44,6241209.14],[539510.89,6241272.83],[539856.46,6241223.43],[540567.39,6241425.18],[540875.36,6241354.65],[541255.97,6241792.69],[541254.88,6242694.04],[541475.53,6242764.85],[541594.59,6242621.57],[541921.89,6242608.09],[541956.51,6242548.71],[543309.44,6242652.7],[544627.1,6243070.44],[544676.21,6243622.14],[544393.81,6243659.87],[544414.9,6243842.0],[544212.98,6244183.8],[543828.01,6244218.71],[543606.23,6244471.03],[543657.67,6244697.93],[543555.55,6244861.71],[543587.18,6245042.93],[543358.81,6245174.7],[543370.41,6245494.1],[543516.94,6245512.76],[543642.35,6245650.62],[543573.77,6245972.8],[543417.56,6245888.82],[543327.63,6246139.7],[543378.44,6246515.79],[543275.5,6247037.17],[543357.19,6247071.42],[543258.61,6247286.17],[542727.27,6247804.45],[542528.07,6248114.77],[542974.17,6248275.42],[543306.54,6248190.7],[543619.48,6248287.12],[543852.44,6248445.5],[543923.04,6248628.5],[544086.8,6248661.81],[544455.84,6248969.92],[544679.17,6248854.56],[545085.36,6249099.06],[545032.68,6249269.28],[544884.04,6249305.17],[544689.49,6249635.78],[544592.44,6249627.51],[544186.5,6249973.58],[544774.19,6249855.47],[545232.37,6250119.01],[545144.94,6250395.58],[545189.3,6250472.29],[545319.62,6250582.9],[545616.09,6250574.38],[545837.78,6250766.65],[545457.49,6251066.0],[545785.56,6251719.63],[545722.67,6251907.12],[546056.24,6251974.68],[546027.86,6252542.26],[546590.37,6252577.87],[546662.19,6252837.23],[546840.4,6252943.45],[546770.71,6253203.59],[546519.98,6253359.31],[546470.69,6253635.5],[546220.74,6253757.94],[546294.28,6253853.85],[546273.46,6254087.01],[546659.67,6254079.09],[546718.46,6254360.91],[546873.16,6254392.62],[547033.68,6254729.76],[547155.62,6254751.64],[547130.89,6254988.39],[547275.5,6255113.6],[547442.97,6255480.13],[547420.09,6255221.13],[547647.24,6255214.41],[547711.97,6255511.91],[547561.79,6255827.15],[547590.26,6255935.51],[547941.51,6256584.45],[548044.09,6257046.71],[548456.94,6257586.27],[548462.69,6259374.73],[548329.71,6259827.83],[548268.14,6259825.29],[548281.25,6260555.1],[548562.25,6261342.21],[548430.41,6263634.26],[548322.01,6264331.0],[548608.37,6264840.5],[548684.27,6265347.33],[548628.85,6265673.03],[548405.71,6265985.77],[548390.35,6266179.5],[548082.65,6266706.4],[547995.14,6267137.78],[548038.66,6267366.78],[548295.06,6267494.32],[548684.21,6268600.02],[548942.07,6268756.27],[548911.02,6268871.6],[548693.07,6268868.06],[548471.69,6268694.04],[548327.98,6268782.97],[548169.65,6268703.78],[548084.96,6268748.05],[548060.5,6268616.0],[547930.22,6268530.97],[547529.44,6268456.51],[547376.67,6268345.25],[547222.15,6268359.87],[547197.85,6268250.55],[547099.85,6268218.17],[546148.05,6268146.43],[546162.57,6268398.82],[545866.69,6269117.65],[545412.87,6269573.41],[544941.35,6269877.27],[544774.82,6270346.17],[544655.32,6270397.13],[544631.64,6270745.18],[544391.66,6270888.81],[544377.57,6271003.13],[543973.01,6271083.99],[543979.17,6271258.5],[543635.87,6271671.46],[543396.26,6271725.99],[543181.94,6271915.45],[542818.28,6271830.48],[542747.35,6271956.71],[542640.69,6271972.99],[542609.87,6271852.62],[542717.47,6271813.04],[542674.69,6271723.33],[542377.61,6271652.48],[542271.07,6271729.29],[542103.77,6271709.33],[541878.51,6271979.41],[541597.98,6271964.2],[541378.75,6271652.91],[541267.21,6271680.87],[541007.04,6271409.55],[540878.71,6271409.52],[540821.57,6271499.21],[540650.02,6271288.28],[540472.49,6271357.54],[540387.92,6271143.07],[540266.12,6271106.4],[540213.64,6270907.39],[539923.03,6270906.15],[539794.51,6270990.46],[539539.14,6270807.69],[539400.94,6270881.8],[539052.07,6271493.58],[539182.06,6271830.05],[539479.49,6272000.0],[539713.8,6273491.15],[539568.03,6273978.92],[539942.87,6274066.66],[540128.24,6274268.3],[540769.93,6274379.7],[540852.92,6274543.78],[541394.01,6274542.77],[541525.57,6274736.46],[541500.67,6275411.3],[541146.5,6276226.14],[539579.37,6276590.23],[539221.36,6276594.06],[538376.19,6276589.83],[536634.13,6276236.62],[535521.68,6276561.94],[535407.03,6276535.74],[534948.87,6276766.32],[534959.69,6276827.94],[534607.9,6276908.6],[535065.65,6277464.84],[534836.9,6277742.58],[534991.78,6277926.56],[534854.8,6278395.4],[532968.93,6278622.12],[533035.25,6278906.0],[532892.66,6278995.01],[532576.17,6278654.82],[532353.29,6279201.64],[532400.55,6279290.44],[532584.9,6279247.68],[532808.28,6279498.32],[532755.16,6279727.83],[532958.69,6279784.68],[533195.23,6280052.83],[533011.66,6280147.19],[532992.92,6280464.75],[532746.28,6280410.22],[532666.19,6280903.64],[532297.82,6280726.36],[532168.34,6280754.03],[532145.97,6280861.07],[531984.86,6280664.8],[532059.91,6281041.07],[532412.82,6281823.78],[532308.15,6281869.12],[532291.34,6281761.95],[532187.62,6281805.94],[532208.84,6281995.51],[532032.88,6281887.74],[531637.62,6281902.42],[531607.12,6282152.83],[530959.94,6282241.06],[530928.3,6281960.81],[530826.14,6281970.74],[530828.38,6282102.82],[530353.9,6282140.05],[530279.39,6281498.18],[530193.19,6281503.84],[530171.38,6281346.37],[529511.44,6281418.67],[529517.59,6281247.16],[529240.84,6281271.38],[529280.78,6281038.01],[529081.09,6280845.07],[529200.53,6280765.06],[529119.59,6280489.21],[528934.8,6280439.58],[528810.44,6280225.0],[528648.46,6280241.46],[528587.77,6280012.76],[528445.44,6279915.79],[528413.82,6279703.43],[528504.93,6279609.33],[528435.34,6279448.93],[528555.87,6279244.7],[528323.72,6279076.24],[528288.59,6278712.13],[528142.56,6278644.49],[528257.73,6278525.15],[528133.69,6278425.61],[528030.28,6278479.8],[528065.77,6278348.52],[527953.78,6278236.15],[527937.3,6277837.92],[528049.94,6277690.46],[527907.32,6277588.92],[528003.38,6277508.78],[528027.64,6277347.24],[527860.69,6277195.25],[527933.51,6277061.14],[527774.67,6277138.04],[527069.66,6277147.34],[525688.63,6277543.47],[525983.32,6278095.49],[524926.74,6278562.24],[524389.91,6278697.19],[524203.51,6278881.19],[523959.95,6279610.68],[524261.71,6280205.4],[522625.7,6280082.5],[522428.83,6279973.91],[522445.49,6279880.27],[522367.88,6279889.8],[522252.18,6279948.96],[522074.49,6280365.87],[521695.21,6280861.93],[521445.19,6280891.65],[521167.75,6280713.13],[520648.84,6280663.56],[520650.54,6280816.95],[520527.55,6280796.28],[520282.83,6280482.97],[519785.68,6280657.99],[519696.43,6280996.41],[519584.64,6280939.76],[519737.57,6280325.88],[519917.16,6280329.2],[519766.19,6280119.16],[519937.56,6279515.18],[519917.53,6278728.66],[519847.49,6278653.25],[519649.54,6277352.26],[519545.72,6277212.09],[519358.23,6277208.58],[519210.55,6276688.53],[519207.45,6276241.84],[519113.38,6275909.92],[519258.68,6275631.42],[519062.79,6274683.89],[518536.32,6273804.21],[518271.38,6273631.37],[517990.06,6273598.3],[517948.41,6273498.54],[518134.74,6273412.44],[518261.13,6273230.61],[518303.07,6272722.15],[518244.5,6272391.27],[518052.64,6272089.4],[517926.46,6271426.61],[517894.7,6270845.7],[517614.66,6269248.94],[517630.56,6268884.36],[517878.88,6268076.83],[518141.15,6267756.07],[518640.89,6267541.9],[518979.81,6267547.59],[520826.14,6268227.78],[521261.51,6268502.54],[521570.57,6268880.69],[522012.76,6269166.4],[522309.42,6269190.26],[522627.51,6269361.56],[522843.55,6269183.09],[523045.88,6269216.72],[523067.26,6269016.42],[522782.39,6268905.01],[522581.3,6268570.79],[522488.09,6267567.7],[522555.17,6266947.3],[522504.11,6266399.71],[522775.84,6266070.23],[522780.05,6265804.52],[522496.08,6265610.85],[522360.62,6265584.04],[522096.47,6265813.38],[521926.61,6265858.65],[521779.47,6266048.38],[521519.07,6266035.91],[521346.5,6266220.92],[521053.7,6266351.96],[520700.52,6266338.85],[520202.55,6266029.82],[519766.34,6265366.61],[519554.35,6265304.06],[519619.14,6265297.88],[519666.56,6265252.23],[519605.24,6265201.69],[519538.25,6265290.05],[519568.98,6265163.06],[519494.08,6265036.27],[518884.37,6264626.1],[518924.26,6264253.97],[518855.27,6264071.18],[518796.67,6264183.29],[518668.11,6264043.69],[518603.26,6264103.43],[518466.92,6264071.16],[518392.22,6264347.99],[518500.21,6264857.71],[518717.23,6264902.97],[518835.26,6265022.74],[518947.05,6265267.06],[518951.6,6265548.89],[518875.02,6265604.88],[518574.15,6265503.26],[518075.72,6265557.28],[518016.76,6265682.73],[517514.22,6266022.43],[517047.84,6266486.93],[516867.67,6266723.46],[516815.88,6266933.85],[516486.51,6267314.71],[516431.07,6267548.44],[516021.6,6267972.39],[516058.12,6268253.39],[515974.15,6268735.78],[515703.59,6269407.95],[515694.03,6269742.85],[515544.91,6269820.43],[515228.67,6269742.41],[515078.26,6270009.56],[515436.35,6270463.78],[515673.22,6271010.38],[515637.56,6271109.77],[515799.78,6271535.19],[515762.45,6271608.33],[515766.88,6272191.84],[515933.21,6271949.11],[516073.7,6271953.43],[516528.54,6272344.61],[517387.8,6272761.81],[517594.34,6273043.17],[517810.41,6273176.71],[517678.41,6273214.25],[517633.77,6273321.78],[517703.05,6273585.95],[517944.32,6273509.84],[517959.05,6273560.87],[517733.69,6273637.85],[517845.38,6273738.14],[517826.15,6273960.96],[517913.6,6273992.42],[517916.93,6273896.33],[517941.15,6274010.33],[518140.27,6273927.82],[518140.36,6274001.38],[517648.17,6274848.92],[517503.86,6275348.09],[517124.45,6275488.46],[516760.91,6275734.36],[516493.24,6275657.24],[516217.5,6275462.75],[516072.24,6275474.22],[515884.52,6275645.63],[515847.66,6275888.57],[516136.32,6275796.76],[516119.44,6275888.22],[516245.54,6275924.66],[516508.56,6275765.33],[516478.22,6275822.95],[516586.86,6275768.37],[516758.13,6275740.36],[516201.39,6276045.82],[516207.53,6275972.02],[515967.71,6275919.4],[515533.38,6276027.98],[515123.7,6275995.38],[514863.0,6276119.29],[514690.47,6276002.29],[514208.95,6276039.51],[513771.85,6275927.69],[513319.24,6276085.94],[513155.84,6276046.06],[512927.37,6276209.94],[512227.6,6275923.06],[511922.39,6275550.19],[511490.86,6275238.71],[511145.35,6275194.34],[510277.02,6275345.01],[509758.59,6275797.05],[509228.03,6276825.31],[509190.86,6277127.36],[509280.63,6277624.91],[509581.91,6277967.01],[509585.63,6278629.83],[509335.6,6278874.43],[509305.83,6279113.91],[509176.98,6279511.23],[509165.71,6279892.24],[509155.5,6279979.12],[509135.98,6280021.37],[509107.0,6280043.95],[509180.26,6279471.25],[509296.09,6279029.2],[509059.62,6278417.69],[508868.45,6278178.46],[508796.99,6277484.07],[508562.14,6276774.22],[508124.1,6276359.18],[507875.72,6275923.61],[507344.25,6275463.52],[507113.26,6275363.2],[506977.16,6275102.38],[506666.05,6275156.47],[506401.86,6275140.85],[506356.3,6275128.64],[506754.83,6275139.04],[507404.34,6274720.04],[507756.04,6274644.66],[508342.76,6274893.95],[509196.27,6275026.41],[509370.66,6274887.11],[509416.41,6274578.98],[509314.35,6273969.16],[509093.74,6273758.82],[508988.11,6273478.73],[508713.11,6273129.18],[508520.9,6273069.52],[508334.49,6272844.84],[507887.5,6272808.48],[507522.74,6273051.69],[507445.22,6273129.18],[507308.16,6273398.67],[507363.43,6273592.48],[507406.59,6273238.1],[507406.5,6273579.43],[507159.93,6273733.01],[506668.95,6273756.6],[506315.5,6273425.82],[505845.28,6273199.32],[505670.67,6272692.67],[505508.93,6271801.71],[505653.98,6271092.22],[505974.33,6270534.87],[505823.34,6269789.57],[505719.14,6269729.37],[505805.76,6269562.8],[505724.9,6269561.18],[505286.2,6269026.13],[504669.72,6268024.32],[503942.25,6267935.34],[503600.53,6267999.89],[503082.87,6268589.61],[503216.91,6268714.61],[503602.69,6268765.58],[503349.39,6268898.17],[503337.37,6269030.46],[503414.07,6269156.28],[503402.74,6269229.09],[503289.88,6269038.78],[503204.45,6269034.18],[503283.42,6269054.89],[503253.53,6269222.77],[503389.19,6269272.88],[503344.02,6269523.54],[503201.41,6269460.61],[503189.44,6269529.57],[503387.44,6269565.74],[503375.93,6270000.73],[503322.51,6269935.53],[503204.28,6270030.63],[503156.32,6270227.18],[503339.36,6270223.22],[503383.88,6270033.65],[503423.62,6270073.62],[503318.8,6270293.28],[503101.88,6270430.6],[502984.32,6270637.19],[502756.42,6271248.45],[502624.59,6272076.57],[502641.76,6272301.02],[502736.6,6272404.68],[502665.29,6273056.08],[502755.53,6273493.06],[502699.07,6273940.83],[503079.6,6274511.9],[503326.14,6275353.56],[503383.57,6275992.81],[503787.88,6276483.33],[504259.33,6276799.41],[504457.73,6277074.61],[504873.26,6277352.74],[505148.95,6277653.29],[505707.79,6277888.61],[505994.55,6277874.4],[506449.59,6277701.51],[506185.7,6278019.9],[506107.15,6278255.77],[506147.0,6279155.29],[506002.95,6279347.94],[505937.69,6279786.42],[505821.46,6279897.07],[505830.31,6280171.2],[505966.75,6280440.47],[506201.22,6280560.12],[506768.85,6280219.6],[507214.92,6280327.56],[507398.71,6281558.73],[507834.9,6282356.6],[508091.54,6282619.16],[508258.02,6283015.74],[508748.61,6283640.36],[509590.3,6284316.67],[510534.49,6284848.21],[510831.98,6284820.73],[511335.55,6284496.54],[510735.86,6284905.95],[510682.4,6285020.5],[510762.76,6285015.08],[510621.1,6285099.22],[510748.55,6285043.77],[510637.45,6285149.75],[510682.93,6285333.56],[510166.32,6285896.18],[510073.22,6286168.76],[509424.7,6286767.18],[509063.45,6287375.03],[508039.0,6288484.47],[508017.32,6288716.88],[507278.65,6290207.13],[507129.14,6291015.54],[506829.53,6291571.81],[506577.81,6292525.51],[506576.93,6292974.97],[506882.05,6293500.55],[506878.44,6293671.5],[506531.08,6293759.46],[506064.51,6294007.87],[504089.16,6295422.32]],[[458536.308,6246900.409],[458536.31,6246900.41],[458548.84,6246894.42],[458536.308,6246900.409]],[[458528.68,6246892.89],[458531.54,6246898.99],[458531.542,6246898.991],[458528.68,6246892.89]]],[[[448595.95,6189284.94],[448435.01,6189203.52],[448371.56,6188794.75],[448476.59,6188489.45],[448549.62,6187572.76],[448686.14,6187982.27],[448547.38,6188508.81],[448632.73,6188567.58],[448756.09,6189006.39],[448902.81,6189228.34],[448595.95,6189284.94]]],[[[449170.62,6190224.87],[449097.41,6190264.6],[448720.02,6189825.23],[448660.37,6189506.21],[448748.48,6189513.92],[448922.87,6189914.48],[449170.62,6190224.87]]],[[[450383.26,6191051.64],[450294.99,6191078.59],[450317.1,6191006.84],[450383.26,6191051.64]]],[[[449981.58,6191594.3],[449700.63,6191697.54],[449651.52,6191610.68],[449860.29,6191321.56],[449828.51,6191201.82],[449266.16,6190407.46],[449977.61,6191116.79],[449981.58,6191594.3]]],[[[448813.41,6193050.59],[448882.28,6193042.86],[448814.59,6193073.05],[448813.41,6193050.59]]],[[[454699.51,6193206.51],[454534.18,6193253.41],[454680.37,6193111.38],[454699.51,6193206.51]]],[[[454732.97,6193340.85],[454759.28,6193345.67],[454744.2,6193358.76],[454732.97,6193340.85]]],[[[454658.13,6193313.77],[454634.01,6193372.31],[454428.49,6193362.54],[454569.99,6193275.59],[454658.13,6193313.77]]],[[[453632.34,6193502.76],[453517.44,6193544.45],[453486.0,6193503.79],[453632.34,6193502.76]]],[[[454672.84,6193583.36],[454685.7,6193594.11],[454674.65,6193598.68],[454672.84,6193583.36]]],[[[453329.46,6193572.9],[453247.73,6193570.26],[453307.01,6193523.33],[453329.46,6193572.9]]],[[[454572.42,6193583.26],[454596.07,6193596.36],[454573.77,6193612.16],[454572.42,6193583.26]]],[[[453190.36,6193630.45],[453221.91,6193660.34],[453209.22,6193663.1],[453190.36,6193630.45]]],[[[453154.59,6193692.51],[453167.39,6193703.55],[453158.63,6193707.51],[453154.59,6193692.51]]],[[[453205.22,6193736.04],[453219.82,6193736.92],[453211.82,6193744.19],[453205.22,6193736.04]]],[[[453140.54,6193883.71],[453161.0,6193898.32],[453150.16,6193909.14],[453140.54,6193883.71]]],[[[452959.17,6194080.85],[452994.19,6194097.32],[452967.61,6194118.07],[452959.17,6194080.85]]],[[[453150.68,6194012.27],[453205.73,6194080.58],[453184.17,6194136.86],[453117.12,6194069.67],[453150.68,6194012.27]]],[[[453212.69,6194139.16],[453255.85,6194149.36],[453230.25,6194170.12],[453212.69,6194139.16]]],[[[453012.18,6194167.81],[453029.83,6194191.93],[453020.27,6194194.06],[453012.18,6194167.81]]],[[[453104.55,6194181.5],[453183.26,6194168.89],[453152.2,6194227.97],[453104.55,6194181.5]]],[[[454048.79,6194247.84],[454050.7,6194261.05],[454040.55,6194259.4],[454048.79,6194247.84]]],[[[454020.83,6194212.68],[453917.74,6194255.18],[454009.55,6194178.96],[454020.83,6194212.68]]],[[[453085.42,6194278.19],[453088.25,6194315.35],[453071.08,6194307.42],[453085.42,6194278.19]]],[[[453853.43,6194290.15],[453879.34,6194311.94],[453842.62,6194317.4],[453853.43,6194290.15]]],[[[453390.48,6194410.24],[453223.58,6194214.65],[453333.54,6194173.48],[453352.87,6194035.32],[453244.99,6194098.81],[453140.77,6193981.43],[453293.16,6193634.45],[453872.82,6193711.18],[454120.44,6193609.16],[454208.0,6193440.7],[454591.7,6193396.77],[454536.3,6193631.57],[454105.19,6193973.0],[454079.09,6194145.34],[453957.62,6194177.7],[453650.66,6194374.08],[453390.48,6194410.24]]],[[[453121.51,6194618.31],[452985.87,6194893.83],[452884.51,6194759.38],[453021.53,6194585.93],[453121.51,6194618.31]]],[[[451133.94,6194862.36],[450975.81,6194851.55],[451156.64,6194834.74],[451133.94,6194862.36]]],[[[452378.29,6195025.39],[452062.08,6194938.26],[451993.21,6194771.07],[452145.11,6194468.99],[452460.04,6194393.38],[452797.97,6194606.49],[452815.12,6194776.44],[452663.2,6194961.54],[452378.29,6195025.39]]],[[[460770.22,6195090.37],[460781.96,6195162.83],[460721.9,6195183.03],[460702.53,6195101.23],[460770.22,6195090.37]]],[[[460445.1,6195463.53],[460611.87,6195683.88],[460429.74,6195783.05],[460306.65,6195412.14],[460374.66,6195278.51],[460488.53,6195279.21],[460445.1,6195463.53]]],[[[448608.65,6197567.93],[448526.3,6197534.7],[448550.36,6197344.13],[448600.54,6197391.74],[448608.65,6197567.93]]],[[[448483.23,6198720.16],[448379.67,6198859.34],[448663.09,6198340.25],[448483.23,6198720.16]]],[[[461144.99,6198842.63],[461161.4,6198869.5],[461138.04,6198860.23],[461144.99,6198842.63]]],[[[460952.06,6199292.85],[461011.91,6199271.94],[460983.3,6199310.95],[460952.06,6199292.85]]],[[[448115.88,6199997.75],[448157.77,6199965.45],[448170.19,6200027.45],[448115.88,6199997.75]]],[[[460067.81,6200396.76],[460134.33,6200422.43],[460085.34,6200450.06],[460067.81,6200396.76]]],[[[460203.02,6201118.97],[460225.22,6201136.17],[460207.26,6201139.25],[460203.02,6201118.97]]],[[[459552.97,6202265.37],[459620.94,6202277.81],[459584.28,6202302.15],[459552.97,6202265.37]]],[[[459687.15,6202311.41],[459746.7,6202294.82],[459732.76,6202338.61],[459687.15,6202311.41]]],[[[459296.06,6202368.31],[459187.68,6202323.95],[459303.49,6202312.24],[459296.06,6202368.31]]],[[[459599.66,6202483.0],[459621.82,6202486.97],[459606.54,6202494.92],[459599.66,6202483.0]]],[[[459418.73,6202580.77],[459382.54,6202582.16],[459409.18,6202564.12],[459418.73,6202580.77]]],[[[458845.12,6203407.47],[458817.73,6203384.82],[458858.65,6203388.74],[458845.12,6203407.47]]],[[[455135.7,6204603.03],[454950.85,6204534.2],[454953.93,6204091.75],[455060.49,6204136.57],[455109.51,6204338.97],[455169.17,6204113.95],[455273.49,6204150.7],[455276.12,6204492.12],[455135.7,6204603.03]]],[[[445295.92,6206532.38],[445393.39,6206582.93],[445387.9,6206603.16],[445234.74,6206553.8],[445164.96,6206390.52],[444878.85,6206339.51],[444960.44,6206292.29],[444974.53,6206092.25],[444420.08,6206117.19],[444553.22,6206044.36],[445030.8,6206078.83],[445529.5,6205058.96],[445766.68,6204025.43],[445834.37,6203208.56],[446048.39,6202598.71],[446366.83,6200984.22],[447064.2,6195021.55],[447032.14,6193834.63],[447210.8,6191407.36],[447469.94,6190081.21],[447622.35,6188421.88],[448061.06,6185854.88],[448724.89,6186241.9],[449236.25,6186056.8],[449125.95,6186187.63],[448866.17,6186235.83],[448996.75,6186259.22],[448767.78,6186601.05],[448373.27,6186941.31],[448467.68,6187302.94],[448390.64,6187535.18],[448388.49,6188244.78],[448276.48,6188985.47],[448350.51,6189272.37],[448728.89,6189988.91],[449736.86,6191227.45],[449557.54,6191547.65],[449424.52,6191460.08],[448996.48,6191727.85],[448956.52,6192113.82],[448653.27,6192362.43],[448757.11,6192672.41],[448726.72,6192814.57],[448908.07,6192980.68],[448806.07,6193046.33],[448790.05,6193078.39],[448927.25,6193084.8],[448936.2,6193321.15],[448516.66,6194169.63],[448134.89,6195455.98],[448402.96,6195824.56],[448151.04,6195809.58],[447933.32,6195986.32],[447958.01,6196066.44],[448114.13,6196091.68],[448486.68,6196582.38],[448369.76,6197005.56],[448283.78,6197006.61],[448034.68,6196763.69],[448054.28,6197007.5],[448174.37,6197171.32],[448269.82,6197193.9],[448259.9,6197038.32],[448348.71,6197034.03],[448345.49,6197323.84],[448283.66,6197369.77],[448378.65,6197342.98],[448472.14,6197512.81],[448457.59,6198021.45],[448162.16,6198393.23],[448023.09,6198412.1],[448028.2,6198860.44],[448182.46,6199409.41],[448135.4,6199641.73],[448031.06,6199660.97],[448147.96,6199648.78],[448177.55,6199735.07],[447767.07,6200388.05],[448062.94,6200373.8],[448185.7,6200174.11],[448285.35,6200818.71],[447733.11,6201369.91],[447351.16,6201532.57],[447299.02,6202340.95],[447183.61,6202321.71],[447277.44,6202373.16],[447131.99,6202811.64],[447067.14,6202809.25],[447114.61,6202876.41],[446696.74,6203530.87],[446835.31,6203640.14],[446836.39,6203962.75],[446774.69,6203984.08],[446837.1,6203990.55],[446504.04,6204354.45],[446377.72,6204606.12],[446514.78,6204448.04],[446028.71,6205203.72],[445933.76,6205625.48],[445966.9,6206213.71],[445923.23,6206163.45],[445734.87,6206344.92],[445668.57,6206243.0],[445716.84,6206417.91],[445463.45,6206548.09],[445374.24,6206419.35],[445295.92,6206532.38]]],[[[445941.28,6206657.92],[445753.69,6206716.08],[445447.1,6206619.01],[445633.11,6206657.45],[445629.45,6206511.64],[445751.71,6206414.97],[445839.76,6206525.43],[445967.9,6206271.17],[446200.48,6206494.25],[446279.11,6206449.07],[445941.28,6206657.92]]],[[[455734.52,6206819.81],[455475.0,6206525.81],[455263.28,6205759.5],[455137.17,6205554.36],[455041.81,6204620.6],[455186.63,6204621.81],[455220.77,6204689.45],[455268.61,6205191.89],[455573.99,6206076.75],[455576.05,6206319.95],[455836.1,6206721.43],[455734.52,6206819.81]]],[[[455848.17,6207115.21],[455745.41,6207192.23],[455672.49,6206951.9],[455844.92,6206745.72],[455848.17,6207115.21]]],[[[452044.01,6216482.0],[452048.32,6216651.89],[451982.56,6216599.27],[451949.42,6216483.55],[452044.01,6216482.0]]],[[[447190.38,6217764.16],[447636.59,6218096.33],[447279.26,6217875.39],[447192.53,6217801.34],[447190.38,6217764.16]]],[[[452971.75,6242286.3],[453038.05,6242362.16],[453011.86,6242392.59],[452959.13,6242360.88],[452971.75,6242286.3]]],[[[453364.16,6242647.15],[453029.33,6242585.2],[453001.95,6242467.02],[453077.39,6242364.48],[453359.54,6242497.13],[453364.16,6242647.15]]],[[[452909.58,6242642.71],[452892.54,6242793.12],[452835.92,6242723.72],[452909.58,6242642.71]]],[[[453490.58,6242926.29],[453351.15,6242906.17],[453331.22,6242681.73],[453471.57,6242599.68],[453808.03,6242708.93],[453638.35,6242734.84],[453490.58,6242926.29]]],[[[447140.05,6243435.5],[447132.99,6243521.48],[446987.23,6243432.86],[446996.11,6243314.43],[447140.05,6243435.5]]],[[[454137.9,6243638.88],[454042.87,6243846.22],[453985.2,6243874.24],[453968.02,6243665.17],[454051.99,6243594.62],[454137.9,6243638.88]]],[[[453980.5,6243897.49],[454017.88,6243957.7],[453903.74,6244259.48],[453885.77,6244022.14],[453980.5,6243897.49]]],[[[449791.84,6244025.25],[450094.34,6244637.3],[449532.38,6244510.48],[449163.21,6244332.82],[449136.46,6244411.25],[448737.94,6243983.43],[448748.5,6243911.22],[448824.93,6243868.11],[448921.18,6244020.87],[449331.21,6244156.81],[449708.19,6244130.96],[449791.84,6244025.25]]],[[[449228.11,6244679.88],[449210.68,6244694.04],[449200.55,6244674.32],[449228.11,6244679.88]]],[[[453895.57,6244285.08],[453886.48,6244452.46],[453762.15,6244726.66],[453819.37,6244377.69],[453895.57,6244285.08]]],[[[453672.28,6244831.8],[453705.11,6244838.39],[453698.83,6244849.77],[453672.28,6244831.8]]],[[[449043.53,6250292.87],[448996.21,6250331.26],[448994.33,6250321.01],[449043.53,6250292.87]]],[[[448906.25,6250350.06],[448919.65,6250372.06],[448901.68,6250361.46],[448906.25,6250350.06]]],[[[448799.12,6250369.16],[448834.44,6250370.8],[448802.14,6250389.56],[448799.12,6250369.16]]],[[[448714.97,6250391.23],[448571.28,6250377.62],[448767.95,6250369.82],[448714.97,6250391.23]]],[[[446042.3,6250980.88],[446132.25,6250975.84],[446035.59,6251003.71],[446042.3,6250980.88]]],[[[448079.47,6252015.53],[448232.77,6252162.31],[448249.4,6252285.28],[448037.66,6252101.39],[448079.47,6252015.53]]],[[[482646.51,6259701.58],[482644.05,6259786.55],[482573.49,6259597.3],[482794.03,6259243.39],[482879.47,6259512.8],[482764.05,6259449.24],[482692.25,6259494.88],[482612.33,6259636.68],[482712.33,6259736.32],[482646.51,6259701.58]]],[[[482852.72,6259784.0],[482697.38,6259787.27],[482805.65,6259756.34],[482881.59,6259528.63],[482852.72,6259784.0]]],[[[522782.81,6269115.15],[522772.54,6269159.88],[522745.7,6269121.36],[522782.81,6269115.15]]],[[[479580.35,6270761.71],[479846.74,6271026.35],[479791.67,6270995.92],[479608.37,6270797.09],[479461.17,6270737.54],[479092.37,6270949.26],[478550.89,6270835.18],[478035.46,6270882.25],[477852.39,6270820.71],[477318.33,6270077.64],[476972.09,6269284.91],[476151.87,6267804.16],[476180.69,6267424.93],[476358.01,6267509.92],[476402.08,6267453.99],[476348.25,6267472.1],[476287.04,6267418.33],[476451.86,6267348.55],[476605.64,6266974.91],[476709.34,6266466.45],[476595.09,6265949.59],[476704.35,6265562.43],[477051.53,6265222.49],[477213.08,6264583.84],[476997.84,6264048.6],[476422.68,6263604.06],[476484.85,6263571.25],[476389.04,6263539.17],[476505.36,6263423.8],[476600.17,6263432.37],[477420.17,6264150.89],[477605.14,6264563.54],[477611.3,6265747.21],[477362.11,6266037.05],[477252.93,6266474.98],[477279.36,6266939.99],[477477.33,6267827.7],[477849.14,6268552.26],[478902.61,6269771.72],[479271.39,6270610.91],[479189.05,6270638.84],[479097.88,6270553.91],[479001.76,6270111.15],[478845.82,6269815.23],[478554.1,6269609.89],[477963.16,6269909.25],[477828.29,6270159.38],[477861.38,6270459.84],[478001.78,6270615.55],[478317.5,6270612.45],[478527.65,6270380.2],[478760.2,6270870.73],[479166.29,6270829.28],[479214.83,6270655.46],[479322.1,6270633.65],[479580.35,6270761.71]]],[[[451384.2,6274565.48],[451478.2,6274655.19],[451356.02,6274565.86],[451384.2,6274565.48]]],[[[451527.19,6274681.98],[451540.93,6274734.37],[451490.18,6274680.09],[451527.19,6274681.98]]],[[[452458.05,6275463.58],[452517.2,6275492.7],[452417.66,6275466.88],[452458.05,6275463.58]]],[[[482565.44,6275455.66],[482537.33,6275539.04],[482519.64,6275559.99],[482520.99,6275510.72],[482565.44,6275455.66]]],[[[475128.97,6276958.43],[475201.91,6277019.8],[475136.38,6277117.51],[475128.97,6276958.43]]],[[[452975.4,6278666.98],[453023.85,6278772.12],[452982.29,6278818.68],[452975.4,6278666.98]]],[[[476670.45,6279887.13],[476204.49,6280013.34],[475884.83,6279807.31],[475602.36,6279732.14],[475222.85,6279952.82],[474982.99,6279905.2],[474815.4,6279050.11],[474648.74,6278828.75],[475059.27,6278647.98],[475256.4,6278662.84],[475382.31,6278534.0],[475383.24,6278390.23],[475270.05,6278225.31],[475398.43,6278119.73],[475536.75,6277805.07],[475465.98,6277511.82],[475308.21,6277298.4],[476145.84,6276912.45],[476375.56,6276565.71],[477139.07,6276049.67],[477349.24,6275604.74],[477648.86,6275273.09],[477844.94,6275213.79],[477529.14,6275576.79],[477370.13,6276131.35],[477699.21,6277394.08],[477557.96,6277679.58],[477334.59,6277822.78],[477256.43,6278108.76],[477331.64,6278324.47],[477583.1,6278595.81],[477768.59,6278555.22],[477732.04,6278612.61],[477807.22,6278649.64],[477665.72,6278646.15],[477734.46,6278771.0],[477835.09,6278668.12],[477753.53,6278811.27],[477955.82,6279190.94],[478061.09,6279591.26],[478019.16,6279792.34],[477707.23,6279526.85],[477359.71,6279457.12],[476825.98,6279580.84],[476670.45,6279887.13]]],[[[475330.06,6281715.64],[474981.57,6281780.06],[475205.2,6281543.41],[475330.06,6281715.64]]],[[[474523.25,6283316.82],[474479.25,6283061.76],[474363.98,6283097.99],[474197.78,6283010.3],[474265.12,6282924.71],[474210.92,6282694.37],[473974.52,6282422.58],[473644.68,6282429.24],[473091.15,6282737.47],[472851.33,6282689.17],[473074.44,6282818.99],[473087.83,6282869.48],[472831.93,6282743.9],[472777.09,6282514.85],[472509.39,6282195.08],[471761.55,6282225.2],[471465.55,6281983.25],[471359.14,6281627.17],[471062.87,6281260.47],[470877.58,6281197.37],[470744.23,6281032.57],[470573.54,6281039.06],[470223.78,6280640.57],[469721.89,6280380.82],[469236.17,6280390.61],[468336.89,6280986.18],[467924.24,6281488.96],[467940.83,6281815.92],[467859.15,6281944.16],[468001.87,6282232.45],[468208.28,6282055.63],[468350.81,6282066.8],[468355.93,6282179.06],[468473.98,6282189.74],[467519.91,6282465.57],[467016.28,6282371.53],[465940.01,6281946.39],[465484.74,6281358.23],[465140.63,6281034.84],[464810.27,6280869.37],[464537.54,6280829.33],[464713.54,6280914.5],[464666.83,6280959.76],[464770.49,6281049.3],[464735.19,6281104.05],[464565.93,6281119.42],[464490.34,6280960.33],[464285.34,6280919.32],[464190.78,6281013.12],[464199.56,6281257.19],[464131.7,6281330.83],[463724.14,6281290.15],[463555.71,6281449.56],[463478.78,6280856.44],[464803.93,6280225.53],[465835.13,6278977.97],[466455.17,6278647.61],[466756.55,6278348.21],[467442.97,6277255.36],[467834.15,6277149.34],[468098.11,6276849.8],[468306.37,6276761.96],[468650.07,6276151.84],[468866.66,6276018.8],[469046.69,6275621.14],[469407.24,6274236.55],[469440.26,6273550.62],[470013.87,6272931.31],[470212.36,6271779.12],[470670.65,6271541.22],[471045.77,6270828.88],[472002.59,6270425.64],[472532.24,6270459.65],[472735.03,6270618.19],[472683.34,6270734.24],[472418.18,6270883.48],[472482.86,6270900.08],[472382.2,6270906.6],[472358.27,6271033.95],[472208.72,6271050.9],[472286.71,6271092.31],[472114.47,6271122.2],[471791.83,6271376.78],[471440.83,6271547.94],[471961.16,6271217.91],[471895.42,6271095.65],[471664.69,6271099.63],[471207.07,6271457.4],[471244.17,6271532.1],[471438.99,6271507.37],[471416.24,6271550.7],[471108.74,6271549.68],[471164.92,6272201.37],[471467.43,6272573.87],[471907.63,6272853.7],[472368.63,6272982.03],[474678.79,6273040.0],[474849.06,6273197.56],[474964.18,6273486.46],[474953.75,6274387.7],[475235.34,6275176.73],[475275.29,6275628.29],[475219.75,6276935.96],[475082.33,6276964.34],[475020.59,6277118.97],[475127.93,6277263.72],[475281.14,6277314.78],[475020.03,6277298.03],[474913.37,6277540.25],[474738.17,6277471.43],[474524.82,6277579.74],[474074.99,6278176.0],[473630.37,6279043.84],[473692.14,6279310.83],[474043.81,6279655.97],[473971.61,6280115.38],[474267.17,6281111.32],[474481.54,6281521.08],[474625.85,6281617.91],[474616.11,6281699.86],[474933.17,6281886.69],[474832.13,6281956.04],[474495.67,6282635.13],[474523.25,6283316.82]]],[[[490861.09,6283350.85],[490569.06,6283622.14],[490481.36,6283659.25],[490566.14,6283444.86],[490861.09,6283350.85]]],[[[511020.93,6285873.53],[511010.94,6285870.77],[511036.0,6285865.06],[511020.93,6285873.53]]],[[[511799.75,6286484.4],[511817.82,6286482.38],[511819.8,6286513.23],[511799.75,6286484.4]]],[[[511757.98,6286478.16],[511760.44,6286548.23],[511713.36,6286484.39],[511757.98,6286478.16]]],[[[512129.33,6286808.84],[512111.68,6286831.63],[512128.45,6286803.94],[512129.33,6286808.84]]],[[[511547.05,6287269.38],[511663.12,6287064.03],[511590.18,6286982.1],[511709.4,6286911.18],[511627.4,6286829.12],[511664.36,6286710.2],[511803.87,6286749.89],[511763.8,6286552.28],[511928.23,6286566.19],[511902.08,6286445.38],[512053.23,6286421.88],[511921.19,6286320.4],[511710.72,6286104.89],[511488.08,6286181.52],[511418.51,6286319.32],[511290.16,6286187.93],[511695.93,6286091.74],[512101.72,6286438.42],[512238.95,6286679.95],[512246.68,6286850.61],[512230.21,6286940.32],[512138.99,6286938.88],[512227.9,6286836.67],[512201.2,6286651.97],[511854.86,6286763.78],[511547.05,6287269.38]]],[[[501825.41,6294482.96],[501813.83,6294530.96],[501810.73,6294530.56],[501825.41,6294482.96]]],[[[502271.71,6295968.53],[502280.33,6296047.03],[502250.27,6296045.77],[502271.71,6295968.53]]],[[[502076.74,6297546.53],[502095.98,6297539.89],[502089.59,6297564.87],[502076.74,6297546.53]]],[[[502058.39,6297617.34],[502132.51,6297621.88],[502102.49,6297643.72],[502058.39,6297617.34]]],[[[502821.02,6300268.63],[501540.66,6300279.11],[500845.27,6300033.29],[500336.39,6300036.43],[498535.79,6299430.52],[497492.84,6299344.72],[497335.03,6299290.62],[496996.62,6298807.8],[497105.12,6298655.23],[497329.87,6298609.43],[497804.78,6298306.24],[498709.0,6296377.57],[498998.9,6296334.56],[500072.12,6295061.36],[500611.26,6294702.53],[500547.92,6295130.62],[500648.99,6295387.39],[500919.45,6295508.79],[501215.8,6295416.45],[501291.68,6295448.78],[501177.5,6295507.67],[501285.56,6295570.24],[501358.41,6295511.65],[501447.34,6295581.36],[501359.56,6295563.69],[501327.02,6295881.93],[501406.61,6296378.57],[501824.86,6297244.14],[502058.8,6297438.33],[501994.09,6297569.5],[502050.38,6297735.84],[502185.34,6297686.26],[502143.12,6297335.26],[502036.29,6297192.68],[502167.47,6297129.25],[502083.02,6297071.65],[502520.39,6297368.2],[502879.16,6297413.15],[503132.94,6297288.27],[503191.47,6297106.06],[503454.11,6297083.62],[504309.55,6297586.81],[504729.14,6298162.58],[504735.78,6298315.58],[504532.34,6298423.32],[504040.62,6298434.62],[503930.47,6298342.77],[503765.15,6298453.65],[503619.22,6298757.81],[503614.45,6299196.31],[503736.89,6299483.72],[504071.59,6299781.82],[504685.6,6299870.46],[505099.08,6300216.28],[504588.09,6299985.98],[503912.8,6299967.65],[503233.19,6300101.62],[502821.02,6300268.63]]]]}},
{"type":"Feature","properties":{"navn":"Østjylland","nuts3":"DK042"},"geometry":{"type":"MultiPolygon","coordinates":[[[[581955.3,6284956.69],[580184.57,6284875.31],[579697.18,6284394.31],[578652.95,6283992.32],[578125.82,6284126.8],[578054.55,6284242.54],[577766.53,6284334.6],[577537.3,6284548.82],[576780.6,6284529.96],[575887.03,6284052.1],[573853.42,6282629.88],[573445.88,6282864.75],[573320.85,6282777.15],[573157.38,6282898.55],[573172.16,6282715.14],[573086.06,6282547.99],[573148.07,6282363.46],[573326.47,6282242.0],[572303.64,6281533.97],[572078.51,6281557.07],[571476.03,6281376.83],[571501.72,6280698.24],[571168.68,6280668.68],[571185.23,6280495.91],[571317.08,6280506.61],[571329.66,6280304.51],[570956.86,6280238.93],[570915.91,6280314.89],[570848.87,6280187.08],[570940.19,6279907.47],[570956.69,6279384.02],[571042.57,6279258.6],[570678.79,6279120.85],[569970.62,6278560.62],[569601.76,6278849.43],[569500.96,6278752.67],[569070.82,6278721.56],[568902.71,6278622.56],[568613.77,6277972.24],[568650.47,6277772.64],[568981.61,6277506.7],[568776.46,6277214.52],[568679.62,6276749.65],[568498.47,6276534.7],[568531.69,6276372.36],[568431.26,6276208.45],[568476.79,6276062.82],[568318.38,6276159.86],[567795.81,6275895.72],[567606.9,6276036.75],[567513.04,6275854.26],[567081.74,6275824.44],[566029.15,6274837.53],[565261.5,6274281.37],[565046.65,6274260.04],[564870.32,6274144.68],[564642.06,6273800.69],[564011.12,6273536.17],[563251.32,6273342.24],[562989.14,6273409.92],[562678.84,6273191.48],[561965.73,6273062.43],[561948.77,6272840.27],[561513.81,6272613.84],[560185.18,6272383.73],[560055.84,6272418.9],[559670.57,6272804.42],[559472.44,6272751.69],[559187.04,6272884.89],[558907.96,6272903.69],[558853.1,6272332.87],[558286.1,6271157.13],[556613.13,6270579.94],[556480.93,6270628.23],[555946.76,6270556.18],[555300.06,6270088.06],[555074.29,6270115.12],[554586.9,6270345.88],[553906.74,6269388.79],[554156.61,6268475.23],[554019.52,6268266.63],[553240.47,6268140.47],[553024.55,6268254.64],[552626.01,6268130.22],[552389.85,6268256.07],[552181.99,6268149.51],[551996.39,6268225.37],[551695.97,6267946.7],[551484.62,6267958.96],[551200.64,6267654.48],[550992.62,6267871.68],[550983.47,6267981.14],[550661.82,6268243.31],[550626.19,6268393.53],[550227.15,6268403.38],[550082.69,6268670.68],[549870.07,6268815.5],[549613.94,6268878.07],[549440.8,6268750.09],[549298.77,6268837.76],[548986.21,6268798.18],[548911.02,6268871.6],[548942.07,6268756.27],[548684.21,6268600.02],[548295.06,6267494.32],[548038.66,6267366.78],[547995.14,6267137.78],[548082.65,6266706.4],[548390.35,6266179.5],[548405.71,6265985.77],[548628.85,6265673.03],[548684.27,6265347.33],[548608.37,6264840.5],[548322.01,6264331.0],[548430.41,6263634.26],[548562.25,6261342.21],[548281.25,6260555.1],[548268.14,6259825.29],[548329.71,6259827.83],[548462.69,6259374.73],[548456.94,6257586.27],[548044.09,6257046.71],[547941.51,6256584.45],[547590.26,6255935.51],[547561.79,6255827.15],[547711.97,6255511.91],[547647.24,6255214.41],[547420.09,6255221.13],[547442.97,6255480.13],[547275.5,6255113.6],[547130.89,6254988.39],[547155.62,6254751.64],[547033.68,6254729.76],[546873.16,6254392.62],[546718.46,6254360.91],[546659.67,6254079.09],[546273.46,6254087.01],[546294.28,6253853.85],[546220.74,6253757.94],[546470.69,6253635.5],[546519.98,6253359.31],[546770.71,6253203.59],[546840.4,6252943.45],[546662.19,6252837.23],[546590.37,6252577.87],[546027.86,6252542.26],[546056.24,6251974.68],[545722.67,6251907.12],[545785.56,6251719.63],[545457.49,6251066.0],[545837.78,6250766.65],[545616.09,6250574.38],[545319.62,6250582.9],[545189.3,6250472.29],[545144.94,6250395.58],[545232.37,6250119.01],[544774.19,6249855.47],[544186.5,6249973.58],[544592.44,6249627.51],[544689.49,6249635.78],[544884.04,6249305.17],[545032.68,6249269.28],[545085.36,6249099.06],[544679.17,6248854.56],[544455.84,6248969.92],[544086.8,6248661.81],[543923.04,6248628.5],[543852.44,6248445.5],[543619.48,6248287.12],[543306.54,6248190.7],[542974.17,6248275.42],[542528.07,6248114.77],[542727.27,6247804.45],[543258.61,6247286.17],[543357.19,6247071.42],[543275.5,6247037.17],[543378.44,6246515.79],[543327.63,6246139.7],[543417.56,6245888.82],[543573.77,6245972.8],[543642.35,6245650.62],[543516.94,6245512.76],[543370.41,6245494.1],[543358.81,6245174.7],[543587.18,6245042.93],[543555.55,6244861.71],[543657.67,6244697.93],[543606.23,6244471.03],[543828.01,6244218.71],[544212.98,6244183.8],[544414.9,6243842.0],[544393.81,6243659.87],[544676.21,6243622.14],[544627.1,6243070.44],[543309.44,6242652.7],[541956.51,6242548.71],[541921.89,6242608.09],[541594.59,6242621.57],[541475.53,6242764.85],[541254.88,6242694.04],[541255.97,6241792.69],[540875.36,6241354.65],[540567.39,6241425.18],[539856.46,6241223.43],[539510.89,6241272.83],[539359.44,6241209.14],[539158.59,6240924.24],[538843.71,6240857.41],[538623.39,6240676.53],[538144.25,6240797.59],[537531.16,6240422.12],[537171.67,6240688.73],[536976.01,6241277.46],[536540.74,6241490.92],[536195.94,6241820.31],[535286.16,6241446.1],[534434.11,6241560.67],[534325.5,6241383.31],[534092.87,6241256.72],[533931.63,6241302.74],[533847.76,6241074.61],[533302.04,6241136.87],[533021.54,6241219.65],[533005.16,6241296.91],[532652.37,6241281.95],[532524.01,6241433.4],[531743.78,6241321.8],[531746.89,6240809.0],[531440.44,6240530.77],[530830.05,6240783.66],[530773.51,6240963.72],[530256.25,6241043.67],[529998.36,6241719.48],[529731.6,6241951.42],[529765.64,6242345.19],[529439.19,6242329.25],[529288.85,6242211.18],[529196.91,6242227.12],[528993.44,6242570.07],[528851.23,6243297.59],[528480.38,6244249.61],[528747.24,6244361.32],[528988.76,6244578.86],[529403.34,6244609.25],[529529.72,6244784.27],[529757.61,6244794.08],[529748.24,6244946.18],[529815.19,6244957.63],[529721.1,6245423.94],[529483.82,6245500.2],[528787.99,6245983.59],[527076.53,6247296.93],[526720.96,6246620.64],[526111.48,6246480.24],[525449.75,6245535.95],[524947.85,6245067.94],[523409.84,6245886.61],[522819.6,6246303.13],[522614.22,6245902.21],[522808.93,6245562.15],[522886.21,6245185.45],[523271.06,6244933.85],[523395.42,6244733.55],[522975.31,6244958.62],[523197.95,6244520.26],[522623.97,6244582.96],[522036.73,6244444.26],[521908.54,6244319.57],[521795.44,6244379.81],[520958.45,6244133.25],[520668.14,6244305.11],[520179.18,6244368.86],[520004.13,6244110.33],[519572.58,6243920.61],[519038.51,6243154.43],[518452.12,6242964.02],[518954.94,6242709.28],[519071.05,6242277.41],[519019.03,6242158.21],[518460.54,6241779.76],[518182.54,6241459.56],[518407.08,6240868.89],[517755.95,6240483.75],[517381.88,6240412.28],[517175.22,6240287.83],[515859.33,6238376.69],[516213.79,6237713.76],[515633.57,6237216.98],[515415.71,6237608.65],[514765.55,6237774.8],[514555.66,6237742.03],[514299.36,6237486.47],[514541.5,6237344.12],[514752.24,6237065.33],[514824.58,6237082.96],[515109.57,6236819.64],[515303.5,6236756.5],[515454.05,6236501.32],[515378.05,6236407.34],[514978.24,6236292.5],[514310.61,6236412.28],[514285.9,6236213.39],[514369.05,6236179.3],[514309.4,6236024.57],[514219.43,6236034.96],[513786.41,6234772.5],[513928.38,6233167.78],[513776.88,6232135.54],[514411.14,6231229.94],[514647.43,6231121.43],[517353.62,6228947.99],[517454.25,6229225.85],[519515.67,6229101.68],[519679.0,6228981.09],[520267.73,6229441.13],[520205.53,6228540.55],[519977.31,6228370.93],[520463.94,6227997.07],[520853.27,6228021.85],[521301.26,6227790.64],[521445.28,6227575.12],[521798.91,6227643.23],[521704.36,6227323.57],[522066.05,6227316.41],[522122.08,6227696.41],[522727.19,6227655.64],[522845.75,6226983.9],[522250.15,6226345.68],[522305.77,6226280.97],[522364.92,6226344.54],[522557.16,6226326.59],[522715.01,6225810.06],[523093.23,6225446.05],[523681.45,6225239.53],[523856.44,6225496.34],[524278.63,6225397.64],[524007.23,6224158.3],[524086.81,6223313.23],[523999.9,6223027.49],[524324.29,6222661.93],[524435.16,6222300.62],[524968.04,6222126.81],[525586.88,6221648.36],[525789.77,6221550.34],[525954.44,6221579.14],[526266.19,6221379.39],[526202.44,6221299.25],[526032.21,6221300.13],[525090.5,6220510.31],[525445.06,6219826.87],[525305.72,6219491.5],[525576.63,6217833.07],[525812.32,6217119.79],[526145.53,6217075.79],[526059.82,6216715.41],[525623.69,6216558.47],[525333.51,6216710.81],[525068.86,6216624.37],[524765.69,6216398.25],[524667.44,6216139.71],[524725.44,6215917.32],[523754.02,6215977.08],[522643.26,6216410.53],[521924.35,6216917.94],[521507.19,6217064.62],[520699.88,6216866.69],[519766.83,6217257.81],[519849.72,6215840.25],[519713.62,6215161.89],[519179.55,6214597.32],[520372.59,6213615.68],[521670.55,6212132.97],[521718.66,6211702.94],[521873.69,6211324.15],[521830.79,6210130.4],[521629.61,6209800.93],[521625.82,6209649.52],[521733.67,6209582.82],[521684.41,6209283.83],[521515.77,6209149.3],[521809.77,6209036.5],[522337.75,6209100.27],[522705.35,6208908.98],[523226.27,6209022.36],[523334.53,6208875.39],[523937.2,6208942.69],[524139.5,6208811.34],[524176.71,6208607.27],[524415.54,6208974.05],[525201.57,6209404.47],[525401.07,6209464.17],[526241.26,6209254.4],[526365.57,6208829.71],[526483.16,6208777.19],[526507.12,6208582.9],[526876.11,6207998.13],[526880.73,6207630.6],[527037.56,6207369.15],[527056.69,6206982.5],[527188.07,6206698.34],[527616.14,6206425.66],[527825.19,6206406.27],[528396.32,6205774.77],[528529.32,6205816.6],[528711.61,6205745.26],[529001.29,6205274.74],[529280.77,6205188.45],[529824.3,6204656.47],[529969.89,6204270.11],[530535.92,6203913.89],[530712.32,6203501.15],[531016.22,6203431.13],[531413.88,6203029.07],[531378.56,6202750.01],[531497.05,6202586.03],[531591.07,6202172.42],[531529.91,6201808.61],[531749.54,6201543.5],[531833.98,6201280.78],[531730.11,6201211.69],[531824.32,6201025.52],[531759.84,6200857.54],[531870.85,6200745.99],[531864.96,6200159.81],[531909.65,6200027.5],[532335.6,6199945.87],[532344.29,6199882.32],[532149.18,6199872.44],[532138.94,6199804.31],[531976.41,6199832.55],[532106.96,6199567.21],[532072.44,6198802.37],[532377.09,6198510.71],[532399.36,6198389.18],[532806.48,6198321.79],[532857.76,6198107.0],[532722.1,6197845.83],[532950.63,6197734.6],[532925.85,6197647.75],[533387.72,6197413.89],[533417.1,6197244.52],[534945.32,6196926.22],[534907.05,6195691.43],[534693.96,6195781.82],[534581.44,6195679.95],[534252.4,6195771.28],[533765.94,6195722.04],[533767.15,6196356.79],[533292.61,6196115.84],[533359.44,6195791.16],[532727.55,6195814.55],[532726.54,6195506.38],[532575.16,6195157.95],[532469.85,6195044.63],[532346.91,6195038.58],[531930.99,6195430.46],[531950.98,6195593.34],[531865.6,6195690.29],[531395.47,6195830.86],[529247.47,6195812.4],[528572.77,6196045.46],[527199.85,6196135.87],[526823.51,6196357.73],[526587.41,6196370.24],[526145.82,6196660.74],[525656.43,6196660.56],[525516.64,6196869.49],[525143.32,6197135.65],[524914.79,6197494.34],[524184.25,6197705.19],[524456.07,6196975.11],[524339.14,6197044.25],[524270.64,6197224.31],[524142.58,6197142.9],[524205.54,6196882.71],[524632.77,6196607.41],[524647.91,6196390.8],[524742.28,6196283.45],[524697.23,6195981.02],[524775.03,6195752.54],[525517.32,6195041.35],[525538.01,6194738.97],[525664.69,6194661.03],[525799.5,6194185.02],[526010.49,6193973.51],[526145.46,6193991.89],[526179.43,6193919.43],[526680.69,6193788.03],[526924.07,6193557.26],[527018.66,6193232.68],[527289.78,6193064.07],[527264.36,6192858.45],[527435.77,6192795.33],[527732.32,6192130.29],[528185.56,6191729.97],[528166.91,6191630.77],[528384.49,6191410.63],[528728.35,6191175.74],[528781.71,6190606.63],[528472.5,6190562.79],[528116.03,6190641.39],[528122.09,6190289.93],[527556.55,6189894.38],[527580.48,6189813.93],[528522.3,6189478.41],[528512.99,6188935.32],[528230.94,6188971.71],[528043.79,6188735.86],[528038.9,6188501.07],[527910.38,6188331.64],[528063.92,6188195.32],[527820.06,6187954.47],[528017.05,6187770.83],[528727.74,6187795.96],[529213.88,6187617.85],[529504.02,6187582.89],[529717.13,6187670.17],[529758.66,6187550.49],[529762.96,6187673.67],[530096.49,6187551.14],[530277.93,6187568.93],[530255.67,6186977.4],[530438.82,6187082.15],[530514.43,6186912.92],[531218.94,6187013.7],[531256.26,6187118.99],[531476.14,6187057.66],[531659.01,6186494.38],[531579.73,6186113.42],[531962.87,6185296.61],[531784.82,6185082.16],[531757.01,6184904.42],[531896.75,6184475.22],[531844.68,6184213.51],[532035.53,6184209.55],[532056.99,6184102.46],[532278.46,6183963.79],[532247.86,6183447.25],[532563.34,6183482.33],[532618.11,6183177.26],[532533.9,6182579.07],[532632.41,6182544.91],[532628.94,6182353.63],[533347.01,6182436.43],[533922.98,6182134.01],[533955.15,6181844.1],[533810.04,6181614.86],[533665.05,6181566.83],[533730.88,6181489.94],[533798.49,6181548.13],[533734.11,6181486.79],[533778.23,6181320.75],[533904.63,6181217.26],[533762.56,6181118.34],[533828.54,6180983.9],[534165.69,6181099.01],[534367.04,6181308.58],[534762.26,6181405.67],[534860.39,6181528.24],[535122.73,6181423.99],[535317.57,6181199.95],[535374.12,6181239.33],[535402.21,6180950.11],[536042.34,6181086.65],[536006.89,6181257.21],[536160.05,6181295.02],[536147.319,6181349.579],[536301.07,6181376.64],[536351.92,6181160.06],[536567.9,6181358.36],[536474.11,6181472.08],[536524.6,6181506.86],[536611.57,6181397.04],[536704.39,6181482.97],[536484.21,6181768.18],[536735.31,6181900.33],[536769.15,6181669.65],[537552.19,6180855.42],[537509.57,6180719.87],[536988.86,6180320.54],[536997.8,6180218.44],[536698.16,6179979.94],[537155.03,6179615.82],[537206.86,6179334.72],[537148.99,6178913.77],[537234.32,6178662.86],[537788.77,6178718.47],[537793.41,6178643.98],[538401.59,6179012.53],[538821.42,6179091.53],[539196.38,6179356.98],[539994.32,6179203.62],[540134.94,6179040.98],[540659.01,6178878.65],[540714.73,6179196.75],[540912.68,6179518.47],[541239.22,6179191.47],[541268.61,6179008.87],[541426.69,6179020.87],[541558.76,6179111.47],[541569.34,6179212.22],[542277.84,6178928.88],[542714.04,6178380.4],[542778.81,6178405.16],[542810.06,6178117.88],[542586.61,6177956.17],[542927.09,6177353.6],[542845.23,6177070.09],[542997.78,6176872.45],[543024.71,6176640.15],[543095.68,6176629.73],[542735.06,6176434.89],[542742.88,6176110.31],[542851.59,6175823.89],[542702.23,6175677.12],[542662.07,6175479.88],[542430.6,6175258.56],[542518.81,6174939.75],[542331.41,6174715.56],[542355.25,6174450.13],[542223.81,6174250.75],[542814.77,6174129.03],[543161.53,6173872.91],[543550.84,6173730.43],[543723.09,6173608.27],[543956.22,6173257.06],[544939.52,6173231.39],[545047.87,6172832.9],[545184.75,6172644.09],[545530.41,6172419.77],[545640.23,6172148.46],[546022.71,6171874.07],[546204.19,6171575.93],[546756.14,6171192.9],[546934.29,6170769.97],[547205.82,6170853.46],[548061.46,6170786.12],[549328.82,6170924.47],[550192.27,6170554.11],[550824.53,6170544.74],[550799.4,6170471.71],[550997.16,6170413.42],[551103.6,6170210.66],[551182.52,6170245.18],[551121.44,6170176.99],[551075.69,6170204.61],[551281.57,6170009.58],[551380.89,6169584.5],[551604.57,6169530.55],[552175.97,6169650.38],[553311.52,6170083.8],[554176.64,6170946.6],[554642.57,6171234.5],[555182.75,6171403.69],[555427.19,6171563.62],[557785.25,6172268.8],[559129.55,6172455.34],[559960.13,6172415.97],[560363.1,6172584.51],[561267.72,6172593.2],[561942.15,6172749.96],[562834.54,6173220.54],[563387.11,6173336.93],[563989.36,6173189.09],[564735.66,6172781.55],[564672.6,6173115.37],[564308.02,6173742.95],[564108.15,6174314.23],[564065.41,6174981.77],[564039.78,6175002.39],[563921.66,6175038.23],[563888.25,6175032.15],[563844.04,6174994.75],[563942.53,6175024.81],[564067.12,6174939.99],[564029.59,6174870.73],[563864.81,6174931.75],[563933.9,6174831.39],[563824.42,6174696.88],[563770.67,6174740.27],[563859.17,6174888.49],[563526.81,6174964.76],[563580.26,6175024.59],[563793.67,6174918.6],[563589.73,6175031.54],[563482.46,6174980.31],[563419.82,6175133.07],[563390.4,6175017.75],[563314.11,6175010.7],[562817.2,6175205.5],[562745.98,6175759.61],[562928.44,6176329.47],[563231.65,6176617.77],[563550.5,6176680.45],[563835.91,6176859.38],[565093.95,6177033.25],[565569.48,6177776.73],[566164.39,6178278.46],[566931.39,6178363.47],[567932.61,6178274.37],[567892.75,6178541.0],[567584.89,6179090.15],[566656.22,6179264.17],[565662.14,6179320.79],[564941.6,6179579.25],[564640.54,6179518.3],[564142.56,6179885.1],[563851.59,6180408.03],[563720.47,6181199.24],[563883.3,6182040.35],[564313.46,6182281.72],[564953.57,6183107.04],[565431.15,6183496.85],[566052.04,6184550.09],[566808.36,6185239.25],[566624.11,6185535.44],[566389.81,6185542.44],[566141.44,6185817.05],[566048.62,6186281.05],[565969.76,6186316.49],[566029.5,6186774.28],[565953.76,6186684.61],[565908.85,6186749.73],[565977.25,6186807.33],[565889.04,6186765.45],[565837.26,6186825.35],[565943.4,6186890.98],[565808.32,6186887.71],[565629.56,6187161.27],[565543.71,6187217.35],[565676.79,6187020.95],[565645.29,6186958.56],[565210.37,6186890.85],[564984.9,6186972.85],[564551.56,6186916.84],[563739.01,6186402.92],[563522.3,6186186.28],[563582.65,6186449.44],[563974.18,6187046.63],[563667.45,6187220.23],[563651.07,6187308.33],[563695.71,6187442.96],[563830.87,6187424.44],[563919.78,6187497.89],[563865.48,6187393.23],[563914.77,6187362.66],[564072.06,6187804.15],[564024.12,6188265.9],[564092.38,6189165.23],[563941.59,6188351.45],[563435.69,6187449.96],[563024.9,6187107.05],[562629.48,6187080.35],[561985.18,6187303.74],[561287.96,6187320.58],[560868.17,6187565.06],[560670.43,6187799.75],[560251.44,6187682.92],[560120.72,6187723.82],[560098.2,6187811.33],[559826.02,6187776.54],[559281.01,6187899.94],[557802.74,6188484.65],[557231.28,6188564.33],[556633.07,6188798.35],[556115.7,6188860.3],[555993.79,6188944.38],[556020.1,6189082.0],[555974.54,6188941.71],[555847.45,6188904.23],[554995.67,6189441.08],[555079.38,6189324.0],[554739.79,6189493.47],[554295.91,6189398.44],[553702.5,6189517.62],[553650.55,6189578.6],[553878.92,6189626.81],[554333.68,6189473.0],[554687.3,6189527.74],[554977.24,6189437.18],[554983.23,6189742.18],[553908.64,6190079.25],[553921.08,6190251.83],[554875.27,6190006.09],[555065.9,6189778.2],[555223.3,6189877.52],[554940.8,6190247.91],[553830.82,6190492.74],[553697.39,6190738.61],[553864.5,6190571.65],[553905.04,6190693.27],[554759.26,6190480.73],[554790.8,6190833.57],[554981.32,6190992.51],[555224.26,6191141.34],[555540.33,6191096.18],[555887.41,6191232.59],[556059.12,6191384.63],[556036.7,6191542.65],[556161.62,6191570.12],[556385.46,6191524.81],[556925.05,6191180.32],[557346.03,6190637.03],[557698.51,6190694.35],[557955.24,6190955.52],[558452.08,6191064.22],[558975.55,6191006.62],[559478.42,6190777.33],[559813.95,6190848.66],[560354.56,6190792.27],[560463.51,6190735.74],[560351.97,6190669.36],[560439.14,6190636.86],[560525.07,6190797.42],[560584.55,6191263.08],[560553.93,6191149.19],[560475.65,6191417.25],[560220.85,6191532.05],[560199.53,6191699.34],[560357.83,6192269.43],[560474.96,6192405.49],[560465.59,6192681.21],[560566.29,6192773.65],[560519.44,6192877.85],[560698.25,6193151.53],[561649.71,6193053.08],[562249.88,6193122.74],[562352.33,6193225.18],[562467.49,6193220.37],[562832.87,6192939.37],[563285.33,6192731.42],[563606.28,6192676.27],[563972.15,6192766.91],[564830.0,6192724.34],[565141.04,6192812.65],[565448.88,6193083.04],[566088.54,6193054.61],[566372.04,6193133.01],[566679.12,6193355.65],[566830.8,6193369.47],[566786.01,6193496.89],[566872.72,6193591.99],[567357.9,6193772.47],[567795.86,6193765.13],[568811.68,6193481.7],[569256.52,6193513.66],[569438.3,6193556.4],[569450.48,6193620.81],[569496.92,6193381.37],[569630.51,6193236.51],[569541.35,6192899.88],[569582.92,6192704.81],[569949.53,6192265.1],[569795.69,6191523.87],[569180.78,6191657.63],[569079.14,6191617.45],[568684.99,6191779.83],[568101.29,6191733.13],[567569.52,6191945.97],[566885.11,6191939.43],[566412.16,6192082.42],[566255.48,6192055.43],[566128.68,6191931.1],[566045.39,6191626.09],[565530.82,6191260.97],[565165.47,6190263.85],[564931.95,6190064.22],[564844.43,6189431.43],[564883.22,6189140.27],[565024.73,6189067.35],[565435.73,6189133.53],[566015.47,6189602.09],[566500.07,6189568.67],[566769.56,6189737.8],[567566.5,6189730.26],[567746.63,6189809.79],[567694.38,6189840.96],[567780.36,6190064.57],[568102.89,6190423.54],[568546.14,6190796.03],[569073.68,6191003.94],[569035.98,6191136.94],[569117.59,6191231.1],[570063.92,6191052.02],[570132.74,6191347.38],[569823.37,6191516.44],[570017.52,6192262.41],[570317.09,6192317.46],[570519.6,6192547.29],[570654.86,6192764.03],[570648.7,6193156.75],[570889.99,6193412.87],[571430.36,6192952.52],[571610.93,6192563.1],[571647.68,6192190.24],[571409.7,6191761.95],[571302.5,6191288.06],[571448.88,6190824.8],[571940.32,6190461.54],[572590.91,6189640.91],[572547.93,6189499.12],[572636.54,6189557.42],[573812.46,6188930.82],[574605.76,6188655.31],[574730.38,6188502.77],[574727.25,6188615.11],[575059.86,6189128.78],[574993.11,6189381.31],[574887.31,6189383.47],[574611.32,6190139.5],[574761.23,6190469.47],[575180.6,6190660.01],[575290.27,6190962.64],[575327.92,6190604.64],[575058.21,6190497.26],[574986.38,6190411.68],[575072.59,6190333.78],[574975.84,6190300.1],[575076.81,6190301.78],[575088.21,6190496.98],[575356.43,6190541.82],[575388.32,6191059.59],[575303.01,6191237.8],[575272.31,6191803.01],[575202.85,6191923.27],[575016.68,6192074.14],[574913.32,6192106.24],[575254.47,6191802.05],[575258.39,6191654.06],[575143.68,6191732.39],[575113.87,6191665.54],[575055.76,6191885.83],[574817.0,6192086.44],[574736.94,6192295.25],[574610.9,6193081.62],[574584.11,6194018.87],[574694.73,6194003.22],[574673.35,6194094.41],[574868.19,6194161.99],[575331.84,6194012.89],[575513.28,6194115.42],[575565.96,6194261.8],[575705.82,6194317.49],[575692.97,6194467.4],[576218.48,6194903.88],[576581.03,6195594.04],[577388.04,6196482.66],[577714.61,6196730.14],[578155.01,6196909.81],[578234.87,6196906.19],[578237.93,6196843.52],[578318.45,6196702.16],[578405.95,6196693.19],[578481.32,6196719.36],[578538.51,6196767.4],[578324.42,6196708.6],[578247.18,6196925.79],[578470.16,6196778.02],[578402.89,6196959.12],[578494.78,6196965.77],[578557.85,6196783.62],[578794.2,6196969.7],[578816.0,6197007.45],[578669.9,6196973.3],[578702.57,6197062.25],[578816.8,6197077.09],[578672.12,6197088.83],[578549.13,6197402.05],[578543.72,6198307.13],[578612.07,6198436.58],[578615.1,6199267.72],[578724.0,6199555.92],[578773.67,6200944.19],[579051.77,6202314.65],[578271.55,6204064.79],[578137.37,6204950.4],[578167.44,6205789.61],[578365.77,6206411.92],[578733.31,6206945.7],[578955.74,6207849.42],[579193.67,6208379.69],[579891.6,6209104.79],[579465.22,6209426.53],[578988.73,6209472.11],[578580.81,6209275.93],[578400.52,6208884.68],[578320.68,6208948.18],[578369.1,6209051.54],[578142.59,6209031.97],[578000.0,6209158.94],[577923.02,6209125.08],[577939.82,6208888.57],[577668.92,6208912.4],[577604.34,6208497.18],[577206.57,6207852.62],[577000.64,6207867.12],[576764.59,6207697.65],[576434.74,6207688.57],[576072.12,6207542.53],[575964.65,6207689.19],[575737.02,6207752.01],[575675.39,6207874.44],[575859.3,6207981.32],[575938.48,6207980.39],[575886.91,6208051.15],[576260.31,6207952.7],[576505.14,6208118.83],[576734.26,6208337.44],[576723.07,6208481.49],[576967.56,6208604.05],[577031.22,6208835.31],[577589.82,6209527.56],[578217.1,6209730.53],[578324.42,6209153.51],[578499.27,6209310.02],[578610.38,6209298.34],[578689.03,6209503.53],[578729.51,6209435.6],[578996.19,6209505.47],[578908.02,6209796.16],[579108.23,6210581.99],[579197.19,6211970.92],[579181.84,6212167.42],[578556.48,6213280.76],[578419.13,6213714.08],[578318.62,6214375.32],[578026.21,6215095.44],[577985.88,6215815.93],[577816.56,6215948.71],[577755.47,6216160.39],[577690.41,6217145.46],[577081.26,6217967.38],[576881.2,6218920.2],[576464.84,6219574.79],[576331.03,6220124.29],[575619.25,6220781.71],[575157.68,6221841.3],[575226.18,6222000.92],[575395.8,6221975.66],[575516.22,6222058.66],[575369.1,6222036.69],[575351.59,6222171.92],[575419.67,6222232.4],[575760.31,6222240.2],[575685.74,6222117.96],[575582.47,6222081.04],[575536.24,6222028.91],[575641.96,6222066.69],[575924.55,6222316.91],[576264.18,6222260.66],[577962.24,6223515.11],[578065.47,6223924.67],[577934.15,6223669.53],[577829.27,6223711.43],[577870.49,6223836.31],[577721.62,6223710.1],[577689.35,6223819.75],[577717.84,6223672.39],[577579.55,6223622.14],[577518.39,6223716.34],[577674.69,6223917.93],[577417.63,6224371.89],[577324.37,6224411.66],[577394.26,6224313.17],[576558.22,6223335.49],[576474.7,6223346.62],[576537.05,6223072.35],[576457.13,6223165.25],[576503.03,6223047.74],[575765.9,6222513.91],[575687.89,6222578.65],[575997.6,6223047.45],[575921.78,6223128.94],[576057.22,6223333.51],[576053.87,6223472.71],[576232.72,6223408.31],[576513.29,6223734.48],[576449.33,6223817.21],[576685.05,6224135.53],[576496.93,6224415.41],[576531.17,6224509.19],[576527.84,6224591.19],[576478.67,6224696.71],[576495.07,6224437.36],[576275.93,6224080.86],[576153.03,6224046.41],[576272.23,6224307.1],[576172.07,6224339.78],[575860.95,6223600.49],[575418.34,6222934.44],[575568.74,6223239.5],[575408.88,6223311.27],[575521.24,6223524.88],[575725.42,6223612.66],[575821.46,6223748.45],[575675.0,6223710.25],[575861.63,6223989.08],[575951.69,6224173.11],[575883.16,6224053.62],[575906.11,6224185.43],[575783.68,6224217.09],[575666.57,6223918.97],[575458.98,6223666.86],[575404.56,6223705.31],[575520.66,6223779.54],[575476.72,6223922.56],[575372.91,6223925.37],[575410.5,6224325.39],[575561.91,6224315.87],[575577.07,6224437.58],[575683.92,6224284.58],[575792.38,6224362.87],[575551.14,6224567.28],[575647.23,6224677.01],[575890.7,6224481.54],[575874.28,6224600.29],[576022.88,6224587.33],[576144.25,6224723.67],[575906.16,6224929.87],[576020.32,6225049.95],[576338.43,6224761.56],[576389.19,6225028.21],[576331.93,6225086.32],[576401.7,6225040.89],[576536.53,6225202.62],[576115.88,6225633.63],[575982.48,6225380.5],[576033.69,6225283.41],[575645.65,6224941.93],[575795.97,6225262.96],[575842.24,6225241.12],[575853.52,6225383.37],[575928.73,6225352.96],[575948.69,6225440.27],[575876.08,6225474.41],[575942.71,6225601.85],[576038.51,6225595.78],[575943.11,6225650.24],[576429.18,6226324.82],[576830.62,6227177.66],[577102.82,6227551.68],[578261.6,6228560.4],[578785.95,6228845.5],[579462.62,6229082.42],[579700.06,6229534.71],[579743.65,6229778.02],[580081.01,6229977.95],[580203.45,6230113.08],[579858.32,6229905.33],[579794.31,6230085.88],[579938.89,6230205.97],[579976.59,6230385.43],[580083.99,6230417.46],[580115.52,6230350.41],[580068.88,6230492.38],[580182.5,6230817.98],[580442.43,6231083.55],[580887.25,6231886.49],[581515.67,6232323.73],[582352.89,6232553.07],[582925.18,6233035.47],[583124.92,6233795.44],[583139.63,6233818.28],[583194.63,6233819.56],[583271.1,6233868.0],[583292.52,6233898.14],[583305.86,6233952.66],[583199.62,6233831.3],[583075.46,6233826.27],[583002.4,6233781.58],[582953.36,6234259.46],[583216.94,6234025.35],[583261.86,6233938.45],[583251.12,6234214.72],[583299.34,6234147.75],[583507.42,6234286.39],[583212.53,6234535.56],[583201.25,6234674.02],[583247.22,6234545.69],[583542.48,6234308.82],[583838.1,6234489.52],[583434.46,6234939.14],[583526.59,6234908.04],[583458.07,6234999.77],[583442.13,6235527.44],[583253.24,6235877.89],[583348.02,6236138.46],[584031.2,6236732.8],[584335.4,6237185.04],[584660.86,6237203.19],[584795.29,6237120.53],[584865.7,6236956.54],[585215.32,6236959.35],[586009.42,6237917.3],[585887.36,6238231.3],[585660.03,6238445.51],[585488.48,6239000.08],[585616.31,6238528.65],[585494.28,6238779.59],[585460.54,6238947.87],[585475.66,6238989.19],[585540.42,6239051.25],[585578.69,6239143.38],[585797.05,6239185.9],[585982.09,6239488.23],[586211.18,6239559.42],[586288.96,6239494.96],[586479.55,6239517.49],[586571.72,6239372.4],[586764.99,6239352.97],[587018.18,6239558.54],[587194.2,6239565.78],[587679.61,6239255.53],[587921.46,6239586.27],[588193.02,6239618.98],[588256.82,6239820.78],[588497.77,6239912.95],[588821.32,6239849.14],[589532.64,6239428.25],[589701.82,6239478.74],[589789.3,6239780.21],[589953.55,6239877.21],[590154.95,6239650.4],[590099.93,6239386.89],[589922.94,6239102.36],[590012.78,6238526.98],[590333.25,6238251.11],[590667.81,6238289.16],[590825.04,6238220.79],[591180.01,6238328.52],[590985.82,6238308.97],[591079.61,6238358.28],[591183.92,6238339.66],[591286.68,6238234.08],[591306.42,6238064.74],[591173.22,6237834.98],[590767.57,6237715.84],[590792.39,6237540.72],[591212.64,6237394.63],[591248.57,6237904.36],[591738.62,6238537.73],[592003.53,6238437.31],[592217.32,6238083.91],[592472.2,6237984.4],[592435.79,6237891.53],[592458.51,6237866.46],[592604.21,6237793.87],[592452.09,6237881.66],[592478.46,6237980.72],[592613.0,6237852.42],[592727.62,6237941.89],[593072.92,6237830.51],[593209.64,6237654.87],[593173.36,6237367.4],[593018.96,6237293.71],[592997.2,6237094.7],[593175.57,6236973.15],[593168.07,6236839.89],[593357.77,6236788.52],[593434.76,6236677.78],[593366.98,6236204.9],[593211.07,6236087.24],[592809.63,6236210.8],[592598.07,6236134.73],[592380.82,6236228.61],[592823.14,6236212.74],[592374.18,6236278.78],[591991.61,6236038.82],[591913.57,6235863.08],[591919.62,6235158.43],[591503.32,6234574.41],[591414.4,6234267.81],[591216.86,6234174.54],[590993.77,6233844.07],[590723.57,6233826.71],[590098.35,6232816.39],[589713.82,6232413.34],[589829.41,6231957.85],[590347.35,6232621.42],[590565.82,6232614.13],[590609.84,6232477.41],[590703.09,6232455.05],[590936.32,6232519.38],[591020.87,6232463.3],[591240.82,6232085.54],[591093.01,6231896.1],[591044.49,6231619.32],[591418.45,6231201.57],[591535.77,6231024.05],[591619.4,6230641.31],[591804.25,6230492.97],[591842.26,6230094.91],[591623.22,6229789.41],[591395.87,6229661.02],[591359.14,6229791.49],[591301.23,6229732.91],[591264.15,6229796.01],[591327.93,6229854.53],[591263.29,6229812.06],[591251.54,6229789.99],[591289.98,6229668.01],[591001.99,6229280.4],[590535.28,6229009.08],[590386.2,6229027.81],[590090.67,6229325.66],[589495.91,6229294.45],[589001.46,6229435.77],[588712.13,6230036.47],[588437.2,6230171.1],[588394.24,6230309.02],[588621.75,6230538.5],[588922.03,6231208.41],[589282.29,6231430.04],[589383.03,6231527.79],[589230.35,6231443.75],[589120.44,6231485.35],[589091.28,6231603.71],[588580.01,6231488.09],[588490.75,6231563.89],[588469.24,6231393.22],[588530.18,6231380.8],[588437.89,6231267.08],[588399.6,6231361.29],[588083.9,6231356.55],[587943.07,6231432.07],[587619.02,6231330.71],[587539.91,6231199.74],[587443.95,6231253.46],[587501.64,6231190.09],[587409.55,6231180.07],[587395.39,6231079.72],[587573.38,6230611.71],[587443.39,6230578.3],[587576.37,6230517.08],[587381.14,6230507.5],[587244.75,6230061.8],[587046.95,6230060.67],[586812.49,6229915.83],[586304.92,6229809.69],[585367.34,6229248.27],[584905.62,6229254.96],[584952.23,6229201.64],[584679.69,6229143.71],[584449.88,6229180.42],[584367.71,6229059.23],[583779.38,6229190.41],[584016.93,6229258.39],[584139.37,6229201.43],[584109.34,6229280.52],[584266.36,6229124.39],[584161.19,6229269.26],[583812.91,6229373.02],[583909.25,6229458.61],[583829.57,6229434.24],[583615.01,6229255.42],[583538.75,6228484.9],[583588.59,6228307.41],[583689.19,6228242.5],[583895.6,6228422.63],[584253.97,6228337.6],[585164.18,6227598.1],[585372.87,6227268.28],[585377.86,6227168.43],[585266.37,6227142.9],[585224.19,6227101.04],[585341.8,6227134.01],[585347.3,6227071.2],[585204.37,6227101.34],[585302.4,6227059.23],[585490.03,6226696.36],[585584.9,6225652.01],[586174.66,6225175.84],[586609.38,6225012.52],[588141.36,6225068.01],[588974.69,6225850.05],[589052.19,6226262.48],[589179.56,6226425.01],[589148.98,6226583.46],[589303.23,6226867.17],[589660.16,6227135.49],[590069.39,6227247.29],[590816.26,6227184.25],[591467.31,6226995.23],[592006.82,6226638.94],[592639.28,6226071.3],[593248.17,6225912.09],[593538.24,6225744.01],[593666.07,6225796.54],[593650.02,6225904.55],[593586.82,6225987.19],[593561.45,6225855.82],[593363.07,6225902.28],[593415.12,6226035.37],[593553.71,6225994.72],[593699.59,6226122.11],[593771.15,6226061.32],[593767.41,6226134.48],[593997.21,6226265.27],[594358.6,6226332.78],[594670.36,6226158.05],[594922.07,6225804.31],[594965.23,6225473.46],[594831.92,6225234.7],[594796.26,6224769.85],[594569.79,6224490.26],[594464.84,6223724.66],[594282.91,6223296.39],[594131.78,6223217.21],[594071.57,6223345.7],[593979.2,6223201.57],[593790.31,6223178.27],[593520.04,6223317.22],[592638.21,6223351.7],[592273.31,6223042.64],[592034.52,6222614.38],[592151.37,6222068.48],[592724.09,6220997.72],[593063.82,6219843.61],[593662.32,6218775.39],[594000.0,6217765.88],[594116.15,6217641.97],[594466.19,6217913.11],[595708.57,6218497.41],[596005.92,6218566.89],[596126.15,6218496.46],[596828.11,6219802.58],[596908.44,6221008.67],[596815.46,6221632.24],[596571.18,6222067.73],[596559.3,6223112.51],[596481.94,6223468.37],[596344.25,6223709.69],[595925.17,6223997.16],[595819.07,6224307.11],[595275.18,6225065.21],[595206.1,6225269.36],[595231.78,6225794.65],[595338.47,6226079.51],[595360.3,6226503.65],[595840.84,6227449.71],[596551.14,6228255.26],[596930.94,6229097.25],[597849.77,6229792.16],[597829.55,6230487.79],[598137.87,6230919.74],[598137.12,6231171.97],[598343.02,6231660.82],[598592.31,6231859.51],[599075.87,6232074.16],[599405.64,6232538.81],[599856.68,6232629.29],[600246.92,6232621.11],[600376.82,6232540.08],[600444.45,6232596.19],[600444.32,6232518.6],[600305.27,6232516.24],[600434.74,6232495.69],[600566.07,6232631.23],[601120.04,6232463.42],[601483.34,6232560.15],[601821.9,6232541.7],[602357.36,6232349.96],[602374.64,6232422.81],[602535.75,6232468.67],[602843.17,6232318.51],[603285.1,6231948.23],[603657.47,6231472.07],[603935.67,6230837.95],[604042.82,6230194.76],[603987.91,6229723.94],[603937.57,6229591.62],[603831.66,6229569.73],[603519.79,6229278.15],[603749.78,6229472.34],[603841.99,6229461.85],[603805.82,6229312.48],[603629.03,6229242.75],[603703.14,6229012.86],[603524.82,6229018.15],[603531.11,6229189.66],[603490.19,6228838.39],[603547.13,6228921.26],[603563.19,6228845.44],[603448.45,6228611.45],[603529.53,6228766.7],[603597.27,6228740.77],[603600.69,6228437.69],[603449.57,6228476.08],[603501.1,6228612.35],[603441.69,6228474.96],[603521.57,6228243.39],[603266.22,6227936.3],[602984.23,6227802.53],[602690.78,6227703.82],[602597.01,6227860.32],[602761.29,6227735.13],[602789.53,6227752.87],[602027.07,6228235.31],[601791.98,6228257.31],[601658.51,6228185.2],[601569.91,6227989.1],[601566.49,6227673.41],[601844.38,6226722.89],[602271.85,6225989.09],[603050.25,6225244.41],[602975.91,6225117.82],[603079.93,6224542.87],[602994.75,6225105.19],[603080.77,6225263.2],[603690.35,6224937.75],[603728.93,6224806.74],[603652.0,6224842.45],[603545.11,6224764.05],[603344.3,6224411.26],[603550.98,6224753.35],[603520.73,6224535.76],[603590.74,6224487.63],[603493.44,6224408.09],[603608.24,6224459.63],[603703.57,6224385.05],[603460.35,6224286.23],[603428.59,6224249.95],[603717.49,6224381.21],[603790.35,6224616.13],[604039.65,6224736.12],[604229.65,6224603.61],[604400.04,6224313.39],[604072.19,6224101.3],[604667.49,6224422.52],[604818.93,6224360.24],[604918.38,6224435.15],[605082.31,6224468.71],[605163.79,6224318.6],[605067.99,6224442.46],[604854.99,6224320.73],[604925.18,6224283.76],[605061.77,6224383.97],[605057.31,6224292.89],[605115.96,6224315.54],[604998.59,6224226.47],[605148.9,6224276.02],[605077.31,6224225.94],[605178.87,6224194.65],[605027.64,6224055.54],[604871.93,6224184.98],[604879.94,6224051.54],[604974.35,6224089.68],[605008.23,6223991.99],[605130.74,6224055.89],[605118.22,6224132.26],[605234.57,6224186.43],[605168.41,6224309.13],[605263.4,6224190.49],[605150.12,6224044.48],[604971.41,6223948.78],[604871.09,6223997.06],[604790.0,6224152.92],[604806.56,6224270.98],[604635.78,6224378.97],[604431.5,6224253.78],[604425.68,6224171.51],[603822.4,6223861.05],[604428.73,6224166.8],[604465.88,6224056.49],[604327.66,6223742.72],[604363.53,6223591.0],[604806.14,6223187.75],[605236.35,6223017.02],[606532.37,6223210.23],[606956.67,6224043.63],[607333.73,6225462.1],[607674.03,6226192.55],[607848.24,6227260.98],[607996.29,6227481.96],[607889.25,6227759.36],[607617.42,6229385.32],[607574.55,6230325.86],[607797.07,6231655.36],[608178.06,6232661.03],[608654.36,6233322.12],[609740.55,6234346.26],[610215.54,6234587.69],[610548.16,6234539.56],[611034.18,6234701.15],[611373.91,6235301.0],[612300.82,6236265.46],[612710.02,6237318.88],[613073.49,6238625.77],[613514.85,6239560.31],[614101.56,6240297.12],[614406.14,6240508.46],[614825.01,6240625.8],[615323.48,6241021.83],[615801.59,6242265.36],[616823.1,6243595.25],[617357.82,6244558.86],[618332.66,6245959.91],[618251.45,6250198.76],[618333.54,6250809.26],[618605.88,6251436.25],[618587.37,6252433.81],[618671.37,6252577.58],[618764.44,6252538.79],[618829.77,6252547.85],[618862.23,6252589.54],[618556.73,6252609.0],[618509.2,6252738.27],[618607.82,6252991.86],[618712.85,6252987.43],[618910.82,6252879.29],[618959.84,6252890.72],[618917.81,6252908.63],[619037.79,6253466.51],[619565.93,6254143.27],[619154.23,6253713.45],[618981.38,6253421.37],[618946.12,6253257.05],[618909.57,6253306.92],[618812.21,6253226.5],[618839.93,6253354.27],[618700.18,6253267.15],[618711.07,6253184.77],[618590.68,6253159.54],[618570.39,6253255.84],[618693.36,6253294.56],[618680.47,6253375.85],[618878.54,6253403.1],[618812.97,6253517.53],[618610.25,6253474.53],[618556.96,6253693.6],[618658.68,6253711.74],[618582.18,6253763.49],[618695.46,6254039.55],[618915.49,6253999.94],[619199.49,6254698.54],[619472.82,6254587.5],[619378.67,6254358.37],[619394.78,6254255.2],[619529.56,6254779.24],[618914.42,6255051.98],[619336.1,6255881.34],[619954.36,6256415.71],[620545.56,6256417.95],[620770.16,6256990.48],[620754.56,6257235.68],[620397.87,6257613.3],[620304.85,6257938.93],[620378.4,6258176.43],[620209.44,6258386.85],[620184.63,6258572.76],[619486.12,6258987.03],[619233.96,6259390.18],[618677.05,6260000.0],[618013.89,6260204.55],[616969.17,6261211.56],[616548.29,6261321.67],[616313.01,6261565.18],[615789.07,6261737.96],[615513.53,6261976.35],[615152.66,6262825.46],[614906.52,6264398.89],[614640.6,6265085.26],[614538.05,6265262.31],[613961.05,6265643.95],[613021.18,6266642.17],[611797.84,6266780.58],[611226.3,6266948.85],[610377.57,6267343.22],[609735.0,6267389.7],[609054.1,6267317.4],[608810.93,6267375.01],[607077.64,6266737.89],[606885.29,6266714.19],[607064.15,6266785.04],[606954.67,6266780.18],[606284.4,6266634.81],[606208.49,6266549.88],[605483.48,6266471.81],[605482.82,6266572.13],[605567.21,6266580.8],[605464.61,6266674.54],[605425.35,6267205.67],[605400.92,6267224.97],[605429.25,6267017.84],[605360.16,6266960.66],[605336.85,6267044.04],[605320.66,6267051.81],[605351.56,6266959.08],[605280.15,6266942.06],[605440.59,6266863.5],[605451.69,6266731.03],[605343.23,6266731.78],[605337.37,6266885.69],[605249.22,6266902.46],[605305.44,6266823.6],[605229.23,6266811.95],[605301.86,6266728.38],[605208.07,6266798.38],[605251.88,6266578.93],[605126.16,6266596.24],[605329.93,6267223.86],[605056.72,6266611.85],[605082.88,6266530.51],[604990.98,6266448.38],[602970.59,6266327.88],[601976.18,6265964.67],[600694.4,6265839.69],[599801.56,6265575.96],[598798.54,6265065.35],[598259.29,6264995.0],[597682.63,6264806.09],[596722.01,6264720.24],[595945.43,6264422.77],[593791.23,6264186.47],[592725.62,6264207.11],[592084.23,6264335.76],[590214.95,6265003.08],[588646.66,6265205.23],[588026.56,6265363.45],[586587.88,6266176.9],[586228.8,6266639.97],[585953.24,6266724.43],[585386.84,6267258.18],[585281.16,6267454.28],[585154.8,6267506.17],[584734.78,6267963.77],[584740.17,6268040.3],[584613.03,6268088.27],[584594.36,6268206.84],[584120.46,6268700.6],[583227.68,6270009.5],[583223.86,6270122.43],[582954.94,6270506.85],[583016.69,6270539.32],[582942.54,6270546.67],[582928.13,6270674.91],[582868.42,6270656.6],[582936.37,6270759.28],[582876.59,6270750.44],[582861.99,6270905.69],[582794.84,6270922.03],[582822.57,6271013.75],[582766.97,6271015.71],[582615.92,6271523.85],[582699.17,6271506.59],[582593.5,6271777.21],[582635.73,6271905.77],[582546.71,6271915.22],[582579.21,6272088.23],[582494.7,6272115.49],[582612.38,6272136.44],[582600.61,6272222.07],[582517.05,6272208.01],[582527.02,6272441.98],[582607.56,6272488.04],[582522.76,6272624.87],[582597.27,6272795.95],[582489.82,6273176.08],[581470.12,6273764.63],[581173.86,6273690.59],[580945.48,6273754.46],[580783.04,6273892.81],[580596.49,6274264.08],[580341.98,6274410.52],[579971.9,6274383.78],[579962.57,6274435.06],[579868.17,6274324.02],[579913.64,6274089.3],[579808.82,6273648.36],[579941.66,6273510.6],[579907.31,6273117.63],[580019.75,6272819.29],[579996.34,6272668.02],[579900.69,6272618.09],[579760.67,6272298.8],[579372.89,6272028.41],[579071.64,6271432.46],[578784.6,6271343.3],[578219.22,6270981.07],[578044.04,6270729.58],[578057.96,6270611.24],[577555.63,6269614.55],[577314.86,6269475.27],[577016.07,6269041.67],[577000.78,6268801.73],[577187.15,6268401.43],[576950.95,6268290.18],[577010.14,6268147.33],[576829.71,6267970.98],[576666.64,6268000.96],[576604.81,6267964.82],[576754.51,6267920.14],[576538.69,6267864.54],[576576.35,6267961.84],[576362.68,6267799.16],[576048.63,6267065.47],[575816.31,6267094.26],[575811.81,6267302.35],[575713.01,6267411.39],[575704.42,6265914.84],[575765.14,6265911.05],[575704.27,6265904.26],[575740.7,6264624.84],[575687.1,6264619.59],[575869.52,6264491.39],[575994.72,6263708.31],[575869.53,6263299.0],[576002.32,6263264.88],[576000.21,6263192.96],[575856.63,6263000.8],[575983.72,6262933.35],[575971.82,6262812.37],[576119.48,6262864.46],[576183.87,6262784.85],[576132.64,6262746.64],[576222.21,6262727.25],[576221.56,6262704.87],[576178.21,6262682.52],[576267.59,6262560.76],[576204.76,6262489.88],[576111.79,6262541.28],[576097.99,6262614.1],[576175.69,6262699.75],[576221.06,6262715.88],[576127.43,6262745.56],[575964.96,6262630.23],[575882.26,6262635.96],[576012.7,6262495.45],[575927.36,6262320.2],[576019.09,6262197.31],[576044.81,6261898.98],[575875.52,6261028.63],[575745.99,6260852.02],[575844.66,6260801.66],[575817.34,6260690.41],[575727.85,6260776.99],[575661.86,6260744.25],[575585.29,6260410.96],[575506.04,6260344.36],[575441.34,6260360.08],[575376.77,6260229.2],[575263.66,6260221.58],[575083.29,6260404.85],[575012.89,6260260.75],[575271.54,6260038.6],[575395.0,6260207.65],[575533.31,6260142.5],[575764.35,6260243.79],[575945.98,6260198.55],[576010.9,6260083.45],[575971.12,6259986.91],[576321.25,6259759.72],[576326.45,6259600.29],[576547.98,6259591.9],[577004.07,6259328.97],[577987.42,6259465.99],[578366.78,6259367.2],[578512.84,6259409.59],[578892.68,6259225.43],[579204.07,6259319.21],[579601.99,6259301.9],[579743.85,6259174.59],[579677.7,6259112.21],[579761.26,6259107.39],[579724.46,6258931.87],[579744.75,6259083.44],[579706.84,6258922.86],[579728.62,6259077.54],[579154.76,6259071.04],[579152.45,6258999.91],[579129.87,6259072.67],[578716.57,6259125.02],[578364.05,6259058.96],[578308.94,6258955.34],[577543.71,6258797.47],[577106.6,6258832.4],[576233.15,6259119.63],[575516.07,6259517.11],[575132.07,6259603.51],[574927.07,6259470.85],[574947.7,6259328.52],[574915.32,6259454.49],[574913.9,6259314.34],[574881.88,6259418.73],[574567.39,6259331.04],[574316.98,6259241.46],[574272.3,6259130.36],[574298.41,6259252.5],[574010.01,6259186.92],[573996.24,6259116.82],[573995.31,6259183.43],[573445.32,6259257.59],[572892.07,6259165.57],[571529.91,6258392.89],[571154.82,6258285.88],[571176.55,6258203.23],[571078.37,6258249.64],[569703.96,6257416.43],[569426.02,6257459.85],[568186.89,6258107.16],[567408.14,6258306.21],[567252.47,6258244.88],[567211.17,6258323.1],[565750.68,6258085.83],[564491.04,6257336.01],[564383.94,6257400.41],[564104.68,6257352.68],[564070.29,6257415.62],[564559.91,6257508.5],[565387.42,6257987.71],[565091.59,6257948.15],[564739.98,6257764.33],[564710.54,6257812.57],[564227.34,6257543.19],[564205.79,6257612.83],[564743.67,6257912.82],[564939.05,6258140.78],[565008.99,6258024.44],[566296.63,6258250.59],[566199.18,6258470.72],[566597.04,6258612.62],[566741.06,6258556.77],[566760.9,6258674.54],[566707.23,6258671.84],[566814.55,6258701.12],[567649.15,6258626.04],[567860.66,6258570.28],[567891.88,6258533.05],[567900.94,6258502.98],[568005.84,6258543.92],[568682.44,6258461.98],[568679.71,6258562.34],[568700.46,6258570.05],[568790.34,6258555.26],[568983.41,6257984.45],[568984.9,6257864.18],[568978.64,6257836.81],[569025.59,6257789.83],[569392.57,6257621.46],[569770.97,6257610.46],[570846.95,6258203.09],[571011.87,6258401.31],[571576.49,6258538.52],[572093.16,6258893.12],[572883.73,6259261.36],[573507.17,6259337.69],[574082.98,6259294.68],[574376.8,6259385.33],[574654.17,6259644.21],[575289.89,6261782.25],[575225.55,6261824.04],[575295.0,6261800.05],[575572.87,6262765.99],[575479.13,6263099.34],[575326.37,6263222.64],[575402.32,6263879.5],[575382.86,6264023.37],[575321.76,6264025.62],[575349.28,6264475.36],[575272.81,6264645.1],[575396.43,6264661.09],[575270.81,6264681.66],[575276.02,6264707.52],[575351.86,6264691.53],[575402.23,6264688.25],[575403.13,6264697.18],[575320.38,6264705.55],[575247.84,6264968.93],[575244.96,6265027.72],[575319.29,6265031.13],[575329.92,6265077.95],[575224.89,6265063.37],[575331.04,6265121.64],[575234.18,6265137.99],[575193.91,6265282.93],[575134.73,6265182.42],[575076.31,6265251.97],[574951.22,6266057.45],[574841.2,6266238.27],[574886.15,6266943.89],[574802.54,6267094.14],[574716.97,6267131.77],[574704.07,6267183.84],[574781.49,6267168.81],[574757.95,6267256.86],[574919.88,6267445.81],[574921.13,6267576.47],[574792.24,6267629.03],[574917.68,6267765.55],[574916.49,6268185.09],[575034.15,6268219.96],[574968.68,6268310.77],[575025.74,6268433.37],[575105.62,6268551.18],[575463.95,6268478.77],[575720.38,6268599.93],[575951.9,6268957.4],[576001.93,6269244.21],[576298.32,6269826.14],[576209.23,6269992.28],[576402.32,6270083.5],[576387.26,6270810.72],[576576.44,6271116.17],[576474.85,6271161.81],[576490.71,6271038.22],[576479.42,6271016.59],[576433.32,6271291.2],[576324.65,6271358.3],[576436.57,6271318.6],[576470.53,6271165.93],[576480.86,6271263.29],[576554.29,6271261.43],[576453.7,6271306.06],[576854.03,6271176.96],[577022.94,6271380.28],[577078.11,6271686.94],[577391.55,6271897.54],[577669.86,6272265.45],[577937.64,6272261.05],[578271.38,6272599.06],[578214.14,6272469.69],[578393.1,6272443.72],[578748.07,6272635.2],[578774.32,6272785.84],[578604.48,6272898.24],[578548.78,6272696.72],[578431.1,6272612.69],[578341.99,6272699.63],[578276.39,6272617.54],[578488.35,6272929.15],[578572.86,6273193.61],[578812.26,6273589.37],[578796.13,6273507.6],[578879.97,6273568.49],[578818.28,6273651.93],[579124.86,6274027.48],[578901.98,6273713.01],[578992.18,6273732.16],[579330.17,6274313.02],[579718.72,6274666.69],[579808.35,6274608.63],[579888.61,6274749.35],[580032.63,6274695.0],[580096.94,6274699.25],[580162.17,6274727.63],[579965.65,6274731.85],[580189.8,6274875.06],[580208.65,6274763.06],[580259.98,6274854.96],[580162.16,6274941.73],[580241.46,6275035.83],[580770.87,6275330.21],[580991.64,6275576.89],[581522.56,6275840.52],[581973.87,6275885.96],[581957.41,6275952.29],[582405.57,6276212.26],[583006.53,6277288.77],[583039.4,6277540.94],[583094.93,6277576.36],[583079.76,6277434.8],[583328.78,6277840.07],[583415.44,6278611.92],[583356.57,6278953.99],[582844.61,6279768.86],[582637.5,6279961.8],[582837.39,6279802.64],[583004.37,6279576.58],[583030.55,6279697.63],[582698.49,6280189.44],[582809.29,6280140.85],[582752.4,6280320.37],[582899.49,6280483.11],[583443.74,6280479.43],[583552.5,6280590.08],[582865.5,6284000.0],[582103.51,6284839.74],[581955.3,6284956.69]],[[570564.8,6230820.53],[570564.801,6230820.532],[570596.161,6230744.529],[570564.8,6230820.53]]],[[[563292.81,6175036.62],[563332.98,6175115.3],[563316.41,6175099.73],[563292.81,6175036.62]]],[[[576053.05,6181263.4],[577121.71,6181667.88],[577419.03,6181858.59],[577092.25,6181663.62],[576418.46,6181468.91],[576215.86,6181380.55],[576053.05,6181263.4]]],[[[581590.13,6182232.67],[581496.12,6182232.08],[581531.27,6182136.07],[581776.07,6182053.67],[581590.13,6182232.67]]],[[[583329.92,6181259.78],[582849.07,6182859.21],[582388.9,6183502.94],[582251.45,6183951.3],[582213.16,6183491.1],[581806.0,6182634.56],[581759.45,6182094.41],[581851.17,6182169.07],[581871.57,6182367.65],[581953.32,6182148.32],[581838.56,6182047.55],[581896.86,6181949.1],[581791.63,6181939.09],[581648.99,6181778.09],[581383.07,6181277.94],[581415.34,6180980.43],[581364.37,6180979.4],[581542.38,6180684.91],[581853.01,6180966.26],[581857.82,6180867.36],[581748.24,6180769.02],[581822.07,6180723.4],[581600.07,6180579.29],[581712.88,6180475.56],[581070.0,6180395.36],[580591.82,6180165.5],[579949.15,6180004.5],[579877.67,6180052.31],[579848.76,6180398.04],[579829.28,6180268.58],[579760.05,6180306.5],[579749.42,6180388.03],[579817.51,6180397.55],[579844.16,6180418.36],[579719.78,6180382.52],[579793.99,6180162.79],[579593.55,6180068.99],[579051.2,6180106.18],[578447.0,6180293.19],[578165.57,6180066.93],[577952.29,6179727.67],[577510.57,6179579.56],[577489.76,6179286.57],[577574.11,6179099.69],[577889.27,6178736.75],[578298.5,6178618.63],[579145.71,6178771.7],[579757.88,6178673.75],[580055.39,6178831.81],[580371.29,6178811.29],[580894.47,6178668.58],[582109.96,6178086.88],[582392.99,6178132.49],[582856.28,6178433.05],[582984.64,6178638.9],[583321.12,6180516.98],[583329.92,6181259.78]]],[[[566188.61,6187495.82],[566211.12,6187503.36],[566228.64,6187511.5],[566188.61,6187495.82]]],[[[585535.26,6187277.09],[584670.87,6187799.73],[584740.59,6187710.55],[585052.96,6187530.03],[585150.12,6187331.53],[585535.26,6187277.09]]],[[[567464.57,6188183.61],[567282.91,6188226.54],[567056.4,6188058.35],[566917.0,6188130.29],[566522.18,6188011.41],[566208.15,6187636.5],[566255.25,6187667.66],[566556.92,6187286.87],[566680.53,6186917.9],[566627.07,6186826.21],[566822.71,6186875.44],[567150.56,6186666.16],[567137.47,6186579.45],[566878.0,6186409.59],[567237.02,6186304.96],[567856.5,6186302.25],[568463.67,6186483.52],[568874.03,6186878.85],[569022.64,6187160.1],[569013.0,6187300.7],[568736.73,6187595.88],[567800.64,6188166.25],[567664.66,6188188.47],[568058.7,6187951.72],[568018.57,6187896.0],[568663.48,6187586.32],[568165.1,6187689.31],[567464.57,6188183.61]]],[[[584382.92,6189142.21],[584342.34,6189051.7],[584311.43,6188483.3],[584432.13,6188055.44],[584376.04,6188074.55],[584558.55,6187929.72],[584347.87,6188493.27],[584382.92,6189142.21]]],[[[565691.73,6189078.84],[565691.37,6189252.91],[565589.74,6189062.73],[565691.73,6189078.84]]],[[[564650.85,6189337.62],[564607.1,6189326.15],[564604.19,6189309.24],[564650.85,6189337.62]]],[[[564584.96,6189438.52],[564594.87,6189457.76],[564526.65,6189547.39],[564584.96,6189438.52]]],[[[567886.01,6189898.83],[567815.24,6189919.6],[567810.97,6189854.33],[567798.02,6189903.4],[567744.34,6189911.41],[567786.3,6189812.09],[567685.22,6189718.0],[567886.01,6189898.83]]],[[[569498.1,6189887.59],[569579.43,6189947.45],[569464.69,6189893.29],[569498.1,6189887.59]]],[[[569877.7,6189972.32],[569727.72,6189968.0],[569795.57,6189881.73],[570269.01,6189746.0],[570422.43,6189774.82],[570511.64,6189854.92],[570499.81,6189907.33],[570456.28,6189944.93],[570455.37,6189824.16],[570269.99,6189768.94],[570281.56,6189821.26],[569862.65,6189882.58],[569877.7,6189972.32]]],[[[575567.11,6190013.98],[575258.72,6190084.01],[575099.69,6190161.49],[575136.21,6190132.67],[575408.29,6190022.45],[575509.6,6190007.98],[575559.24,6190005.76],[575567.11,6190013.98]]],[[[574731.07,6190130.81],[574705.34,6190166.38],[574674.63,6190166.22],[574731.07,6190130.81]]],[[[570176.98,6190036.69],[570235.06,6190074.13],[570199.0,6190316.48],[570210.14,6190084.47],[570176.98,6190036.69]]],[[[569995.05,6190416.86],[569983.66,6190526.54],[569885.18,6190472.1],[569995.05,6190416.86]]],[[[569717.6,6190583.04],[569674.11,6190632.45],[569658.25,6190622.93],[569717.6,6190583.04]]],[[[569609.51,6190638.71],[569638.99,6190653.98],[569637.44,6190657.1],[569609.51,6190638.71]]],[[[569493.53,6190724.95],[569517.46,6190749.36],[569497.84,6190745.65],[569493.53,6190724.95]]],[[[569244.26,6190803.44],[569257.96,6190832.13],[569239.65,6190821.51],[569244.26,6190803.44]]],[[[569158.87,6190849.23],[569187.94,6190874.96],[569224.85,6190914.04],[569158.87,6190849.23]]],[[[562026.05,6190995.58],[561633.16,6191082.3],[561547.05,6191120.32],[561624.8,6191071.62],[562026.05,6190995.58]]],[[[562195.77,6191026.35],[562099.75,6191114.17],[562127.36,6191180.83],[562100.39,6191303.76],[562078.04,6191320.42],[562102.56,6191046.9],[562195.77,6191026.35]]],[[[562087.12,6191379.72],[562202.27,6191437.38],[562080.52,6191407.0],[561968.91,6191305.44],[561850.98,6191311.73],[561842.32,6191255.42],[562012.71,6191189.78],[562087.12,6191379.72]]],[[[563067.25,6191525.01],[563595.16,6192219.73],[563609.0,6192246.65],[563305.0,6192092.65],[562411.21,6192129.49],[562273.42,6192027.03],[562233.49,6191674.55],[562141.43,6191548.66],[562378.84,6191561.11],[562279.6,6191475.99],[562595.33,6191556.02],[563075.86,6191546.92],[562816.74,6191516.32],[562731.99,6191486.31],[563067.25,6191525.01]]],[[[563856.08,6192271.11],[563951.68,6192388.75],[563769.79,6192267.19],[563856.08,6192271.11]]],[[[577716.85,6193190.29],[577713.93,6193202.52],[577690.82,6193220.17],[577716.85,6193190.29]]],[[[602872.45,6193369.81],[602857.98,6193373.04],[602867.68,6193364.4],[602872.45,6193369.81]]],[[[602909.0,6193390.51],[602913.5,6193393.37],[602907.8,6193393.77],[602909.0,6193390.51]]],[[[577844.69,6193757.24],[577824.84,6193853.13],[577791.06,6193853.12],[577805.48,6193747.9],[577720.26,6193720.87],[577715.24,6193681.65],[577844.69,6193757.24]]],[[[602814.44,6193873.01],[602822.12,6193869.17],[602833.34,6193886.77],[602814.44,6193873.01]]],[[[577748.07,6194000.06],[577730.39,6194038.29],[577681.1,6194005.65],[577748.07,6194000.06]]],[[[577492.97,6194025.17],[577442.1,6194024.75],[577387.6,6193929.4],[577541.82,6193763.3],[577675.22,6193340.53],[577582.99,6193376.4],[577384.05,6193270.11],[577246.69,6193479.51],[577289.89,6193649.4],[577194.2,6193617.71],[577270.44,6193356.44],[577430.29,6193214.22],[577665.18,6193242.68],[577782.96,6193360.58],[577651.76,6193674.44],[577424.68,6193928.06],[577492.97,6194025.17]]],[[[604747.89,6194521.43],[604755.22,6194527.56],[604747.98,6194529.21],[604747.89,6194521.43]]],[[[604336.47,6194632.86],[604084.88,6194689.61],[604064.47,6194599.59],[604195.77,6194421.82],[604339.06,6194448.66],[604336.47,6194632.86]]],[[[603521.18,6194677.47],[603178.55,6194740.81],[603140.47,6194550.03],[603243.89,6194423.45],[603520.51,6194406.31],[603521.18,6194677.47]]],[[[603624.05,6194831.74],[603639.97,6194890.43],[603619.75,6194899.47],[603624.05,6194831.74]]],[[[603839.74,6195031.04],[603863.07,6195118.46],[603849.74,6195136.95],[603839.74,6195031.04]]],[[[602970.59,6195273.72],[602980.68,6195285.98],[602979.32,6195288.73],[602970.59,6195273.72]]],[[[602912.44,6195345.62],[602918.82,6195353.86],[602913.2,6195353.78],[602912.44,6195345.62]]],[[[602947.73,6195345.48],[602951.01,6195396.31],[602936.84,6195405.8],[602947.73,6195345.48]]],[[[602734.24,6195458.59],[602741.17,6195466.37],[602737.49,6195473.62],[602734.24,6195458.59]]],[[[603321.1,6195495.97],[603252.78,6195453.67],[603237.49,6195390.67],[603360.96,6195419.0],[603321.1,6195495.97]]],[[[602560.79,6195609.83],[602488.85,6195586.44],[602542.78,6195553.47],[602560.79,6195609.83]]],[[[602544.46,6195649.16],[602550.27,6195653.23],[602547.87,6195656.01],[602544.46,6195649.16]]],[[[602547.97,6195660.17],[602520.18,6195685.08],[602530.89,6195657.06],[602547.97,6195660.17]]],[[[602527.55,6195708.48],[602535.81,6195717.62],[602526.3,6195716.46],[602527.55,6195708.48]]],[[[602562.48,6195742.8],[602584.02,6195744.87],[602579.28,6195755.85],[602562.48,6195742.8]]],[[[602592.82,6195762.88],[602615.47,6195763.93],[602620.67,6195777.25],[602592.82,6195762.88]]],[[[602678.72,6195832.32],[602677.88,6195853.04],[602676.73,6195818.93],[602678.72,6195832.32]]],[[[602127.7,6195978.91],[602088.45,6196008.2],[602118.13,6195962.87],[602127.7,6195978.91]]],[[[601993.68,6196079.86],[601854.04,6195935.52],[601852.38,6195805.22],[602048.35,6195503.79],[602165.48,6195095.3],[602316.2,6195023.03],[602472.62,6195115.34],[602585.36,6194963.39],[602879.01,6194906.39],[602999.29,6195068.12],[602820.57,6195373.18],[602719.91,6195436.52],[602696.37,6195513.41],[602564.71,6195436.22],[602453.26,6195542.98],[602408.89,6195738.39],[602380.23,6195626.5],[602105.44,6195569.72],[602035.06,6195779.11],[602108.03,6195935.01],[601993.68,6196079.86]]],[[[601905.92,6196173.35],[601928.05,6196173.7],[601911.66,6196184.15],[601905.92,6196173.35]]],[[[601973.73,6196207.88],[601987.2,6196211.08],[601974.29,6196212.21],[601973.73,6196207.88]]],[[[603140.54,6196319.43],[603136.16,6196335.5],[603136.55,6196317.72],[603140.54,6196319.43]]],[[[603039.42,6196392.3],[602891.67,6196196.21],[602751.29,6196264.34],[602684.22,6196144.21],[602737.17,6195942.58],[602665.51,6195893.06],[602948.19,6195755.23],[603062.27,6195973.67],[603236.55,6196021.81],[603280.99,6196141.13],[603114.68,6196202.9],[603039.89,6196143.28],[603039.42,6196392.3]]],[[[580334.32,6196458.25],[580496.23,6196579.0],[580378.72,6196542.62],[580000.0,6196150.9],[579768.72,6196045.15],[579903.32,6195812.47],[579878.21,6195701.43],[580065.1,6195718.18],[580190.07,6196272.33],[580334.32,6196458.25]]],[[[601242.38,6196586.32],[601033.82,6196443.77],[601193.1,6196176.85],[601519.88,6196436.52],[601452.38,6196513.48],[601297.39,6196479.34],[601242.38,6196586.32]]],[[[603522.11,6196681.12],[603528.6,6196691.73],[603519.81,6196688.53],[603522.11,6196681.12]]],[[[603405.96,6196697.7],[603408.03,6196713.88],[603397.0,6196706.67],[603405.96,6196697.7]]],[[[603454.92,6196712.22],[603466.66,6196712.49],[603466.42,6196714.27],[603454.92,6196712.22]]],[[[603703.01,6196705.29],[603702.6,6196736.99],[603686.14,6196709.98],[603703.01,6196705.29]]],[[[603334.78,6196730.52],[603150.52,6196670.35],[603179.91,6196442.87],[603108.16,6196436.58],[603282.95,6196266.61],[603291.56,6196134.34],[603700.34,6196680.31],[603463.64,6196608.66],[603334.78,6196730.52]]],[[[603573.96,6196724.68],[603587.76,6196740.37],[603572.85,6196735.4],[603573.96,6196724.68]]],[[[603419.49,6196715.68],[603418.89,6196745.51],[603397.1,6196751.2],[603419.49,6196715.68]]],[[[603620.3,6196752.24],[603628.07,6196753.14],[603625.1,6196758.25],[603620.3,6196752.24]]],[[[603636.44,6196765.87],[603647.57,6196766.23],[603640.49,6196770.41],[603636.44,6196765.87]]],[[[603599.73,6196768.74],[603609.48,6196775.95],[603603.6,6196778.85],[603599.73,6196768.74]]],[[[603708.5,6196759.02],[603772.22,6196796.59],[603702.09,6196766.08],[603708.5,6196759.02]]],[[[603633.24,6196789.03],[603622.38,6196809.88],[603611.88,6196788.73],[603633.24,6196789.03]]],[[[603769.32,6196807.55],[603782.96,6196810.53],[603782.21,6196817.38],[603769.32,6196807.55]]],[[[603502.89,6196803.63],[603520.76,6196804.83],[603521.87,6196823.2],[603502.89,6196803.63]]],[[[603868.8,6196819.8],[603885.0,6196837.16],[603865.04,6196829.12],[603868.8,6196819.8]]],[[[603150.31,6196755.96],[603066.92,6196853.5],[603055.96,6196854.94],[603122.51,6196760.54],[603150.31,6196755.96]]],[[[604084.98,6196989.73],[604105.07,6196990.17],[604106.34,6196994.42],[604084.98,6196989.73]]],[[[604011.12,6196940.79],[604076.12,6197007.07],[603971.65,6196971.66],[604011.12,6196940.79]]],[[[603146.93,6196836.19],[603007.12,6196966.12],[602985.75,6197022.15],[602982.85,6196967.62],[603146.93,6196836.19]]],[[[604074.09,6197039.05],[604088.8,6197041.8],[604089.67,6197046.47],[604074.09,6197039.05]]],[[[601280.8,6197016.39],[601019.09,6197048.31],[600974.82,6196848.65],[601140.54,6196726.46],[601157.48,6196889.54],[601223.31,6196917.39],[601280.8,6197016.39]]],[[[603238.47,6197076.08],[603222.52,6197081.53],[603229.82,6197066.88],[603238.47,6197076.08]]],[[[603284.05,6197114.77],[603296.55,6197107.53],[603299.2,6197116.6],[603284.05,6197114.77]]],[[[603045.8,6196980.67],[603061.84,6197074.97],[603019.59,6197150.96],[603045.8,6196980.67]]],[[[604319.95,6197160.3],[604250.54,6197082.76],[604194.53,6197067.68],[604110.25,6196996.68],[604194.97,6197008.35],[604319.95,6197160.3]]],[[[602073.2,6197160.47],[601959.29,6197127.84],[601961.69,6196928.87],[602065.21,6197104.36],[602073.2,6197160.47]]],[[[604318.71,6197129.42],[604384.93,6197175.26],[604356.99,6197206.86],[604318.71,6197129.42]]],[[[604473.2,6197209.12],[604373.75,6197242.53],[604413.18,6197216.36],[604473.2,6197209.12]]],[[[604911.42,6197421.38],[604919.96,6197423.53],[604908.12,6197431.72],[604911.42,6197421.38]]],[[[604769.93,6197486.87],[604751.26,6197484.31],[604771.45,6197484.18],[604769.93,6197486.87]]],[[[602195.72,6197617.39],[602197.04,6197621.68],[602193.06,6197622.17],[602195.72,6197617.39]]],[[[604212.47,6197635.16],[604240.19,6197637.84],[604212.94,6197642.54],[604212.47,6197635.16]]],[[[602193.23,6197661.46],[602217.43,6197667.36],[602210.38,6197675.51],[602193.23,6197661.46]]],[[[604363.13,6197745.85],[604369.57,6197758.09],[604356.15,6197762.79],[604363.13,6197745.85]]],[[[604182.21,6197761.85],[604191.59,6197775.99],[604182.99,6197780.08],[604182.21,6197761.85]]],[[[604566.43,6197823.31],[604575.17,6197828.04],[604568.71,6197829.24],[604566.43,6197823.31]]],[[[605829.45,6199150.75],[607008.57,6199947.84],[606908.65,6199893.24],[606302.85,6199473.69],[605722.47,6199350.5],[605558.87,6199181.14],[605387.02,6199134.82],[604976.14,6199200.99],[605231.25,6199131.75],[605411.54,6199125.54],[605640.57,6199167.42],[605829.45,6199150.75]]],[[[604598.45,6199499.02],[604676.05,6199896.88],[604504.51,6200038.93],[604181.78,6199957.63],[604168.45,6199616.82],[604347.03,6199698.4],[604598.45,6199499.02]]],[[[611482.9,6200176.26],[611059.03,6200289.38],[610904.82,6200475.17],[611002.99,6200312.52],[611092.55,6200266.4],[611318.97,6200201.91],[611595.61,6200143.69],[612039.87,6200189.52],[611482.9,6200176.26]]],[[[609093.81,6201659.32],[608828.06,6201739.52],[609226.91,6201567.84],[609579.96,6201204.98],[610165.74,6201105.35],[610385.03,6201266.51],[610281.04,6201542.26],[610125.53,6201676.97],[609093.81,6201659.32]]],[[[585384.8,6202483.1],[584628.77,6202558.27],[584933.86,6202484.67],[585384.8,6202483.1]]],[[[589072.32,6202323.32],[588120.32,6202633.4],[587582.44,6202454.75],[587728.15,6202126.89],[588330.41,6201515.79],[589240.26,6200867.75],[589521.57,6200769.28],[589855.84,6200721.43],[590448.2,6201163.61],[590862.18,6201201.7],[590911.57,6201254.13],[590920.3,6201292.12],[590899.53,6201331.56],[590864.55,6201235.69],[590855.38,6201325.63],[590688.4,6201318.18],[590708.96,6201415.97],[590837.98,6201346.0],[590774.2,6201406.31],[590833.97,6201535.95],[591092.15,6201673.42],[591400.78,6201704.25],[590672.74,6201886.45],[590089.69,6202188.38],[589072.32,6202323.32]]],[[[599936.31,6199687.01],[598677.02,6201469.5],[598104.78,6202872.8],[597658.34,6205107.87],[597520.6,6206824.44],[597393.98,6207442.14],[596406.45,6206597.0],[595360.82,6205186.69],[594991.07,6204803.03],[594870.18,6204151.81],[594927.82,6203392.54],[595196.21,6202152.19],[595402.07,6201592.5],[595367.92,6201346.08],[595509.71,6200981.68],[595502.12,6200790.24],[595951.69,6200082.19],[596055.13,6200060.83],[596326.78,6200228.77],[596444.52,6200197.48],[596610.54,6200284.79],[596936.13,6200077.28],[597049.52,6200139.19],[596864.95,6200138.91],[596878.59,6200208.59],[596935.1,6200182.91],[596898.07,6200253.76],[596934.14,6200202.64],[597238.86,6200306.92],[598177.65,6199815.65],[598606.7,6199482.1],[599201.27,6198874.15],[599727.06,6198036.81],[600008.52,6197225.79],[600061.15,6196527.62],[599778.53,6195573.56],[599762.15,6194734.39],[599644.99,6193948.09],[599050.36,6192556.69],[598697.38,6192211.3],[598342.34,6192122.68],[597795.16,6192160.61],[597040.72,6191995.49],[596925.4,6192057.49],[596901.86,6192126.97],[596927.14,6192204.7],[596919.84,6192208.46],[596864.03,6191965.92],[596886.21,6191929.31],[596710.78,6191669.53],[596080.04,6191084.46],[595792.94,6190692.4],[595716.76,6190326.41],[595737.23,6189483.02],[595565.52,6187497.33],[595956.26,6184491.04],[595837.79,6184502.33],[595877.51,6184306.9],[595765.37,6184377.24],[595790.09,6184472.0],[595759.21,6184500.94],[595747.71,6184367.54],[595846.31,6184267.36],[595927.79,6183819.07],[596479.96,6182653.75],[596444.04,6182462.52],[596600.25,6182388.47],[597053.28,6181706.92],[597287.82,6181491.04],[597490.5,6181537.64],[597739.02,6181462.12],[597866.79,6181571.65],[599106.77,6181616.68],[599546.14,6181508.72],[599934.31,6181300.49],[601609.79,6181038.97],[601762.42,6181140.62],[602029.66,6182519.15],[602588.17,6183301.41],[602646.29,6183816.85],[603016.75,6184797.85],[603021.58,6185762.17],[603257.74,6185846.55],[603295.78,6185874.61],[603315.68,6185924.04],[603302.83,6186081.36],[603292.17,6185890.68],[603130.6,6185819.26],[603076.48,6185906.58],[603195.93,6186058.76],[603030.4,6186058.22],[602784.32,6186513.71],[602730.85,6186707.49],[602913.41,6186871.46],[602884.91,6186957.49],[602897.42,6186875.17],[602722.8,6186732.18],[602725.22,6186833.88],[602683.88,6186806.18],[602615.69,6186833.93],[602838.69,6186909.96],[602725.95,6186903.44],[602635.74,6187050.24],[602577.34,6187480.3],[602645.72,6188570.11],[602791.71,6189195.39],[603125.87,6190318.69],[603808.06,6191692.31],[604509.21,6192386.12],[604802.72,6192479.78],[605094.76,6193007.83],[604914.44,6193397.97],[604937.1,6194071.6],[605161.9,6194887.19],[605613.14,6195611.59],[605591.77,6196564.49],[605484.95,6196785.69],[605328.22,6196859.3],[605129.55,6197282.62],[604870.07,6198049.81],[604858.74,6198699.18],[604680.46,6198988.09],[604644.07,6198603.89],[604478.88,6198377.34],[604792.59,6198353.53],[604590.12,6198181.65],[604675.73,6198106.74],[604665.63,6198210.87],[604765.34,6198240.68],[604821.89,6198177.02],[604872.97,6197684.42],[605056.85,6197357.21],[604973.5,6197405.63],[604887.23,6197319.28],[604908.72,6197232.01],[605118.05,6197211.6],[605323.27,6196683.51],[605548.46,6196436.78],[605546.91,6195567.21],[605150.25,6194926.33],[604955.93,6194410.59],[604785.62,6194477.83],[604423.8,6194226.9],[604322.69,6194262.71],[603978.4,6193820.73],[603641.71,6193658.69],[603412.46,6193758.79],[602861.9,6193305.87],[602785.25,6193378.85],[602849.35,6193500.11],[602675.57,6193717.67],[602610.25,6193643.77],[602676.1,6193450.8],[602590.85,6193576.54],[602286.51,6193607.7],[602133.34,6193729.66],[602109.89,6193916.25],[601852.93,6194384.83],[601685.71,6194500.58],[601703.89,6194823.0],[602002.39,6194917.03],[601969.92,6194990.37],[601851.04,6195080.45],[601469.79,6195084.15],[601389.6,6195368.08],[601307.29,6195320.08],[601403.88,6195104.4],[601178.14,6195232.8],[601021.87,6195762.04],[601005.71,6196224.01],[600775.49,6196402.15],[600813.54,6196602.82],[600642.64,6196977.37],[600705.27,6197003.79],[600761.64,6197362.71],[600876.91,6197466.07],[601218.4,6197454.79],[601114.63,6197588.77],[601224.09,6197553.04],[601262.86,6197638.89],[601454.75,6197674.41],[601497.86,6197430.53],[601635.6,6197351.04],[601890.45,6197699.38],[601651.62,6197925.17],[601786.1,6198213.91],[601972.05,6198259.62],[602124.35,6198127.01],[602234.8,6197683.34],[602313.13,6197881.82],[602391.51,6197895.62],[602637.92,6197364.1],[602756.36,6197361.48],[602779.8,6197399.34],[602616.59,6197674.58],[602656.65,6197823.65],[602556.3,6197743.41],[602449.92,6197848.82],[602438.97,6198096.59],[602544.54,6198141.55],[602625.47,6198028.83],[602595.42,6197942.8],[602664.88,6197996.2],[602717.64,6198010.71],[602585.31,6197906.04],[602720.01,6197922.03],[602666.65,6197803.82],[602854.05,6197972.43],[602983.57,6197983.39],[603217.4,6197874.81],[603289.13,6197736.09],[603272.8,6198032.22],[601926.11,6198880.54],[601248.74,6198895.41],[600647.49,6199130.23],[599936.31,6199687.01]]],[[[575908.75,6207971.86],[575879.21,6207966.55],[575914.1,6207962.54],[575908.75,6207971.86]]],[[[575573.71,6222185.63],[575504.12,6222134.57],[575580.91,6222134.7],[575573.71,6222185.63]]],[[[612222.77,6221999.61],[612576.26,6222468.68],[612145.42,6222909.64],[611829.49,6222673.83],[611724.76,6222291.48],[611287.79,6222072.64],[611392.78,6221973.5],[612222.77,6221999.61]]],[[[575986.57,6223178.14],[575975.37,6223175.91],[575977.54,6223164.63],[575986.57,6223178.14]]],[[[576038.43,6223223.75],[576040.39,6223241.26],[576031.7,6223228.21],[576038.43,6223223.75]]],[[[576076.79,6223282.54],[576049.51,6223270.28],[576054.16,6223248.3],[576076.79,6223282.54]]],[[[576084.82,6223294.01],[576086.42,6223311.62],[576077.89,6223298.58],[576084.82,6223294.01]]],[[[576119.64,6223388.37],[576106.82,6223379.55],[576117.94,6223377.73],[576119.64,6223388.37]]],[[[604900.64,6223996.38],[604974.67,6224016.05],[604884.85,6224018.41],[604900.64,6223996.38]]],[[[576280.93,6224315.28],[576286.78,6224318.39],[576283.05,6224320.47],[576280.93,6224315.28]]],[[[593773.78,6225665.9],[593695.64,6225733.96],[593776.09,6225605.72],[593561.77,6225336.94],[593785.4,6225566.76],[593773.78,6225665.9]]],[[[584872.53,6229229.24],[584880.23,6229244.22],[584868.81,6229244.02],[584872.53,6229229.24]]],[[[590985.82,6229693.24],[590978.65,6229708.31],[590933.03,6229720.63],[590985.82,6229693.24]]],[[[591051.21,6229664.49],[591001.55,6229734.92],[590987.25,6229737.72],[591051.21,6229664.49]]],[[[590927.15,6229731.46],[590855.3,6229768.08],[590819.55,6229819.24],[590815.76,6229771.14],[590927.15,6229731.46]]],[[[590923.31,6229877.03],[590848.38,6229931.6],[590974.64,6229759.94],[590923.31,6229877.03]]],[[[590821.11,6229970.64],[590784.38,6230002.73],[590736.95,6229976.71],[590821.11,6229970.64]]],[[[580136.27,6230135.2],[580162.93,6230231.88],[580155.04,6230360.3],[580146.43,6230355.29],[580136.27,6230135.2]]],[[[587425.26,6230551.38],[587382.1,6230579.71],[587358.56,6230571.76],[587370.91,6230549.68],[587425.26,6230551.38]]],[[[583031.66,6233959.81],[583158.91,6233964.19],[583177.55,6234044.79],[583031.66,6233959.81]]],[[[591454.85,6234548.4],[591639.32,6234893.34],[591438.86,6234641.71],[591454.85,6234548.4]]],[[[618739.77,6252918.76],[618621.93,6252858.51],[618769.15,6252809.61],[618775.02,6252887.84],[618825.65,6252867.06],[618887.41,6252760.26],[618773.25,6252649.95],[618815.2,6252616.84],[618906.24,6252766.31],[618908.0,6252844.66],[618739.77,6252918.76]]],[[[618944.59,6253020.18],[618980.98,6252953.68],[618948.76,6253036.83],[618944.59,6253020.18]]],[[[618947.63,6253601.92],[618850.61,6253670.07],[618834.19,6253887.67],[618838.29,6253644.14],[618947.63,6253601.92]]],[[[619111.25,6253878.14],[619119.31,6254025.83],[619192.3,6254264.04],[619097.91,6253991.79],[619111.25,6253878.14]]],[[[568840.24,6257886.03],[568611.39,6258013.13],[568541.82,6258070.5],[568574.0,6258001.49],[568840.24,6257886.03]]],[[[568519.51,6258033.25],[568527.06,6258117.52],[568502.8,6258192.88],[568441.69,6258136.78],[568519.51,6258033.25]]],[[[568059.24,6258219.28],[568102.26,6258223.72],[568055.0,6258234.66],[568059.24,6258219.28]]],[[[568970.57,6257988.79],[568831.7,6258247.15],[568968.29,6257835.14],[568970.57,6257988.79]]],[[[568782.1,6258171.13],[568611.07,6258262.46],[568538.31,6258209.01],[568608.07,6258047.46],[568881.03,6257898.54],[568782.1,6258171.13]]],[[[568471.48,6258273.67],[568097.69,6258297.02],[568117.69,6258211.56],[568457.96,6258061.27],[568313.88,6258199.59],[568495.37,6258201.79],[568471.48,6258273.67]]],[[[567727.13,6258328.7],[567648.89,6258389.88],[567632.13,6258368.12],[567727.13,6258328.7]]],[[[567626.4,6258371.36],[567509.62,6258456.52],[567259.6,6258402.54],[567626.4,6258371.36]]],[[[568146.21,6258496.54],[568101.47,6258502.91],[568140.02,6258482.12],[568146.21,6258496.54]]],[[[568803.69,6258482.04],[568697.64,6258513.7],[568700.7,6258481.19],[568822.12,6258390.37],[568809.75,6258475.35],[568711.02,6258494.08],[568803.69,6258482.04]]],[[[567856.25,6258523.03],[567864.57,6258548.6],[567847.8,6258548.36],[567856.25,6258523.03]]],[[[568779.07,6258538.76],[568742.98,6258556.74],[568732.28,6258548.12],[568779.07,6258538.76]]],[[[568697.17,6258554.4],[568734.91,6258560.76],[568695.03,6258563.18],[568697.17,6258554.4]]],[[[566942.26,6258633.78],[566904.01,6258639.03],[566901.32,6258627.21],[566942.26,6258633.78]]],[[[566858.68,6258677.52],[566832.76,6258695.22],[566809.12,6258676.44],[566858.68,6258677.52]]],[[[579580.31,6259113.69],[579597.82,6259122.57],[579579.7,6259118.27],[579580.31,6259113.69]]],[[[579635.07,6259112.61],[579649.13,6259131.25],[579618.54,6259122.13],[579635.07,6259112.61]]],[[[575018.12,6259769.85],[574875.04,6259804.19],[574749.15,6259519.86],[574925.14,6259547.08],[575018.12,6259769.85]]],[[[575677.25,6260110.39],[575572.35,6260125.82],[575690.05,6260092.33],[575677.25,6260110.39]]],[[[575512.53,6260392.29],[575529.19,6260402.79],[575518.47,6260406.85],[575512.53,6260392.29]]],[[[575568.48,6260429.46],[575523.48,6260442.49],[575518.43,6260425.6],[575568.48,6260429.46]]],[[[576114.3,6262766.38],[576074.19,6262768.39],[576093.64,6262747.97],[576114.3,6262766.38]]],[[[575974.69,6262715.82],[576060.67,6262757.29],[575997.73,6262791.76],[575974.69,6262715.82]]],[[[575895.77,6262892.93],[575946.57,6262912.3],[575889.02,6262910.27],[575895.77,6262892.93]]],[[[575618.98,6265159.72],[575627.39,6265156.41],[575629.13,6265171.52],[575618.98,6265159.72]]],[[[585633.07,6267077.65],[585621.73,6267067.88],[585636.21,6267065.9],[585633.07,6267077.65]]],[[[575632.91,6265378.22],[575641.05,6266834.76],[575647.6,6267410.46],[575582.54,6266286.12],[575632.91,6265378.22]]],[[[583290.41,6270032.35],[583262.46,6270000.0],[583295.26,6269988.83],[583290.41,6270032.35]]],[[[576840.24,6271171.35],[576739.43,6271197.42],[576728.32,6271192.95],[576812.53,6271158.92],[576840.24,6271171.35]]],[[[576887.91,6271202.56],[576906.46,6271200.79],[576906.29,6271206.87],[576887.91,6271202.56]]],[[[582564.94,6272655.97],[582590.99,6272661.56],[582589.88,6272676.28],[582564.94,6272655.97]]],[[[578370.87,6272741.24],[578391.73,6272738.21],[578392.55,6272742.81],[578370.87,6272741.24]]],[[[578496.28,6272765.15],[578443.77,6272855.59],[578391.22,6272781.18],[578496.28,6272765.15]]],[[[578534.51,6273025.01],[578545.92,6273001.96],[578553.18,6273031.49],[578534.51,6273025.01]]],[[[578750.82,6273359.35],[578592.75,6273196.56],[578541.07,6273034.88],[578614.12,6273182.76],[578719.97,6273211.37],[578750.82,6273359.35]]],[[[578765.98,6273421.07],[578799.84,6273455.25],[578787.81,6273484.92],[578765.98,6273421.07]]],[[[582283.61,6274125.89],[582102.1,6274164.44],[582255.68,6274113.75],[582283.61,6274125.89]]],[[[581476.07,6274309.11],[581000.06,6274382.13],[581097.88,6274316.17],[581476.07,6274309.11]]],[[[581235.47,6274601.69],[581370.59,6274798.9],[581050.57,6274692.09],[581235.47,6274601.69]]],[[[581705.41,6275250.45],[581705.54,6275259.26],[581700.91,6275259.56],[581705.41,6275250.45]]],[[[581708.17,6275263.65],[581715.2,6275271.11],[581708.39,6275271.67],[581708.17,6275263.65]]],[[[581723.93,6275263.85],[581729.67,6275271.87],[581721.94,6275272.7],[581723.93,6275263.85]]],[[[581497.48,6275261.38],[581092.67,6275237.41],[581046.91,6275144.83],[581273.26,6274973.48],[581492.87,6275113.14],[581497.48,6275261.38]]],[[[581551.87,6275136.09],[581672.15,6275203.47],[581684.54,6275260.39],[581514.48,6275279.66],[581551.87,6275136.09]]],[[[580619.28,6275192.71],[580776.05,6275323.57],[580637.95,6275233.44],[580619.28,6275192.71]]],[[[580805.6,6275335.99],[580816.74,6275346.55],[580809.9,6275346.74],[580805.6,6275335.99]]],[[[580847.73,6275401.49],[580869.69,6275416.1],[580868.45,6275422.76],[580847.73,6275401.49]]],[[[581974.53,6275939.43],[582003.42,6275950.55],[582003.3,6275958.37],[581974.53,6275939.43]]],[[[582010.72,6275966.17],[582035.27,6275973.46],[582040.36,6275980.61],[582010.72,6275966.17]]],[[[583033.93,6277398.39],[583064.58,6277414.92],[583061.61,6277428.29],[583033.93,6277398.39]]],[[[583046.4,6279525.04],[583071.95,6279555.99],[583036.32,6279555.56],[583046.4,6279525.04]]],[[[575176.8,6285378.68],[575168.1,6285394.27],[575161.38,6285386.85],[575176.8,6285378.68]]],[[[575219.82,6285448.97],[575195.72,6285450.93],[575208.5,6285435.59],[575219.82,6285448.97]]],[[[575170.93,6285480.82],[575187.69,6285483.38],[575184.74,6285486.41],[575170.93,6285480.82]]],[[[575084.78,6285494.06],[575086.89,6285506.54],[575079.21,6285501.34],[575084.78,6285494.06]]],[[[575183.79,6285504.76],[575208.1,6285507.05],[575189.68,6285527.9],[575183.79,6285504.76]]],[[[575439.41,6285529.0],[575447.14,6285536.19],[575432.57,6285534.43],[575439.41,6285529.0]]],[[[575222.44,6285529.26],[575202.79,6285532.37],[575206.8,6285524.89],[575222.44,6285529.26]]],[[[575135.31,6285521.84],[575164.07,6285546.41],[575160.07,6285550.91],[575135.31,6285521.84]]],[[[575038.62,6285502.62],[575027.49,6285554.76],[575000.82,6285531.85],[575038.62,6285502.62]]],[[[575245.44,6285542.12],[575238.14,6285573.44],[575228.19,6285543.15],[575245.44,6285542.12]]],[[[574949.86,6285567.92],[574965.39,6285571.11],[574958.22,6285577.98],[574949.86,6285567.92]]],[[[575076.77,6285555.58],[575092.23,6285537.94],[575150.71,6285575.54],[575076.77,6285555.58]]],[[[575215.56,6285595.5],[575180.01,6285580.95],[575204.9,6285571.67],[575215.56,6285595.5]]],[[[575046.09,6285610.39],[575085.82,6285644.49],[575084.38,6285650.27],[575046.09,6285610.39]]],[[[575177.14,6285646.88],[575097.93,6285644.49],[575073.76,6285568.93],[575154.6,6285590.06],[575177.14,6285646.88]]],[[[575215.44,6285682.66],[575227.32,6285688.31],[575221.96,6285694.85],[575215.44,6285682.66]]],[[[575221.49,6285705.78],[575227.14,6285708.06],[575224.2,6285710.51],[575221.49,6285705.78]]],[[[575059.66,6285677.54],[575093.61,6285691.85],[575091.64,6285710.01],[575059.66,6285677.54]]],[[[575184.05,6285686.85],[575151.94,6285708.14],[575116.37,6285667.67],[575184.05,6285686.85]]],[[[575319.37,6285713.4],[575334.51,6285709.61],[575332.28,6285720.01],[575319.37,6285713.4]]],[[[575212.14,6285719.92],[575223.95,6285723.55],[575216.38,6285728.04],[575212.14,6285719.92]]],[[[575279.48,6285713.84],[575298.28,6285722.5],[575295.07,6285733.17],[575279.48,6285713.84]]],[[[574964.41,6285729.15],[574971.64,6285730.33],[574972.52,6285737.92],[574964.41,6285729.15]]],[[[574959.97,6285732.64],[574963.11,6285740.8],[574955.59,6285739.4],[574959.97,6285732.64]]],[[[575268.11,6285735.95],[575280.49,6285739.96],[575277.0,6285743.86],[575268.11,6285735.95]]],[[[575334.36,6285746.84],[575347.68,6285747.87],[575342.56,6285754.88],[575334.36,6285746.84]]],[[[575074.22,6285737.36],[574992.03,6285750.15],[574980.12,6285695.85],[575028.79,6285657.24],[575074.22,6285737.36]]],[[[574980.6,6285768.87],[575013.94,6285763.82],[575016.28,6285772.95],[574980.6,6285768.87]]],[[[575111.26,6285774.11],[575117.39,6285779.72],[575111.38,6285780.24],[575111.26,6285774.11]]],[[[575017.67,6285780.23],[575016.79,6285785.72],[575007.24,6285781.7],[575017.67,6285780.23]]],[[[574937.77,6285789.93],[575032.32,6285794.16],[575035.07,6285801.43],[574937.77,6285789.93]]],[[[575611.32,6285815.65],[575271.04,6285682.63],[575209.7,6285309.22],[575157.36,6285387.37],[575171.31,6285472.07],[575063.69,6285485.71],[575171.7,6285302.6],[575429.01,6285273.37],[575897.52,6285473.36],[575812.42,6285605.22],[575586.04,6285502.57],[575309.86,6285506.98],[575613.55,6285587.4],[575658.75,6285630.29],[575536.24,6285640.03],[575740.2,6285699.67],[575611.32,6285815.65]]],[[[574929.2,6285822.72],[574932.22,6285832.0],[574928.17,6285834.31],[574929.2,6285822.72]]],[[[575500.18,6285812.19],[575428.26,6285835.65],[575422.82,6285816.01],[575500.18,6285812.19]]],[[[575176.44,6285927.92],[575156.53,6285896.25],[575192.15,6285908.18],[575176.44,6285927.92]]],[[[575000.5,6286014.85],[574848.87,6285956.06],[574949.9,6285823.06],[575125.86,6285903.34],[575000.5,6286014.85]]],[[[574943.16,6286262.85],[574962.36,6286258.37],[574963.1,6286265.94],[574943.16,6286262.85]]],[[[662119.62,6291335.21],[657897.19,6289708.32],[656733.34,6289573.44],[655754.88,6289775.0],[655238.69,6289759.59],[654702.81,6289476.08],[653883.26,6288754.24],[653572.93,6288712.25],[653455.96,6288557.22],[653472.47,6288412.96],[653558.94,6288659.07],[653892.18,6288518.74],[653877.01,6288425.31],[653739.24,6288364.05],[653599.9,6288541.16],[653728.45,6288360.02],[653506.2,6288376.63],[653874.12,6288300.32],[654338.35,6287865.64],[655074.97,6286208.07],[655491.09,6285713.06],[655806.09,6285583.6],[656253.56,6285539.89],[657650.79,6285769.9],[658089.77,6285975.96],[658305.68,6286176.18],[659076.15,6287623.44],[659862.56,6288728.89],[661219.06,6290063.36],[662607.85,6291115.74],[662119.62,6291335.21]]]]}},
{"type":"Feature","properties":{"navn":"Nordjylland","nuts3":"DK050"},"geometry":{"type":"MultiPolygon","coordinates":[[[[596029.93,6402307.6],[594911.74,6402134.49],[593714.18,6401675.39],[593047.2,6401262.41],[592708.98,6401139.17],[590729.08,6399742.94],[589259.9,6398249.12],[585712.58,6395182.22],[579579.56,6389463.47],[578821.37,6388829.97],[576943.4,6387694.49],[575215.87,6386481.49],[573563.42,6385905.12],[572932.57,6385505.24],[570915.01,6384716.81],[570322.25,6384344.49],[569258.68,6383998.57],[568253.06,6383814.96],[567060.74,6383479.78],[566538.81,6383484.1],[565655.17,6383643.33],[564476.76,6383547.37],[562891.89,6383779.02],[561619.16,6383495.02],[560029.15,6383450.01],[559361.19,6383851.38],[559237.7,6384139.45],[557437.41,6384334.94],[557381.82,6384309.53],[558324.69,6384152.91],[558649.94,6383970.1],[558537.58,6383961.79],[558825.58,6383754.45],[558726.1,6383643.95],[558362.12,6383966.55],[558155.71,6383938.33],[558366.9,6383686.54],[558301.36,6383613.08],[557924.94,6383947.5],[557859.15,6383961.25],[557933.76,6383897.77],[557862.19,6383865.38],[557755.87,6383973.38],[557778.36,6383783.96],[557544.59,6383972.79],[557679.5,6383735.66],[557440.04,6383911.05],[557545.69,6383757.57],[557443.68,6383736.76],[557340.18,6383897.0],[557312.38,6383795.22],[557239.89,6383823.53],[557172.54,6383684.0],[557027.28,6383631.65],[557297.07,6383961.31],[557551.54,6384040.64],[557315.26,6383969.98],[557277.52,6384136.42],[557354.82,6384050.81],[557404.41,6384063.6],[557199.8,6384221.62],[557167.92,6384490.72],[557138.02,6384524.53],[557127.43,6384329.55],[557245.16,6384091.12],[556712.44,6383453.62],[556383.52,6383239.79],[555872.36,6382650.59],[555326.61,6381354.0],[554435.75,6379787.4],[553718.37,6378231.82],[552870.04,6376660.9],[551850.09,6375223.5],[550303.46,6373393.84],[549870.54,6372909.25],[549437.0,6372603.94],[549127.14,6372152.96],[548200.08,6371378.63],[548068.9,6371135.73],[547832.88,6370943.88],[547861.36,6370890.75],[547678.94,6370778.12],[547168.02,6369459.41],[546464.16,6368054.55],[544280.24,6362477.31],[543070.64,6359919.37],[542459.59,6359113.44],[542325.09,6359013.26],[542203.65,6359128.45],[542315.0,6359006.25],[541178.6,6356503.72],[539295.87,6353294.06],[538772.15,6352192.24],[536195.34,6347978.46],[534194.89,6344908.01],[533220.03,6343514.86],[531983.88,6341956.96],[528122.78,6338887.97],[525602.82,6336709.72],[524023.28,6335620.92],[523109.28,6335187.92],[522030.88,6334858.45],[521225.35,6334740.93],[519996.45,6334716.78],[519180.32,6334576.53],[516806.64,6333510.12],[515530.29,6333281.45],[511116.55,6332785.75],[508935.67,6332839.78],[506418.63,6333284.18],[505474.15,6333542.59],[505139.8,6333782.65],[504030.09,6334160.26],[503022.85,6334688.92],[502573.52,6334743.36],[501661.29,6335089.46],[500340.49,6334674.29],[499115.49,6334926.73],[498486.29,6334928.15],[497527.51,6334436.21],[495991.2,6333108.93],[493952.78,6331700.41],[491863.62,6330510.35],[490192.68,6329787.01],[489105.58,6329423.17],[487266.4,6328887.32],[485037.62,6328387.95],[484365.42,6328427.34],[483832.42,6328604.99],[483466.76,6328827.09],[482791.48,6329034.41],[482396.84,6329299.75],[481708.46,6329525.57],[480579.05,6330143.6],[478796.89,6330749.31],[478253.46,6331020.58],[477440.3,6331154.28],[477370.3,6331287.0],[477060.41,6331445.28],[477045.9,6331821.98],[477044.23,6331513.88],[476331.1,6331200.64],[475968.52,6331615.05],[475890.49,6331668.62],[475763.17,6331663.97],[475548.07,6331534.61],[475448.34,6331582.21],[475341.22,6331568.87],[475601.54,6331478.78],[475564.18,6331524.05],[475850.26,6331653.5],[476052.21,6331488.94],[475399.65,6331085.03],[475779.89,6331301.96],[475960.73,6330996.62],[475889.88,6330952.57],[475732.0,6331215.37],[475852.65,6330953.57],[475796.9,6330881.07],[475663.51,6331175.02],[475609.1,6331142.21],[475759.18,6330888.62],[475688.58,6330846.87],[475560.71,6331113.25],[475444.86,6331046.14],[475561.73,6330693.53],[475226.42,6330456.38],[475164.5,6330558.74],[475333.05,6330726.94],[475388.87,6330685.15],[475340.26,6330773.18],[475417.3,6330818.8],[475403.88,6330870.88],[475331.48,6330812.42],[475222.65,6330942.25],[475364.1,6331208.62],[475304.31,6331126.95],[475177.0,6331383.77],[475149.29,6331603.46],[475272.22,6331736.41],[475185.71,6331731.07],[475112.87,6331585.21],[475125.68,6331260.81],[475229.28,6330831.12],[475085.39,6330726.31],[473015.81,6326850.57],[471780.68,6325010.76],[470298.57,6323180.66],[469610.62,6322544.48],[469122.17,6322368.44],[468639.1,6322375.34],[468308.3,6322508.93],[468109.51,6322393.47],[467667.85,6321847.47],[467082.76,6320605.64],[465602.59,6318053.6],[463794.37,6315283.31],[462849.64,6314008.7],[462311.84,6313436.32],[461791.75,6313091.16],[461441.56,6313050.07],[461117.94,6313389.97],[461242.63,6313189.4],[460474.38,6311534.84],[459001.89,6308893.4],[455464.77,6301510.76],[454679.86,6299502.75],[453821.05,6296634.65],[453557.2,6295907.31],[453400.29,6295830.19],[453428.68,6295718.72],[453212.37,6295113.5],[452792.17,6293253.46],[452865.69,6293176.45],[452764.77,6292513.39],[452833.71,6292410.15],[452816.99,6292007.58],[452706.5,6291384.77],[452734.09,6291078.59],[452668.82,6290993.26],[452686.22,6290420.73],[452598.14,6290248.93],[452647.72,6290055.71],[452543.57,6289508.0],[452605.23,6289291.49],[452477.09,6288378.58],[452521.45,6288207.51],[452443.22,6288008.28],[452499.57,6287898.94],[452462.82,6287505.54],[452291.42,6286830.3],[451774.27,6286695.12],[451839.28,6286654.07],[452556.46,6286898.18],[452806.16,6286709.53],[452910.57,6286390.87],[453032.35,6286401.56],[453142.42,6285720.58],[453262.47,6285770.42],[453395.59,6285562.99],[453368.63,6285258.25],[453440.87,6285155.11],[453325.43,6284835.59],[453474.08,6284744.13],[453354.68,6284387.65],[453488.64,6284329.7],[453647.72,6284400.71],[453539.72,6284464.29],[453656.32,6284743.46],[453646.31,6284954.12],[453728.49,6284989.75],[453822.57,6285252.57],[453713.57,6285859.16],[453668.42,6285960.25],[453530.33,6285969.63],[453596.37,6286049.19],[453802.78,6285977.79],[453938.12,6285684.84],[453854.45,6284989.06],[453733.38,6284674.34],[453763.48,6284397.41],[453651.7,6284433.76],[453764.93,6284290.19],[453933.75,6284315.95],[453825.05,6284428.75],[453903.52,6284466.97],[453956.98,6284369.99],[453927.12,6284503.44],[454056.03,6284680.52],[453930.24,6284832.86],[454091.61,6285219.52],[454061.13,6286094.61],[454091.64,6286544.49],[454196.09,6286722.78],[454153.92,6286947.61],[454338.39,6286975.75],[454358.07,6286789.01],[454484.23,6286729.71],[454393.35,6286996.3],[454153.25,6287049.69],[454131.16,6287296.84],[454368.63,6292615.64],[454511.44,6292967.69],[454591.58,6292904.33],[454491.89,6292659.97],[454620.03,6292815.28],[454736.34,6292806.91],[454766.64,6292706.09],[454820.31,6292782.88],[455047.79,6292712.71],[455175.78,6292587.84],[455170.57,6292378.69],[455260.48,6292482.74],[455221.18,6292295.2],[455557.2,6292264.69],[455636.92,6292016.69],[455657.84,6292128.43],[455742.86,6292137.95],[456172.71,6291863.33],[456741.35,6291249.21],[457131.88,6290660.94],[457356.4,6290120.13],[457305.36,6289279.99],[457471.48,6288017.27],[457843.18,6286626.9],[458171.83,6285920.72],[459224.46,6284867.32],[459460.27,6284369.51],[459604.6,6283794.17],[460108.96,6283281.73],[460375.09,6282742.69],[460458.81,6281756.7],[460487.37,6281652.06],[460655.45,6281552.65],[460598.17,6281560.38],[460649.87,6281540.76],[460754.87,6281544.46],[461026.86,6281609.84],[462450.44,6281302.63],[463218.89,6280864.62],[463478.78,6280856.44],[463555.71,6281449.56],[463213.36,6281501.96],[463206.46,6281755.48],[463391.0,6282100.32],[463135.79,6282304.76],[463479.05,6282257.96],[463811.38,6282390.45],[464350.55,6282138.08],[464556.39,6282291.62],[464564.44,6282525.62],[464783.0,6282465.44],[464890.04,6282661.87],[464777.54,6282780.34],[464835.79,6282988.65],[465152.97,6283187.73],[465560.44,6283229.41],[465982.16,6283427.9],[466313.37,6283808.36],[466448.18,6283841.41],[466736.37,6283785.26],[467549.02,6283337.19],[468167.61,6283197.88],[468792.0,6282287.62],[469082.14,6282291.1],[469864.84,6281911.14],[470231.34,6281860.74],[470082.96,6282334.41],[470161.18,6283004.53],[470955.71,6283862.41],[471074.68,6284164.44],[470866.18,6284235.64],[471061.8,6284198.25],[470988.01,6284340.43],[470788.11,6284365.03],[470713.15,6284259.63],[470123.92,6284098.81],[469981.78,6283980.05],[469940.63,6284222.23],[470270.74,6284693.99],[470392.69,6285136.23],[470616.67,6285205.75],[470590.31,6285348.3],[470306.35,6285702.83],[469562.78,6285617.71],[469384.16,6285696.22],[469555.11,6285787.28],[469729.98,6285709.77],[469811.86,6285885.53],[469772.63,6285730.79],[469832.79,6285952.77],[469252.32,6285725.05],[468746.45,6285920.97],[468395.44,6285943.29],[467662.27,6285630.9],[467498.62,6285840.46],[467607.37,6286110.55],[467709.61,6286047.59],[467840.77,6286085.11],[467688.73,6286131.24],[467699.9,6286251.73],[468205.45,6286820.29],[468353.58,6287366.16],[468340.49,6287659.58],[468536.8,6288228.89],[468516.53,6288395.81],[468629.62,6288584.96],[468691.65,6288569.61],[468633.3,6288662.23],[468796.7,6288925.99],[468713.17,6289183.96],[468738.33,6289408.01],[469028.05,6289863.05],[469378.67,6290049.28],[469420.18,6290209.28],[469162.41,6290753.15],[468728.16,6291126.93],[468083.97,6291927.05],[467630.42,6292751.85],[467556.54,6293238.0],[467705.25,6293383.57],[467754.82,6293631.81],[468060.55,6294133.58],[468332.28,6294235.01],[468289.44,6294267.29],[468438.11,6294524.11],[468660.11,6294778.13],[469219.96,6294979.92],[469434.0,6295146.19],[469415.64,6295222.36],[469726.99,6295419.71],[470092.93,6295489.91],[470727.58,6295988.7],[470954.19,6296010.96],[471580.04,6295869.27],[471653.72,6296298.1],[471436.21,6296607.2],[471390.08,6296873.03],[471527.72,6297131.76],[471697.45,6297165.69],[471807.57,6297082.27],[472088.51,6297206.11],[472696.77,6297270.94],[473173.94,6297152.88],[473547.93,6297150.93],[474028.57,6297281.07],[474637.32,6298235.02],[475100.23,6298762.46],[475405.12,6298974.94],[475802.56,6299592.2],[476207.75,6299856.51],[476178.65,6300165.33],[476252.14,6300372.96],[476605.87,6300769.39],[476692.51,6301097.9],[477101.38,6301574.5],[477227.45,6301919.69],[477621.48,6302357.58],[477176.48,6302622.15],[477070.28,6302766.53],[477036.02,6303083.78],[477300.57,6303530.71],[477503.59,6303701.21],[477397.68,6303943.16],[477441.17,6304304.92],[477402.49,6304383.73],[477352.17,6304353.8],[477324.25,6304426.82],[477406.82,6304394.17],[477392.85,6304455.91],[477179.57,6304736.37],[477149.22,6305004.7],[478053.57,6306270.01],[478037.51,6307435.29],[478160.11,6307793.94],[478670.03,6308351.47],[479423.57,6308939.97],[479380.53,6309540.92],[479144.72,6309970.47],[479151.77,6310443.35],[479347.99,6311009.68],[479567.73,6311401.27],[479682.69,6311421.28],[479580.75,6311499.67],[479616.56,6311649.32],[479924.46,6312088.47],[480096.88,6312168.3],[480405.86,6312131.07],[481050.26,6311933.68],[481309.96,6311965.9],[481482.31,6311843.71],[481602.36,6311866.24],[481598.83,6312027.5],[481662.13,6312047.66],[481467.3,6312035.71],[481464.28,6312121.05],[481337.73,6312116.1],[481378.87,6312185.04],[481550.51,6312163.0],[481545.24,6312282.81],[481396.75,6312320.72],[481615.39,6312384.82],[481577.5,6312327.23],[481794.51,6312169.33],[481700.12,6312051.55],[482036.04,6312007.03],[482011.81,6312181.29],[482202.72,6312172.19],[482922.82,6311845.63],[482945.68,6311772.51],[483045.94,6311685.44],[482956.94,6311772.46],[483005.05,6311849.04],[483131.79,6311861.55],[483109.21,6311683.76],[483142.21,6311855.29],[483541.41,6311893.61],[484280.47,6311539.69],[484852.15,6311365.44],[485210.48,6311359.41],[486105.25,6311620.64],[486941.58,6312079.87],[487062.94,6312317.62],[487129.6,6312753.61],[487341.7,6312964.35],[488311.2,6313491.37],[488890.51,6313657.47],[488936.07,6313735.34],[489232.37,6313679.72],[489497.35,6313792.15],[489540.34,6313715.41],[489622.52,6313804.42],[489544.61,6313888.53],[489628.06,6313890.13],[489793.68,6314122.73],[489892.99,6314127.42],[489906.92,6314049.69],[490130.78,6314246.51],[490219.01,6314242.48],[490207.73,6314179.87],[490297.66,6314276.89],[490407.93,6314209.73],[490679.51,6314415.86],[490778.06,6314630.59],[490639.13,6315136.51],[489940.82,6315714.25],[489598.81,6315870.37],[489386.59,6316262.94],[489361.85,6316474.56],[489423.2,6316396.73],[489399.27,6316524.04],[489712.81,6316698.67],[489785.97,6316624.02],[490116.66,6316709.28],[490112.36,6316539.86],[490287.2,6316489.02],[490427.41,6316560.85],[490511.41,6316851.22],[491037.83,6316947.6],[491064.15,6316868.08],[491154.56,6316899.21],[491231.01,6316693.48],[491094.25,6316539.97],[491174.92,6316457.37],[491123.96,6316368.94],[491270.78,6316400.5],[491292.6,6316293.08],[491540.74,6316575.3],[491611.15,6316797.16],[491785.59,6316857.03],[493330.93,6316404.34],[493396.97,6316303.38],[493353.64,6316246.18],[493647.71,6315770.4],[493535.33,6315735.59],[493379.77,6315443.45],[493072.24,6315315.44],[493225.18,6315186.02],[493197.47,6315104.26],[493297.12,6314977.67],[493251.28,6314869.8],[493445.17,6314585.87],[493632.61,6314443.72],[493812.83,6314531.16],[494091.14,6314473.62],[494231.1,6314770.1],[494519.07,6315026.38],[494647.06,6315234.67],[494386.59,6315184.29],[494495.06,6315059.95],[494401.6,6315106.26],[494081.03,6315033.25],[493957.32,6315045.86],[494003.61,6315074.4],[494147.33,6315060.71],[494335.0,6315118.45],[494110.87,6315097.06],[493802.1,6315194.12],[493926.15,6315203.45],[493803.97,6315267.77],[493716.1,6315404.42],[493793.74,6315332.5],[494145.37,6315317.56],[494338.48,6315451.73],[494403.7,6315435.77],[494310.23,6315372.35],[494356.27,6315334.23],[494597.27,6315306.25],[494492.96,6315356.9],[494583.4,6315335.86],[494535.12,6315379.35],[494589.67,6315404.33],[494774.29,6315237.71],[495002.99,6315189.94],[494878.85,6315237.9],[494930.72,6315339.43],[494862.88,6315390.34],[494637.59,6315403.62],[494593.06,6315607.2],[495001.94,6316307.37],[495091.65,6316770.52],[495285.83,6317195.82],[495536.41,6317505.14],[495949.24,6317824.77],[496410.22,6318023.07],[496593.29,6317854.78],[496625.94,6317942.27],[496561.34,6317899.63],[496508.64,6318063.91],[496605.78,6317959.26],[496602.47,6318091.52],[496921.52,6318154.24],[497366.43,6318087.66],[497949.84,6317788.17],[498058.2,6317881.13],[497998.8,6318030.55],[498390.45,6318424.4],[498720.48,6319027.81],[498965.91,6319280.09],[500076.12,6319745.63],[500707.5,6319807.33],[500857.41,6319907.79],[501247.89,6319963.19],[501699.35,6319822.48],[502019.91,6319473.95],[502057.85,6318946.47],[501941.6,6318725.98],[501989.17,6318360.7],[502186.84,6318322.84],[502063.88,6318173.93],[502228.43,6318329.75],[502630.17,6318288.23],[502906.08,6318690.66],[504072.48,6319680.94],[504888.59,6320247.68],[505116.6,6320544.99],[508193.38,6321933.04],[508210.79,6321740.96],[508452.51,6321723.57],[508832.5,6321430.54],[508994.26,6321089.11],[508939.38,6320934.33],[509030.15,6320922.76],[509231.75,6320558.18],[509422.25,6320415.42],[509410.16,6320566.47],[509174.19,6320723.27],[509145.73,6320898.67],[509174.21,6320938.36],[509371.13,6320711.29],[509532.81,6320238.15],[510084.94,6319868.12],[510035.46,6320015.8],[509771.84,6320113.99],[509715.97,6320146.37],[509570.43,6320272.48],[509763.05,6320132.03],[509865.33,6320155.61],[509977.38,6320150.39],[509813.94,6320393.49],[509959.32,6320308.27],[510008.48,6320488.67],[509755.35,6320752.23],[509780.53,6320776.46],[510045.24,6320521.42],[510044.3,6320294.79],[510157.24,6320065.83],[510475.88,6319770.32],[510551.7,6319818.05],[510680.01,6319750.64],[510797.85,6319352.09],[510925.55,6319225.54],[511099.1,6319190.97],[511356.87,6318834.38],[511788.84,6318495.1],[511954.56,6318233.22],[512701.59,6317472.74],[513348.02,6317056.66],[513926.78,6316470.42],[514292.36,6316414.48],[514179.97,6316583.11],[514334.34,6316428.97],[514523.63,6316392.03],[514678.93,6316472.88],[515487.48,6316498.96],[516201.82,6316776.48],[517168.37,6317397.42],[517547.43,6317442.47],[517391.1,6317503.26],[516898.77,6317351.79],[517215.93,6317526.87],[517542.52,6317601.13],[517687.93,6317341.82],[517997.8,6317881.59],[518228.02,6318089.75],[518270.8,6318280.71],[517780.13,6317918.9],[518204.31,6318340.3],[518156.28,6318400.62],[518749.9,6318797.22],[519815.11,6319225.16],[521454.16,6320082.09],[522273.08,6320189.05],[522809.0,6320080.77],[523023.89,6320177.48],[523168.19,6320349.53],[524120.02,6320737.83],[524432.09,6320542.93],[524301.48,6320749.75],[524453.87,6320554.45],[524363.82,6320808.43],[524420.94,6320918.69],[525146.92,6321320.97],[525744.64,6321541.89],[527404.48,6321917.35],[527580.69,6321830.23],[527621.75,6321533.59],[527640.68,6321511.51],[527605.44,6321779.59],[527679.09,6321787.01],[527657.48,6321628.27],[527676.35,6321520.49],[527829.39,6321988.27],[528856.1,6322241.64],[529614.28,6322598.84],[530177.71,6322157.53],[530814.66,6322481.24],[533059.02,6322500.22],[533553.53,6322434.91],[533848.77,6322241.14],[534290.58,6322290.96],[534809.9,6322089.48],[535199.43,6322176.04],[535444.66,6322434.75],[535456.27,6322515.63],[535428.93,6322425.59],[535181.5,6322319.85],[535210.4,6322680.82],[535397.31,6322967.09],[535876.71,6323194.24],[536311.9,6322970.98],[537116.04,6323081.68],[537770.77,6323954.42],[537935.46,6324474.64],[539480.74,6325496.8],[538948.36,6325159.78],[538816.02,6325311.99],[538664.81,6325346.42],[537843.61,6325215.11],[537620.7,6325304.78],[537145.85,6325940.59],[537711.69,6326421.78],[537759.28,6326531.13],[537659.4,6326628.51],[537761.97,6326684.86],[537771.92,6326560.4],[537923.12,6326650.77],[537867.01,6326826.44],[538012.05,6326891.98],[537978.32,6327000.07],[538056.89,6326988.03],[538034.79,6326829.24],[538182.93,6326831.12],[538370.69,6327079.6],[538639.0,6327218.86],[538691.85,6327401.04],[538872.97,6327464.39],[538924.21,6327417.94],[539387.02,6327786.51],[539673.33,6327896.9],[539699.32,6327974.3],[539833.09,6327970.14],[539780.04,6328076.23],[539878.81,6328051.63],[540501.24,6328300.37],[540387.82,6328164.53],[540537.92,6328160.25],[540750.74,6328379.15],[540918.41,6328282.75],[540998.74,6328390.76],[541026.28,6328307.27],[541047.12,6328391.57],[541204.86,6328450.48],[541085.63,6328235.52],[541015.25,6328281.99],[541051.71,6328205.0],[541279.16,6328376.12],[541471.9,6328292.74],[541480.43,6328410.37],[541567.47,6328292.21],[541664.32,6328443.22],[541716.98,6328096.82],[541354.32,6327925.1],[541404.35,6328035.42],[541327.33,6328058.25],[541198.39,6327884.16],[541218.63,6327779.04],[541127.4,6327754.88],[541149.61,6327611.48],[541075.34,6327621.22],[541080.25,6327523.07],[540975.98,6327567.76],[541006.89,6327498.8],[540924.3,6327538.73],[540824.22,6327441.26],[540917.23,6327313.14],[540822.57,6327261.95],[540781.52,6327086.03],[540601.04,6326977.98],[540462.55,6327010.51],[540522.1,6326938.46],[540428.61,6326808.34],[540136.64,6326771.0],[540360.56,6326861.41],[539951.52,6326850.65],[539805.91,6326959.25],[539578.57,6326870.18],[539337.36,6326363.47],[539558.31,6325604.97],[539491.69,6325505.04],[539593.3,6325569.45],[539680.66,6325519.67],[540100.05,6325845.12],[540393.74,6325876.43],[540612.76,6325659.15],[540837.58,6325702.93],[541295.08,6325391.14],[541626.07,6325288.35],[542366.57,6324667.86],[542401.83,6324527.91],[542444.48,6324479.68],[542538.32,6324440.46],[542428.63,6324580.68],[542583.61,6324567.04],[542549.99,6324470.72],[542771.1,6324643.16],[542912.52,6324614.73],[543114.13,6324735.72],[543820.6,6324674.02],[544140.52,6324719.27],[545288.79,6325048.6],[545896.45,6325492.42],[546085.14,6325748.08],[546454.79,6326403.33],[546618.19,6326952.31],[546526.79,6326662.83],[546187.54,6326322.22],[546200.78,6326380.23],[546730.78,6327210.76],[546914.59,6327753.47],[547042.51,6327919.2],[547024.79,6328111.37],[547535.66,6328236.54],[547743.79,6328058.7],[547928.85,6328269.78],[547930.2,6328400.95],[547495.09,6328655.97],[547373.13,6328665.31],[547243.1,6328522.87],[547204.6,6328717.63],[547322.26,6328891.01],[547260.05,6329039.35],[547090.79,6329093.37],[547099.24,6329414.55],[547347.18,6329340.38],[547152.53,6329564.01],[547331.36,6329510.96],[547469.76,6329594.56],[547605.93,6329468.89],[547907.18,6329411.17],[548241.72,6329128.05],[548390.54,6329121.08],[548634.85,6328932.53],[549133.63,6328741.19],[549532.43,6328387.26],[549859.22,6328341.03],[550000.49,6328149.94],[549921.91,6328095.22],[550426.12,6327856.76],[550762.31,6327848.76],[551288.89,6327180.45],[551263.84,6327073.68],[551502.87,6327047.04],[552304.1,6326301.45],[552498.06,6326247.4],[552890.36,6325847.07],[552728.71,6325704.24],[553348.09,6325235.99],[554382.84,6324765.78],[554702.44,6324819.37],[554773.32,6324718.83],[554890.64,6324648.71],[554767.42,6324774.15],[554911.43,6324786.48],[555103.95,6324650.84],[555173.03,6324481.71],[556080.58,6323880.89],[556040.05,6323978.54],[556746.01,6323739.16],[557110.34,6323842.99],[557864.38,6324289.97],[557970.02,6324231.64],[557868.37,6324352.74],[558002.41,6324305.37],[557923.52,6324453.77],[558086.9,6324918.96],[558165.05,6325560.53],[557981.37,6325564.56],[557933.71,6325653.4],[558001.52,6325769.84],[558156.52,6325804.65],[558124.24,6325624.4],[558183.83,6325572.79],[558336.3,6325930.4],[558485.11,6326119.41],[558501.59,6326181.07],[558354.17,6326035.84],[558211.21,6326160.81],[558173.83,6326096.35],[558204.06,6326163.24],[558504.52,6326205.63],[558586.26,6326432.8],[559168.69,6327005.31],[560074.98,6327603.82],[560544.7,6327657.34],[560632.08,6327773.15],[560813.24,6327814.93],[561395.36,6327729.11],[561633.25,6327570.17],[561667.79,6327374.93],[562408.31,6326817.41],[562828.03,6326225.52],[562962.25,6326326.01],[562826.39,6326113.03],[563017.93,6325825.58],[563177.9,6325756.83],[563325.45,6325802.69],[563580.13,6325496.98],[564826.4,6324595.52],[565329.98,6324091.82],[565860.74,6323922.13],[566001.82,6323803.33],[566379.63,6323865.56],[566515.88,6323708.31],[566518.36,6323579.86],[566845.93,6323421.64],[566945.23,6323231.96],[567307.97,6323148.65],[567413.02,6322909.9],[567758.7,6322596.87],[568268.6,6322318.22],[569099.17,6321366.06],[569501.96,6321146.92],[569696.89,6320790.03],[570464.09,6320266.67],[571217.15,6319574.27],[571788.86,6318725.22],[573154.9,6317624.13],[574268.88,6316906.82],[575356.09,6316583.28],[576088.86,6316637.62],[576409.88,6316551.13],[576786.49,6316739.06],[577295.76,6317140.92],[578317.72,6317409.07],[578660.53,6317397.41],[578951.4,6317483.39],[579209.44,6317377.85],[579288.96,6317217.95],[579245.03,6317107.66],[579435.97,6317031.2],[579358.49,6317074.5],[579396.27,6317230.49],[579542.06,6317195.47],[579464.07,6317040.62],[579621.93,6316974.67],[579588.94,6317017.06],[579625.39,6317154.67],[579704.39,6317137.47],[579618.43,6317055.96],[579683.72,6317038.46],[579772.81,6317227.9],[579937.94,6317274.38],[580472.77,6317145.16],[580848.34,6316912.59],[580974.54,6316954.35],[581168.56,6317191.59],[581932.96,6318983.98],[582066.0,6319123.28],[582037.84,6319215.56],[582643.18,6321034.62],[582615.63,6321120.98],[583378.55,6323332.36],[583434.76,6323783.93],[583223.88,6323323.5],[583300.17,6323859.12],[583362.92,6323988.51],[583539.07,6324022.11],[583777.73,6324454.99],[583827.01,6324456.6],[583907.55,6324501.42],[583663.79,6324495.93],[583571.88,6324337.23],[583475.98,6324361.92],[583490.57,6324524.68],[583907.32,6324519.0],[583774.38,6324548.87],[583735.45,6324657.97],[583881.02,6325551.46],[583840.52,6325658.61],[583656.96,6324734.5],[583500.09,6324743.9],[583922.83,6326656.13],[584052.29,6327640.09],[584144.41,6327733.79],[584184.28,6328208.76],[584573.5,6329673.69],[584793.42,6330855.97],[585149.92,6330810.13],[584823.8,6330908.52],[584790.31,6331307.13],[584901.21,6331374.84],[584936.4,6331726.11],[585113.04,6331774.29],[585104.29,6331996.65],[585197.69,6332083.63],[585334.19,6332532.36],[585569.93,6333529.92],[585654.52,6333563.9],[585686.15,6333912.14],[585852.08,6333931.28],[585750.74,6334012.3],[585796.13,6334244.77],[585976.41,6334403.06],[586059.97,6334335.48],[585949.63,6333967.53],[585854.82,6333920.26],[585963.56,6333890.69],[586164.56,6333953.73],[586466.89,6334291.56],[586300.45,6334228.37],[586374.59,6334275.0],[586292.46,6334336.53],[586366.96,6334295.24],[586386.46,6334323.54],[586260.02,6334382.12],[586299.29,6334471.35],[586404.01,6334425.71],[586393.64,6334330.68],[586450.33,6334306.71],[586401.06,6334477.65],[586302.56,6334553.69],[586132.69,6334481.81],[586010.61,6334590.3],[586144.93,6334994.78],[586245.51,6334989.39],[586169.61,6335006.87],[586181.9,6335080.51],[586282.72,6335083.51],[586237.1,6335182.68],[586322.37,6335184.76],[586304.74,6335364.74],[586532.05,6335902.12],[587173.71,6337204.08],[587323.1,6337318.92],[587415.42,6337626.24],[588008.28,6338457.87],[588368.24,6338803.02],[588348.68,6338899.8],[588736.58,6339507.95],[589117.36,6339893.16],[589303.02,6340237.21],[589381.25,6340218.82],[590153.27,6341057.98],[590367.9,6340911.3],[590535.79,6340986.3],[590982.2,6340629.43],[591019.01,6340678.27],[590896.98,6340828.41],[590428.4,6341153.58],[590314.83,6341148.8],[590255.56,6341197.98],[590332.4,6341156.17],[590622.34,6341458.09],[590801.09,6341416.56],[590803.08,6341531.41],[590966.52,6341642.03],[591191.47,6341726.35],[591355.41,6341664.27],[591568.35,6341989.11],[592268.39,6342476.63],[592784.14,6343229.77],[593004.54,6343428.93],[592978.07,6343592.44],[593082.82,6343894.21],[593142.82,6343946.86],[593215.74,6343929.52],[593180.34,6343761.91],[593070.6,6343588.81],[593017.8,6343646.58],[593017.32,6343603.62],[593008.59,6343583.0],[593011.7,6343559.93],[593006.24,6343541.62],[593330.48,6343680.34],[593265.34,6343603.66],[593241.14,6343092.73],[593345.89,6343357.31],[593534.71,6346210.27],[593459.09,6347305.24],[593114.89,6349444.43],[592183.88,6353309.35],[591968.46,6354521.78],[592063.35,6355045.29],[592481.9,6355424.17],[592493.93,6355478.37],[592387.66,6355385.65],[592064.78,6355590.37],[592175.16,6355658.02],[592387.38,6355436.28],[592367.23,6355526.09],[592483.47,6355514.8],[591997.67,6355791.83],[591601.23,6356844.03],[591169.11,6359635.86],[591105.28,6361506.0],[591450.45,6363254.24],[591607.87,6363562.32],[591577.9,6363968.18],[591675.88,6364159.36],[591573.02,6364439.47],[591652.37,6364626.26],[591775.2,6364701.93],[591863.11,6365135.4],[591781.54,6365135.05],[591881.05,6365147.59],[591752.16,6365206.83],[591754.66,6365621.44],[591933.76,6365681.16],[592112.5,6365863.35],[591924.06,6365691.85],[591788.83,6365672.7],[591753.03,6365917.2],[592039.8,6365864.95],[592097.72,6365953.46],[592005.12,6365876.89],[591644.29,6365958.92],[591692.2,6366183.04],[591790.93,6366363.92],[592532.07,6366272.91],[593149.57,6366595.58],[593013.91,6366552.53],[592891.87,6366638.7],[592968.11,6366545.26],[592545.51,6366318.46],[592247.17,6366358.79],[592348.83,6366432.55],[592167.03,6366458.56],[592176.19,6366527.25],[592478.61,6366491.07],[592180.32,6366557.0],[592198.46,6366690.76],[592593.8,6366637.48],[592859.87,6366748.35],[592683.09,6366698.08],[592821.66,6366835.54],[592473.67,6366857.04],[592386.38,6366933.76],[592412.71,6367192.32],[592623.35,6366971.22],[592527.69,6367106.54],[592655.04,6366988.97],[592737.3,6367036.16],[592600.9,6367210.69],[592775.05,6367072.22],[592558.46,6367297.15],[592613.65,6367375.13],[592762.83,6367221.2],[592860.32,6367300.19],[593045.03,6367108.56],[592904.9,6366938.73],[593133.71,6366974.87],[593250.36,6367145.63],[593263.07,6367257.3],[593226.87,6367152.37],[593193.7,6367226.51],[593108.71,6367190.84],[593237.08,6367366.45],[593185.36,6367422.99],[593053.52,6367298.63],[592977.7,6367377.04],[593095.12,6367492.15],[592968.33,6367587.2],[592872.64,6367497.54],[592805.09,6367568.15],[592873.4,6367637.45],[592753.31,6367640.37],[592789.05,6367780.27],[592919.47,6367679.47],[592835.13,6367769.64],[592926.99,6367859.89],[593367.39,6367402.65],[593337.62,6367357.41],[593353.12,6367205.49],[593385.58,6367376.79],[593665.88,6367094.07],[593689.96,6366379.0],[593932.09,6366510.84],[593779.76,6367550.52],[594018.9,6367946.55],[593418.21,6368565.02],[593273.65,6368570.0],[593068.57,6368423.27],[592770.62,6368605.28],[592793.63,6368701.05],[592633.72,6368877.18],[592635.79,6369064.02],[592425.66,6369563.93],[592530.58,6369686.65],[592394.24,6369838.01],[592350.53,6370151.79],[592449.0,6370215.95],[592504.43,6370267.93],[592270.78,6370167.76],[592321.44,6370062.51],[592190.56,6369970.78],[592112.34,6370076.45],[592243.9,6370156.65],[592118.98,6370094.27],[592071.11,6370171.07],[592500.28,6370323.45],[592316.1,6370259.65],[592223.81,6370458.71],[591736.87,6370738.29],[591576.47,6371125.5],[590180.29,6372677.63],[590137.94,6372867.37],[590508.98,6373106.72],[590424.09,6373254.45],[590476.73,6373394.81],[590337.05,6373354.26],[590407.29,6373342.76],[590412.83,6373240.25],[590244.27,6373127.99],[590189.36,6373210.99],[590298.22,6373283.84],[590291.72,6373415.95],[590194.19,6373318.1],[590163.71,6373379.03],[590174.45,6373231.38],[590107.19,6373188.0],[590010.49,6373415.58],[590163.78,6373435.68],[590146.54,6373517.15],[589957.02,6373616.8],[590023.39,6373675.65],[590207.31,6373459.67],[590402.41,6373524.15],[590479.14,6373457.72],[590485.24,6373468.11],[590407.71,6373539.79],[590240.67,6373483.46],[590030.35,6373705.62],[589969.17,6373654.21],[589852.52,6373742.34],[589210.89,6374515.38],[589200.91,6374725.48],[589130.16,6374666.6],[588961.28,6374769.64],[587995.83,6375912.27],[586942.35,6377596.9],[586916.54,6377519.88],[586726.33,6377736.17],[586599.33,6377720.74],[586530.72,6377789.1],[586680.55,6377748.86],[586697.56,6377882.59],[585864.7,6379859.25],[585445.88,6381430.89],[585273.37,6382647.49],[585268.85,6383431.98],[585359.21,6384131.93],[585476.84,6384157.04],[585518.7,6384187.83],[585355.18,6384161.66],[585339.85,6384275.93],[585375.34,6384195.11],[585403.04,6384265.55],[585531.76,6384217.14],[585400.57,6384271.22],[585391.7,6384400.82],[585599.6,6385482.81],[586095.7,6387031.67],[586492.48,6387979.17],[587599.3,6390012.64],[589179.05,6392557.16],[590092.25,6393875.66],[592326.12,6396617.79],[593220.14,6397533.98],[593372.18,6397653.16],[593462.18,6397626.99],[593875.17,6398046.4],[594030.65,6398060.19],[594065.24,6397932.8],[594451.94,6397693.73],[595122.31,6397652.66],[595706.69,6397732.42],[595311.5,6397782.59],[595149.68,6397671.59],[594419.31,6397725.23],[594325.59,6397834.14],[594881.56,6397979.34],[594740.58,6398104.8],[594826.45,6398167.52],[594659.49,6398168.29],[594690.0,6398118.53],[594551.83,6398070.11],[594482.18,6398154.92],[594772.46,6398212.17],[594820.91,6398419.87],[594524.43,6398278.77],[594353.84,6398085.5],[594194.3,6398152.17],[594284.2,6398268.49],[594401.13,6398209.07],[594467.48,6398287.84],[594331.35,6398276.8],[594462.77,6398311.87],[594410.98,6398356.0],[594469.17,6398399.87],[594560.52,6398353.38],[594487.75,6398414.03],[594545.23,6398457.78],[594636.52,6398411.11],[594554.33,6398478.57],[594624.28,6398561.61],[594743.0,6398472.86],[594698.64,6398584.25],[594976.53,6398772.47],[595016.14,6398678.86],[594803.07,6398544.83],[594929.03,6398377.74],[594878.43,6398206.32],[595061.82,6398267.42],[595009.8,6398453.11],[595111.23,6398546.16],[595222.42,6398430.16],[595400.61,6398632.47],[595226.89,6398845.79],[595351.35,6398930.03],[595603.39,6398614.29],[595135.73,6398202.74],[595384.06,6397989.7],[595385.03,6398081.44],[595867.59,6398522.1],[595601.4,6398900.86],[595817.58,6399275.14],[596206.81,6399693.26],[597536.99,6400789.89],[597599.72,6400961.15],[598154.34,6401409.43],[598336.07,6401700.07],[598340.26,6401777.38],[598229.85,6401720.4],[596747.26,6402251.87],[596029.93,6402307.6]],[[516709.748,6320607.987],[516709.75,6320607.99],[516703.971,6320559.343],[516709.748,6320607.987]],[[516640.976,6320334.419],[516661.16,6320365.669],[516597.942,6320260.553],[516640.976,6320334.419]],[[516675.477,6320169.572],[516663.89,6320192.89],[516745.91,6319996.231],[516675.477,6320169.572]],[[516745.91,6319996.231],[516769.14,6319916.09],[516833.14,6319731.83],[516769.138,6319916.086],[516745.91,6319996.231]],[[517963.09,6318402.626],[517746.48,6318342.3],[517963.09,6318402.63],[518046.178,6318330.371],[517963.09,6318402.626]],[[518046.178,6318330.371],[518046.18,6318330.37],[517968.37,6318287.91],[518046.178,6318330.371]]],[[[561007.88,6326611.12],[560391.44,6326492.36],[559961.61,6326199.28],[559352.51,6325493.7],[559096.91,6325441.74],[558780.32,6324639.03],[558129.68,6323898.58],[558171.52,6323684.24],[558088.83,6323639.16],[558026.63,6323870.61],[557372.26,6323327.8],[557172.41,6323282.5],[557169.25,6323072.55],[556990.07,6323081.52],[556969.75,6323170.38],[557119.56,6323209.62],[557104.62,6323270.19],[556491.92,6323205.16],[555992.93,6323428.11],[555510.19,6323800.98],[555422.48,6323690.43],[555502.51,6323821.42],[554996.75,6324174.2],[554980.74,6324150.87],[554846.78,6324215.98],[554720.13,6324230.68],[554842.34,6324211.18],[554836.19,6324102.26],[554605.74,6324121.6],[554702.87,6324252.23],[554537.16,6324264.59],[554427.46,6324172.23],[554492.03,6324122.55],[554202.13,6324173.12],[554240.31,6324357.96],[554491.89,6324353.17],[554214.4,6324386.36],[553364.47,6324246.88],[553322.79,6324008.15],[553020.61,6323918.56],[552974.2,6323839.99],[552889.3,6323749.81],[552878.3,6323748.13],[552805.7,6323837.89],[552894.39,6323762.66],[552854.2,6323874.3],[553026.74,6324018.31],[553027.74,6324052.57],[552683.14,6323791.51],[552633.19,6323640.62],[552441.7,6323571.02],[552400.35,6323420.61],[551939.23,6322895.08],[551515.49,6322601.05],[551216.6,6322506.35],[550621.08,6322652.01],[549958.24,6322671.24],[549699.29,6322753.25],[549083.72,6323152.04],[547484.6,6323372.14],[547195.15,6323503.64],[546388.1,6323278.33],[545074.43,6322694.95],[543525.03,6322468.26],[543232.84,6322327.53],[542391.62,6322163.87],[541820.86,6321881.4],[541212.06,6321420.98],[540785.13,6320708.54],[540680.98,6320248.64],[540829.12,6319457.37],[540750.52,6318802.45],[540591.03,6318736.37],[540453.12,6318433.9],[539837.88,6317593.55],[539571.66,6317378.89],[539431.33,6317019.07],[538934.1,6316340.87],[538663.02,6316127.91],[538788.64,6316314.32],[538536.99,6316362.7],[538440.15,6316317.65],[538370.15,6316248.95],[538475.79,6316323.78],[538606.71,6316194.38],[538429.36,6316047.94],[538381.94,6316084.35],[538339.76,6315931.8],[538353.2,6316207.47],[538270.28,6315980.8],[538295.43,6315607.4],[538108.27,6315402.15],[538061.45,6315089.77],[537590.92,6314056.62],[537238.11,6313790.94],[537013.22,6313764.21],[536859.6,6313607.09],[536357.26,6313476.71],[536071.91,6313607.0],[535519.74,6313259.93],[535312.41,6313202.1],[535102.75,6313254.32],[535206.77,6313176.37],[535123.46,6313146.67],[535121.01,6312976.59],[534960.63,6312916.83],[534948.06,6312840.39],[535146.75,6312314.25],[535132.39,6311865.94],[535023.05,6311675.83],[534894.11,6311005.53],[534805.18,6310019.31],[534845.77,6309562.73],[534761.34,6309308.5],[534604.65,6309341.14],[534555.47,6309226.78],[534055.99,6309937.7],[534095.04,6310151.49],[534001.76,6310176.76],[533851.34,6310407.95],[533703.83,6310348.97],[533589.18,6310464.08],[533648.13,6310547.25],[533449.53,6310870.38],[533427.08,6311207.69],[533127.16,6311665.22],[533032.19,6311996.67],[532929.74,6311947.08],[532870.15,6312128.24],[532731.74,6312191.59],[532682.33,6312570.48],[532724.56,6312661.88],[532897.51,6312698.35],[532930.53,6312880.22],[533168.84,6313217.5],[533155.9,6313344.04],[533481.83,6313721.86],[533721.74,6313723.16],[533867.13,6313610.01],[534004.38,6313062.74],[534149.99,6312957.96],[534367.39,6312544.49],[534563.36,6312938.63],[534806.35,6313094.36],[534698.64,6313349.23],[534755.57,6313388.59],[535056.67,6313249.72],[534555.04,6313664.73],[534434.0,6313960.34],[534461.83,6314096.34],[534350.26,6314234.17],[534501.53,6314665.78],[534521.32,6315021.03],[534739.0,6315456.77],[534937.6,6315682.1],[535270.31,6315810.42],[535463.34,6316188.86],[534246.59,6317253.7],[533721.88,6317597.65],[533079.97,6317819.78],[531136.83,6318901.64],[530406.33,6319149.74],[529961.71,6319236.64],[529836.32,6319191.48],[529704.74,6319264.31],[528187.17,6319169.39],[527811.84,6319246.93],[526824.09,6319236.32],[525895.14,6319382.95],[525447.37,6319310.8],[523980.18,6318812.35],[523088.92,6318599.83],[521353.99,6318312.11],[520232.63,6317692.19],[519899.47,6317716.41],[519883.64,6317656.01],[519260.72,6317492.22],[518990.56,6317306.79],[518335.99,6317122.86],[518056.13,6317173.03],[517945.1,6317291.39],[517967.5,6317182.3],[517818.68,6317149.96],[517595.83,6316797.51],[517631.43,6316694.7],[517547.84,6316725.47],[517491.67,6316619.67],[517420.9,6315943.09],[517357.63,6315942.4],[517188.2,6315368.35],[517260.15,6315225.14],[517226.54,6314900.75],[516800.34,6314317.47],[515864.23,6314213.77],[515141.35,6313961.79],[515022.25,6313851.72],[515062.74,6313923.39],[514991.17,6313895.24],[514805.17,6313671.69],[514942.06,6313869.3],[514923.17,6313927.19],[514803.38,6313753.73],[514704.94,6313762.99],[514723.62,6313695.39],[514426.21,6313247.04],[513962.5,6311900.65],[513610.43,6311737.33],[513399.54,6311190.75],[513066.82,6310807.71],[512050.0,6310271.32],[512075.64,6310000.0],[511936.3,6309488.25],[511498.9,6308959.73],[511084.51,6308658.08],[510921.54,6308439.17],[510360.31,6306179.89],[510072.74,6305468.96],[509962.12,6305410.01],[510073.54,6305433.32],[510065.53,6305370.37],[510171.69,6305453.45],[510203.75,6305354.33],[510119.84,6305290.86],[509993.02,6305370.75],[510134.25,6304741.49],[510913.95,6304294.4],[511289.47,6303877.48],[512185.04,6303336.85],[512521.71,6302678.09],[512711.08,6302480.81],[512889.2,6301675.43],[512890.49,6300740.41],[512681.76,6299773.6],[512556.58,6299540.51],[512309.89,6299346.55],[512130.65,6298702.46],[512060.24,6298591.82],[511947.95,6298602.4],[512044.97,6298570.87],[512021.09,6298491.21],[511522.39,6297559.44],[510725.84,6296458.25],[510383.29,6296191.48],[510287.54,6295829.61],[510356.98,6295732.11],[510580.92,6295746.62],[510680.59,6295632.1],[510899.03,6294817.01],[511467.76,6293729.95],[511526.38,6292966.49],[511286.24,6291590.12],[511459.37,6291287.7],[511320.56,6291333.12],[511387.32,6291238.89],[511874.78,6291521.66],[512044.18,6291495.98],[512152.99,6291563.11],[512604.28,6291410.92],[512885.27,6291226.21],[513138.89,6291229.11],[513939.42,6290876.02],[514167.84,6290853.71],[514531.33,6290570.98],[514667.13,6290352.24],[514834.09,6289831.52],[514891.26,6289290.18],[514859.29,6288640.78],[514719.44,6287944.92],[514466.94,6287344.57],[514028.57,6286793.76],[514070.26,6286665.17],[513938.87,6286568.98],[513908.98,6286331.35],[513616.21,6285851.62],[513058.9,6285185.44],[512712.48,6285089.94],[512439.18,6284690.46],[512301.03,6284712.28],[512443.38,6284674.85],[512453.14,6284603.07],[512303.84,6284470.26],[512244.69,6284539.94],[512300.68,6284678.81],[512229.98,6284530.53],[512295.35,6284429.39],[512170.85,6284232.37],[512032.32,6284153.84],[511905.11,6284185.77],[511797.44,6284171.16],[511929.58,6284130.41],[511816.66,6284049.99],[511728.34,6284050.61],[511728.13,6284133.37],[511622.72,6283922.94],[511153.61,6283451.54],[511036.63,6283016.25],[510728.96,6282549.82],[510159.49,6282147.0],[509952.52,6282155.13],[509842.14,6282066.11],[509798.15,6281538.87],[509982.48,6280937.52],[510788.96,6280161.22],[511064.06,6280152.19],[511644.31,6280756.44],[511730.58,6280946.91],[512084.93,6281152.86],[512199.96,6281314.44],[513151.35,6281624.56],[513342.82,6281847.21],[513694.31,6281961.02],[513910.44,6282351.11],[514229.23,6282677.83],[514550.88,6282785.02],[515096.57,6282741.23],[515415.83,6282827.39],[515522.47,6282981.24],[515745.59,6283029.51],[516190.66,6283526.4],[517070.01,6283890.63],[517818.46,6283873.42],[518251.58,6283655.26],[518788.24,6283166.15],[518836.65,6282930.87],[518952.47,6282812.04],[518906.82,6282714.35],[519069.93,6282547.32],[519067.22,6282430.34],[519172.32,6282380.86],[519185.24,6282103.26],[519584.64,6280939.76],[519696.43,6280996.41],[519785.68,6280657.99],[520282.83,6280482.97],[520527.55,6280796.28],[520650.54,6280816.95],[520648.84,6280663.56],[521167.75,6280713.13],[521433.42,6280889.12],[521647.58,6280877.4],[521924.82,6280601.87],[522252.18,6279948.96],[522445.49,6279880.27],[522428.83,6279973.91],[522625.7,6280082.5],[524261.71,6280205.4],[523959.95,6279610.68],[524203.51,6278881.19],[524389.91,6278697.19],[524926.74,6278562.24],[525983.32,6278095.49],[525688.63,6277543.47],[527069.66,6277147.34],[527774.67,6277138.04],[527933.51,6277061.14],[527860.69,6277195.25],[528027.64,6277347.24],[528003.38,6277508.78],[527907.32,6277588.92],[528049.94,6277690.46],[527937.3,6277837.92],[527953.78,6278236.15],[528065.77,6278348.52],[528030.28,6278479.8],[528133.69,6278425.61],[528257.73,6278525.15],[528142.56,6278644.49],[528288.59,6278712.13],[528323.72,6279076.24],[528555.87,6279244.7],[528435.34,6279448.93],[528504.93,6279609.33],[528413.82,6279703.43],[528443.59,6279911.65],[528587.77,6280012.76],[528648.46,6280241.46],[528810.44,6280225.0],[528934.8,6280439.58],[529119.59,6280489.21],[529200.53,6280765.06],[529081.09,6280845.07],[529280.78,6281038.01],[529239.72,6281270.17],[529517.59,6281247.16],[529511.44,6281418.67],[530171.38,6281346.37],[530193.19,6281503.84],[530279.39,6281498.18],[530353.9,6282140.05],[530828.38,6282102.82],[530826.14,6281970.74],[530928.3,6281960.81],[530959.94,6282241.06],[531607.12,6282152.83],[531637.62,6281902.42],[532032.88,6281887.74],[532208.84,6281995.51],[532187.62,6281805.94],[532291.34,6281761.95],[532308.15,6281869.12],[532412.82,6281823.78],[532059.91,6281041.07],[531984.86,6280664.8],[532145.97,6280861.07],[532168.34,6280754.03],[532297.82,6280726.36],[532666.19,6280903.64],[532746.28,6280410.22],[532992.92,6280464.75],[533011.66,6280147.19],[533195.23,6280052.83],[532958.69,6279784.68],[532755.16,6279727.83],[532808.28,6279498.32],[532584.9,6279247.68],[532400.55,6279290.44],[532353.29,6279201.64],[532576.17,6278654.82],[532892.66,6278995.01],[533035.25,6278906.0],[532968.93,6278622.12],[534854.8,6278395.4],[534991.78,6277926.56],[534836.9,6277742.58],[535065.65,6277464.84],[534607.9,6276908.6],[534959.69,6276827.94],[534948.87,6276766.32],[535407.03,6276535.74],[535521.68,6276561.94],[536634.13,6276236.62],[538376.19,6276589.83],[539221.36,6276594.06],[539579.37,6276590.23],[541146.5,6276226.14],[541500.67,6275411.3],[541525.57,6274736.46],[541394.01,6274542.77],[540852.92,6274543.78],[540769.93,6274379.7],[540128.24,6274268.3],[539942.87,6274066.66],[539568.03,6273978.92],[539713.8,6273491.15],[539479.49,6272000.0],[539182.06,6271830.05],[539052.07,6271493.58],[539400.94,6270881.8],[539539.14,6270807.69],[539794.51,6270990.46],[539923.03,6270906.15],[540213.64,6270907.39],[540266.12,6271106.4],[540387.92,6271143.07],[540472.49,6271357.54],[540650.02,6271288.28],[540821.57,6271499.21],[540878.71,6271409.52],[541007.04,6271409.55],[541267.21,6271680.87],[541378.75,6271652.91],[541597.98,6271964.2],[541878.51,6271979.41],[542103.77,6271709.33],[542271.07,6271729.29],[542377.61,6271652.48],[542674.69,6271723.33],[542717.47,6271813.04],[542609.87,6271852.62],[542640.69,6271972.99],[542747.35,6271956.71],[542818.28,6271830.48],[543181.94,6271915.45],[543396.26,6271725.99],[543635.87,6271671.46],[543979.17,6271258.5],[543973.01,6271083.99],[544377.57,6271003.13],[544391.66,6270888.81],[544631.64,6270745.18],[544655.32,6270397.13],[544774.82,6270346.17],[544941.35,6269877.27],[545412.87,6269573.41],[545866.69,6269117.65],[546162.57,6268398.82],[546148.05,6268146.43],[547123.05,6268224.42],[547222.15,6268359.87],[547376.67,6268345.25],[547529.44,6268456.51],[547930.22,6268530.97],[548060.5,6268616.0],[548084.96,6268748.05],[548169.65,6268703.78],[548327.98,6268782.97],[548471.69,6268694.04],[548773.91,6268895.26],[548986.21,6268798.18],[549298.77,6268837.76],[549440.8,6268750.09],[549613.94,6268878.07],[549750.71,6268874.33],[550082.69,6268670.68],[550227.15,6268403.38],[550626.19,6268393.53],[550661.82,6268243.31],[550983.47,6267981.14],[550992.62,6267871.68],[551200.64,6267654.48],[551484.62,6267958.96],[551695.97,6267946.7],[551996.39,6268225.37],[552181.99,6268149.51],[552389.85,6268256.07],[552626.01,6268130.22],[553024.55,6268254.64],[553240.47,6268140.47],[554019.52,6268266.63],[554156.61,6268475.23],[553906.74,6269388.79],[554586.9,6270345.88],[555074.29,6270115.12],[555300.06,6270088.06],[555946.76,6270556.18],[556480.93,6270628.23],[556613.13,6270579.94],[558286.1,6271157.13],[558853.1,6272332.87],[558907.96,6272903.69],[559187.04,6272884.89],[559472.44,6272751.69],[559670.57,6272804.42],[560055.84,6272418.9],[560185.18,6272383.73],[561513.81,6272613.84],[561948.77,6272840.27],[561965.73,6273062.43],[562678.84,6273191.48],[562989.14,6273409.92],[563251.32,6273342.24],[564011.12,6273536.17],[564642.06,6273800.69],[564870.32,6274144.68],[565046.65,6274260.04],[565261.5,6274281.37],[566029.15,6274837.53],[567081.74,6275824.44],[567513.04,6275854.26],[567606.9,6276036.75],[567795.81,6275895.72],[568318.38,6276159.86],[568466.08,6276054.97],[568498.47,6276534.7],[568679.62,6276749.65],[568776.46,6277214.52],[568981.61,6277506.7],[568650.47,6277772.64],[568613.77,6277972.24],[568902.71,6278622.56],[569070.82,6278721.56],[569500.96,6278752.67],[569601.76,6278849.43],[569970.62,6278560.62],[570678.79,6279120.85],[571042.57,6279258.6],[570956.69,6279384.02],[570940.19,6279907.47],[570848.87,6280187.08],[570915.91,6280314.89],[570956.86,6280238.93],[571329.66,6280304.51],[571317.08,6280506.61],[571185.23,6280495.91],[571168.68,6280668.68],[571501.72,6280698.24],[571476.03,6281376.83],[572078.51,6281557.07],[572303.64,6281533.97],[573325.09,6282251.09],[573148.07,6282363.46],[573086.06,6282547.99],[573172.16,6282715.14],[573156.89,6282922.06],[573052.1,6282913.41],[572832.59,6283180.39],[572632.99,6283273.72],[572429.87,6283893.21],[571569.0,6284749.3],[571300.32,6285283.68],[570669.89,6285280.85],[570251.68,6285408.31],[570754.04,6285172.24],[570738.93,6285093.99],[570601.66,6285096.19],[569758.63,6285405.47],[569568.34,6285697.02],[568843.84,6285627.48],[568840.32,6285803.71],[568492.67,6285985.1],[568412.23,6285791.48],[568330.1,6285776.82],[568116.43,6285231.77],[568055.44,6284942.58],[568140.67,6284884.02],[568101.56,6284174.89],[567959.22,6284109.51],[567934.52,6283905.56],[567461.02,6283569.0],[567389.59,6283440.8],[567311.12,6283474.68],[567290.99,6283236.75],[566963.07,6283192.09],[566809.31,6282858.02],[566570.87,6282802.96],[566544.2,6282722.45],[566634.99,6282666.98],[566564.19,6282625.66],[566537.46,6282714.27],[566314.6,6282542.26],[565972.71,6282535.93],[565713.49,6282655.21],[565775.07,6282741.61],[565642.24,6282767.05],[565698.37,6282700.74],[565591.78,6282696.94],[565620.97,6282782.03],[565139.78,6283095.99],[564904.86,6283330.93],[564846.55,6283552.69],[564771.26,6283461.32],[564644.41,6283508.87],[564340.01,6283450.03],[564355.56,6283364.85],[564306.5,6283422.29],[564204.36,6283324.08],[564144.92,6283109.25],[564057.99,6283054.88],[563990.92,6282776.2],[563688.03,6282517.64],[563633.99,6282602.23],[563573.44,6282341.89],[563236.85,6282000.0],[563204.0,6281435.69],[563032.66,6281302.14],[562792.66,6281355.12],[562459.59,6281063.16],[561934.46,6281269.92],[561780.98,6281162.8],[561363.44,6280572.41],[561156.89,6280513.4],[560838.38,6280557.24],[560719.52,6280414.15],[560687.36,6280149.42],[560233.38,6279803.56],[560467.69,6279581.38],[560440.6,6279419.88],[560247.19,6279193.0],[559968.85,6279403.85],[559366.59,6279459.81],[558846.14,6278821.09],[558156.18,6278567.19],[557922.24,6278574.88],[557649.22,6278816.9],[557378.18,6278586.48],[557248.31,6278596.74],[556730.92,6278314.28],[556526.71,6278432.99],[556149.62,6278254.57],[555636.55,6278264.98],[555514.35,6278331.79],[555472.26,6278495.32],[555085.0,6278263.34],[554892.66,6278286.75],[554186.04,6278128.89],[554054.69,6278164.03],[553990.32,6278289.62],[552967.43,6278016.86],[552753.09,6278143.15],[552347.39,6277799.02],[552007.41,6277345.96],[551819.09,6277263.17],[551550.37,6277291.0],[551342.8,6277425.8],[551131.73,6277420.04],[550984.86,6277575.33],[550210.88,6277562.05],[550115.71,6277628.1],[549795.3,6277338.37],[549484.01,6277331.91],[549333.56,6277438.74],[549371.25,6277478.26],[549215.5,6277382.03],[549060.86,6277392.67],[549257.0,6277660.54],[549654.52,6277954.52],[549845.01,6278052.01],[549928.48,6278000.9],[550292.88,6278276.21],[550650.19,6278378.87],[550989.57,6278328.81],[551417.69,6278447.04],[551872.18,6278279.97],[551875.42,6278404.01],[552445.92,6278773.59],[552801.21,6278652.41],[553484.81,6278678.18],[553586.54,6278802.87],[553736.05,6278824.37],[554402.46,6278727.55],[554442.76,6278879.49],[555271.44,6279071.79],[555738.63,6279010.13],[555883.38,6278912.39],[556290.53,6278946.06],[556369.73,6279026.38],[556571.4,6279027.07],[556706.91,6279278.62],[557002.67,6279378.83],[557354.82,6279210.41],[557319.75,6279362.97],[557402.24,6279566.06],[558182.35,6279984.71],[558305.86,6279969.88],[558617.73,6279727.5],[558680.23,6279723.32],[558479.8,6279854.09],[558452.79,6280369.58],[558183.15,6280554.59],[558153.72,6280698.52],[558330.52,6280723.43],[558558.55,6280571.25],[559040.78,6280593.36],[559287.44,6280992.04],[559518.63,6281183.43],[559444.25,6281230.04],[559499.03,6281206.53],[559513.34,6281310.73],[559847.03,6281477.74],[559946.76,6281695.92],[560398.59,6282069.47],[560995.19,6282142.07],[561303.13,6282341.64],[561663.52,6282186.34],[562186.63,6282376.74],[562084.75,6282588.86],[562066.13,6282961.47],[562229.19,6283361.22],[562751.26,6283841.72],[563361.24,6283827.92],[563627.06,6283904.7],[563806.17,6284056.95],[563853.95,6284344.84],[563997.98,6284284.86],[563975.59,6284366.85],[564080.38,6284420.51],[564409.51,6284401.8],[564982.31,6284720.19],[565636.59,6284386.35],[565841.64,6283754.67],[565902.0,6283818.95],[566268.8,6283835.02],[566302.97,6284098.36],[567123.74,6284525.94],[567382.53,6284586.39],[567342.74,6285004.73],[567575.78,6285548.04],[567890.35,6285868.3],[568457.15,6286233.13],[568415.45,6286326.58],[568484.35,6286260.25],[569044.42,6286484.78],[569864.29,6286633.14],[569981.87,6286864.82],[570195.53,6286774.68],[570199.53,6286683.66],[570528.42,6286749.89],[570550.81,6286687.29],[570373.38,6286603.51],[570442.74,6286524.87],[570886.01,6286761.49],[571162.8,6286769.06],[571134.97,6286591.1],[571003.87,6286505.79],[571073.24,6286505.57],[571129.74,6285942.36],[571372.63,6285634.96],[571361.43,6285510.82],[571497.02,6285553.78],[572435.54,6284952.57],[573442.82,6285250.39],[573672.01,6285941.45],[574039.28,6286382.26],[574605.41,6286836.24],[575012.97,6286900.92],[575664.16,6286732.06],[575649.54,6286514.37],[575838.22,6286384.26],[576705.1,6286119.23],[577836.5,6286095.82],[578327.05,6285969.91],[578376.55,6286032.23],[578654.9,6285900.24],[579585.57,6285962.72],[580871.17,6285483.15],[581037.71,6285283.11],[581394.24,6285356.44],[581345.03,6285519.9],[581531.19,6285597.19],[581595.77,6285755.53],[581481.63,6286358.65],[581517.6,6286459.28],[581583.32,6286344.54],[581690.32,6286619.23],[581558.85,6287429.86],[581419.09,6287713.3],[581032.35,6288103.23],[580534.45,6288877.66],[580318.81,6289074.88],[580212.55,6289410.81],[580143.79,6289358.99],[579934.98,6289628.76],[579559.52,6290467.65],[579433.57,6290532.67],[579442.22,6290679.04],[579318.68,6290855.78],[579321.49,6291257.15],[579152.88,6291435.58],[579149.19,6291558.17],[579216.96,6291561.51],[578988.51,6292004.24],[579019.94,6292139.75],[578936.31,6292189.23],[578644.17,6293241.35],[578795.48,6293162.2],[578650.11,6293372.8],[578560.74,6294154.05],[577954.59,6296000.0],[578025.67,6296255.31],[578366.54,6296300.23],[578472.41,6296400.26],[578387.1,6296413.49],[578361.38,6296308.21],[578127.85,6296291.34],[578353.59,6296357.01],[578276.59,6296358.05],[578291.22,6296478.13],[578350.17,6296413.83],[578459.02,6296446.2],[578265.63,6296494.58],[578074.82,6296426.49],[577876.92,6296811.33],[577551.51,6299289.7],[577559.62,6300437.8],[577475.47,6300855.66],[577555.46,6300928.34],[577480.53,6300983.55],[577535.24,6301144.92],[577466.28,6301261.74],[577551.84,6301284.14],[577474.48,6301279.2],[577521.95,6301378.19],[577433.15,6301417.19],[577406.53,6301008.28],[577258.23,6301875.46],[577155.08,6305290.87],[576995.1,6305611.89],[576976.44,6306147.8],[576867.61,6306251.77],[576990.24,6306317.74],[576967.24,6306602.61],[577099.64,6306618.53],[576933.19,6306675.9],[577004.22,6306725.46],[576923.96,6307031.93],[577020.45,6307325.87],[576987.16,6307660.68],[577288.82,6307636.67],[577047.77,6307683.01],[577004.31,6307760.27],[577323.09,6309003.87],[577277.67,6309237.87],[577403.64,6311168.57],[577685.52,6311796.88],[577821.39,6311832.52],[578301.73,6312586.9],[578466.54,6313077.39],[578352.91,6313285.07],[578067.34,6313136.59],[578026.22,6313255.42],[578133.32,6313390.76],[578000.26,6313431.59],[577995.76,6313551.68],[578145.41,6313592.9],[578079.67,6313783.25],[578264.53,6313930.23],[578413.79,6314299.82],[578520.16,6314276.44],[578635.33,6314398.54],[578738.57,6314321.82],[578772.69,6314470.79],[578923.83,6314621.68],[579172.67,6315765.7],[579289.78,6315980.7],[579496.18,6316014.58],[579432.07,6316295.48],[579396.37,6316233.8],[579273.33,6316260.18],[579307.43,6316448.96],[579386.37,6316441.86],[579433.8,6316315.12],[579471.25,6316391.88],[579156.06,6316632.31],[579049.11,6316213.59],[577513.55,6316083.36],[577382.33,6316148.72],[576923.17,6316029.93],[576858.35,6316089.96],[576585.85,6315949.6],[575776.35,6315760.15],[574932.88,6315713.98],[574637.02,6315846.85],[574638.19,6315995.26],[574580.19,6315879.98],[574568.39,6316000.0],[574626.96,6316001.81],[574570.29,6316032.52],[574519.15,6315929.08],[574307.71,6315863.75],[574174.8,6315979.14],[573280.49,6316225.45],[572992.08,6316425.69],[572464.16,6316554.6],[571845.7,6316942.61],[569718.12,6318620.59],[569059.49,6318954.14],[568386.09,6319673.71],[568244.82,6319877.73],[568170.97,6320201.22],[567558.73,6320860.83],[566521.66,6321743.08],[566073.21,6322026.01],[565600.42,6322164.71],[565197.1,6322463.38],[565315.75,6322681.77],[564624.44,6323159.26],[564649.21,6323291.95],[564495.14,6323437.57],[563931.03,6323119.99],[563824.06,6323289.71],[564178.62,6323512.69],[564120.81,6323606.92],[564011.08,6323579.61],[563898.09,6323756.25],[563673.6,6323826.11],[563730.71,6323947.73],[563198.34,6324326.37],[563216.56,6324469.98],[563049.93,6324477.57],[562922.58,6324585.68],[562598.65,6325378.93],[562147.79,6326203.11],[562145.46,6326349.68],[561603.54,6326549.13],[561007.88,6326611.12]]],[[[496425.63,6315417.35],[496144.27,6315677.07],[496034.54,6315637.93],[496217.06,6315528.41],[496332.43,6315223.89],[496198.58,6314986.72],[495829.61,6314849.89],[495448.1,6314578.96],[495258.13,6314624.87],[495196.14,6314568.94],[495232.4,6313917.05],[495032.68,6313350.75],[494838.3,6312987.28],[494677.47,6312881.93],[494684.04,6312742.34],[494307.24,6312515.79],[493836.22,6311906.38],[493595.45,6311911.21],[493376.98,6312080.39],[493187.25,6312079.8],[492950.82,6311948.78],[492806.94,6311990.85],[492761.87,6311904.38],[492258.2,6311929.34],[491967.83,6311853.37],[491768.73,6312000.0],[491454.58,6312531.75],[491422.62,6312158.9],[490930.13,6311133.81],[490508.3,6310695.25],[490264.11,6310551.17],[489947.27,6310007.98],[489704.9,6309762.89],[489601.41,6309425.3],[489373.47,6307601.8],[489118.88,6306942.61],[488912.27,6306694.45],[488343.66,6306487.48],[487400.58,6306594.79],[486526.9,6306119.04],[486158.59,6306024.2],[485177.63,6306042.42],[484859.89,6305830.65],[484419.02,6305303.0],[483960.34,6305036.51],[483256.02,6305327.93],[482199.23,6305146.59],[481915.82,6305191.65],[481449.76,6304959.18],[480961.44,6304896.58],[480270.83,6305013.98],[479903.01,6305232.18],[479595.43,6305082.86],[479290.27,6305128.97],[478749.71,6304810.66],[478372.21,6304824.9],[477681.31,6304639.38],[477924.62,6304603.75],[477954.34,6304546.28],[477888.19,6304533.65],[478033.11,6304471.03],[478396.2,6303968.79],[478380.65,6303793.22],[478215.4,6303530.24],[478478.09,6302981.92],[478564.39,6302586.21],[478507.8,6302394.56],[478595.38,6301555.15],[478560.54,6301278.81],[478448.26,6301208.56],[478469.1,6301079.23],[478324.83,6301026.47],[478129.03,6300791.51],[477893.67,6300166.85],[477505.11,6299531.4],[477569.63,6299405.08],[477727.11,6299537.25],[478538.31,6299532.08],[478591.43,6299358.16],[478532.36,6298982.72],[478447.75,6298838.8],[478267.7,6298894.21],[478136.2,6298649.23],[478013.99,6298580.26],[477565.02,6298693.88],[477153.15,6298956.55],[476924.22,6298954.86],[476582.42,6298433.77],[476187.96,6298089.15],[476240.37,6297824.53],[476135.65,6297727.38],[476224.49,6297599.74],[476703.81,6297452.49],[477121.3,6297576.95],[477530.16,6297522.87],[477842.05,6297370.13],[478059.72,6297149.32],[478553.28,6297210.14],[479123.17,6297112.81],[479210.2,6296979.19],[479425.52,6297055.29],[479600.19,6296833.85],[479694.45,6296537.73],[479620.45,6295862.63],[479060.4,6295310.08],[478712.55,6295254.11],[478315.73,6294895.43],[478018.63,6294813.42],[477746.33,6294574.44],[477381.52,6294620.85],[477172.08,6294387.27],[476923.19,6294268.2],[476361.63,6294301.12],[475853.97,6294656.58],[475299.59,6294656.83],[474802.28,6294770.33],[474462.15,6294590.59],[474239.6,6294671.12],[474062.87,6294626.69],[473743.26,6294017.46],[473288.23,6293633.42],[473083.32,6293602.4],[472903.33,6293673.38],[472685.79,6293940.61],[472617.21,6294174.41],[472270.52,6293918.28],[471935.36,6293785.37],[472094.71,6293734.5],[472445.37,6293113.15],[472615.25,6292492.93],[472750.93,6291329.62],[472940.99,6291215.34],[473048.66,6291023.15],[473010.79,6290550.91],[472827.15,6290285.51],[472678.38,6290228.34],[472283.58,6290250.46],[472044.02,6290430.69],[471737.69,6290193.92],[471649.29,6290203.28],[470980.23,6289485.93],[470049.18,6289262.79],[469734.58,6288462.52],[469616.01,6288425.99],[469654.59,6288348.76],[469589.68,6288374.35],[469774.02,6288091.14],[469795.91,6287914.22],[469730.74,6287836.49],[469842.66,6287568.32],[469575.36,6286848.44],[469592.07,6286621.54],[470186.43,6286845.68],[470466.72,6287052.0],[471067.42,6287683.55],[471512.74,6287992.92],[471863.54,6288555.39],[472138.17,6288487.67],[472480.81,6288079.3],[473205.88,6287681.64],[473545.82,6287327.26],[473786.58,6287218.21],[473878.33,6286930.77],[473992.36,6286873.51],[474019.71,6286628.39],[473663.67,6286648.05],[473086.43,6286495.37],[472958.31,6286374.22],[472786.19,6286352.82],[472722.34,6286247.18],[472782.49,6286043.28],[472744.72,6285965.57],[472951.45,6285506.69],[472983.08,6285096.41],[473145.4,6284977.13],[473126.91,6284591.4],[473166.18,6284501.62],[473217.65,6284586.2],[473233.26,6284448.54],[472949.04,6284080.79],[473815.86,6284561.87],[474281.44,6284603.02],[474900.58,6285023.49],[474718.96,6285602.85],[474355.42,6285983.39],[474627.94,6286312.21],[474926.1,6286480.57],[475048.69,6286473.15],[474600.57,6286511.79],[474717.9,6286472.53],[474715.67,6286420.59],[474528.02,6286530.88],[474533.53,6286383.03],[474235.16,6286615.15],[474109.16,6286599.93],[474141.37,6286508.72],[474076.96,6286476.06],[474067.24,6287109.06],[474263.98,6287035.28],[474184.47,6286930.04],[474283.79,6286854.3],[474410.15,6287011.03],[474383.84,6287163.25],[474269.36,6287139.18],[474064.38,6287297.71],[474239.09,6287557.17],[474819.79,6287622.11],[475048.77,6287490.63],[475171.93,6287282.69],[475119.54,6287014.72],[475396.27,6286647.99],[475243.13,6286154.82],[475130.92,6286048.04],[475380.77,6286028.8],[475657.44,6285811.38],[475792.67,6285866.32],[476018.8,6286150.78],[476293.49,6286121.48],[476790.26,6286320.0],[476835.12,6286421.43],[476992.64,6286421.34],[477149.54,6286270.08],[477106.14,6286120.01],[477238.17,6286060.52],[477147.6,6285966.78],[476869.22,6285998.36],[476620.17,6285780.65],[476333.24,6285717.96],[476228.18,6285517.16],[476343.87,6285439.41],[476216.97,6285186.51],[476348.85,6284988.6],[476317.76,6284921.62],[476251.19,6284985.96],[476227.68,6284817.61],[476762.73,6284424.71],[477037.67,6283891.37],[477448.11,6283603.72],[477640.82,6283256.33],[477623.07,6282923.15],[477424.27,6282698.84],[477317.16,6282263.54],[477365.38,6282159.75],[477395.9,6282144.74],[477415.46,6282393.37],[477480.58,6282199.35],[477527.3,6282459.9],[477457.0,6282417.25],[477433.26,6282434.88],[477567.22,6282503.75],[477532.97,6282580.67],[477608.34,6282532.51],[477593.91,6282632.87],[477730.6,6282676.51],[477636.88,6282821.29],[477691.29,6282920.6],[477810.08,6282625.81],[477887.95,6282602.26],[477689.93,6282293.14],[477687.2,6282199.27],[477749.08,6282238.33],[477615.88,6281781.38],[477788.72,6281357.55],[477946.47,6281316.02],[478041.43,6281150.52],[478109.07,6280565.71],[480962.15,6281577.35],[481891.38,6282060.63],[482303.46,6282076.04],[483136.83,6281953.12],[483498.29,6281732.52],[483385.51,6281902.63],[483505.48,6281974.58],[483528.8,6281823.56],[483569.65,6282042.81],[483723.1,6282042.88],[484608.02,6282410.65],[485312.83,6282896.66],[485554.3,6282968.5],[485735.25,6283136.37],[486066.06,6283191.14],[486264.86,6283362.13],[486300.32,6283490.68],[486164.68,6283848.81],[485944.74,6284049.31],[485800.84,6284393.88],[485850.31,6284543.84],[486138.33,6284842.06],[486245.64,6285201.47],[486709.23,6285610.99],[486934.28,6286033.43],[487254.67,6286325.79],[487717.05,6287015.76],[488031.99,6287082.67],[488396.13,6287283.23],[488729.55,6287825.89],[489656.77,6288422.34],[489656.72,6288578.1],[489515.91,6288791.86],[489583.96,6289218.76],[489840.93,6289534.53],[490168.41,6289671.67],[490288.83,6289875.47],[490154.97,6290043.63],[490098.13,6290317.27],[490201.42,6290825.42],[490028.61,6290844.8],[489937.45,6291096.23],[490071.68,6291119.97],[490157.76,6291279.87],[490230.39,6291799.79],[490427.49,6292271.57],[490669.6,6292497.19],[491504.8,6292845.34],[491690.27,6293001.9],[491779.14,6293236.55],[491756.16,6293533.69],[491690.63,6293632.14],[491742.07,6293514.93],[491679.18,6293391.12],[491105.41,6293702.14],[491152.12,6294270.93],[491376.74,6294312.46],[491482.96,6294208.98],[491652.15,6294177.35],[491715.98,6294242.99],[491911.55,6294175.63],[491964.04,6294219.75],[491993.99,6294262.08],[491906.43,6294190.8],[491731.64,6294372.64],[491622.92,6294356.36],[491622.72,6294415.22],[491748.76,6294426.76],[491703.01,6294485.85],[491777.41,6294544.93],[491665.51,6294554.12],[491715.22,6294639.12],[492001.33,6294607.59],[491993.9,6294360.08],[492051.45,6294563.06],[492157.6,6294565.74],[492324.19,6294231.98],[492371.16,6293871.3],[492488.67,6293767.4],[492393.98,6293527.85],[492535.2,6293333.64],[492653.67,6294286.75],[492550.89,6295249.42],[492347.26,6295864.61],[491686.97,6296454.07],[491059.16,6297242.86],[490481.17,6298532.39],[490222.52,6299910.23],[490160.6,6301040.8],[489812.14,6301857.41],[489520.17,6302277.32],[489514.67,6302511.81],[489604.46,6302687.5],[489554.34,6302902.74],[490028.21,6303679.77],[490336.42,6303970.0],[490273.79,6304045.0],[490339.0,6304093.22],[490413.93,6304088.59],[490307.2,6304049.1],[490354.14,6303964.02],[490338.14,6303916.15],[490481.03,6303933.55],[490349.2,6304403.63],[490398.77,6304477.08],[490569.48,6304420.05],[490401.53,6304497.25],[490496.77,6304644.19],[490963.66,6304841.91],[491428.54,6304827.97],[491763.65,6304547.02],[491587.04,6304081.35],[492117.85,6303698.55],[492252.11,6303510.88],[492257.09,6303602.25],[492232.94,6303551.43],[492136.0,6303684.99],[492182.74,6303833.55],[492034.46,6303781.73],[492137.06,6303834.44],[491988.33,6303875.2],[492035.37,6303960.46],[491811.68,6303950.12],[491826.49,6304029.04],[491745.52,6304055.25],[491717.55,6304118.37],[491825.56,6304081.1],[491876.96,6303984.11],[491962.15,6303994.96],[491971.37,6304101.04],[492189.17,6303996.18],[492618.42,6304286.71],[493087.97,6304178.67],[492959.17,6303807.08],[493126.62,6303385.92],[493025.51,6303288.37],[493179.9,6302883.79],[493196.31,6302595.12],[493034.46,6302097.34],[492773.83,6302096.3],[492772.75,6302024.04],[492981.67,6302060.59],[492937.64,6301934.61],[493024.44,6301887.55],[493328.88,6302238.95],[493513.22,6303225.85],[493717.43,6303774.77],[493906.79,6304970.5],[494331.48,6306034.34],[494417.38,6307036.12],[494578.2,6307346.84],[495354.72,6308313.15],[495204.32,6308304.06],[495214.36,6308429.28],[495326.3,6308372.65],[495179.98,6308461.57],[495072.69,6308957.88],[494731.95,6309756.7],[494669.42,6310729.26],[494400.55,6311265.95],[494380.17,6311574.34],[494530.12,6312358.9],[494723.23,6312686.5],[495223.06,6313125.42],[495403.86,6313397.75],[495491.08,6313647.58],[495455.25,6314200.17],[495586.74,6314600.35],[495859.19,6314843.09],[496185.26,6314935.83],[496358.83,6315150.87],[496425.63,6315417.35]]],[[[629287.6,6355955.32],[629085.63,6355909.1],[628620.53,6355380.79],[628274.9,6355145.65],[628188.84,6355125.73],[628124.1,6355218.19],[628057.59,6355252.49],[628165.93,6355127.61],[627994.72,6355174.03],[628076.24,6355099.16],[627915.85,6355115.66],[627728.56,6355003.41],[627738.27,6355098.21],[627953.94,6355167.84],[628075.62,6355347.76],[627937.05,6355174.0],[627744.89,6355119.9],[627717.65,6355090.9],[627715.11,6355019.29],[626999.8,6354793.76],[624084.24,6354609.48],[622203.32,6354693.36],[621922.19,6354395.85],[621763.15,6354362.05],[621517.57,6353663.76],[621066.24,6353260.55],[620210.76,6353075.06],[618920.85,6353239.12],[619028.95,6353095.72],[618987.82,6353019.92],[618496.0,6352801.77],[617434.57,6352791.34],[617048.8,6352567.14],[616327.85,6352326.81],[616081.68,6352058.28],[615894.77,6352238.63],[615867.85,6352239.13],[615943.75,6352168.1],[615921.15,6352139.07],[615908.6,6352080.89],[615953.92,6352153.37],[616075.35,6352043.84],[616014.3,6351955.41],[615943.01,6352005.91],[615925.43,6351879.7],[615893.24,6352089.96],[615859.28,6352034.58],[615816.01,6352100.24],[615793.92,6352037.36],[615732.37,6352068.56],[615773.87,6352218.74],[615706.96,6352180.4],[615720.09,6352068.69],[615830.87,6351841.79],[615668.49,6351385.62],[614941.57,6350169.24],[614071.34,6349247.9],[614158.57,6349379.52],[612945.55,6348512.97],[612854.41,6348145.36],[612911.4,6348016.5],[612806.3,6347704.27],[612863.36,6347462.52],[613226.28,6347078.31],[613634.4,6346832.77],[613940.39,6346737.55],[614021.54,6346780.15],[614111.72,6346769.08],[615008.4,6346387.76],[614958.05,6346517.77],[615043.13,6346511.03],[615050.09,6346374.41],[615444.31,6346132.1],[615632.57,6346146.64],[615766.46,6346269.55],[615737.14,6346352.42],[616120.19,6346505.54],[616423.11,6346411.5],[616539.6,6346477.14],[616559.11,6346353.82],[616776.48,6346234.65],[616753.23,6346289.12],[616973.67,6346253.89],[616848.96,6346419.74],[617207.19,6346309.88],[617284.24,6346156.32],[617471.94,6346128.65],[617364.6,6346074.7],[617405.09,6345876.09],[617547.53,6345980.72],[617532.44,6346097.31],[617595.63,6346083.15],[617596.32,6346015.91],[617506.11,6345913.79],[617639.06,6345673.84],[617566.47,6345706.12],[617517.21,6345608.88],[617545.19,6345358.45],[617787.53,6345275.58],[617813.18,6345326.14],[617955.42,6345199.3],[617831.21,6345392.61],[617928.02,6345425.7],[618050.69,6345233.18],[618355.02,6345158.65],[618456.84,6345002.57],[618535.23,6345041.15],[618587.96,6344976.06],[618667.13,6345100.64],[618793.35,6345116.01],[618683.65,6344781.7],[618742.5,6344676.15],[618836.37,6344721.52],[618945.16,6344603.22],[619063.28,6343931.81],[619174.42,6343901.14],[619206.32,6343777.66],[619172.31,6343543.23],[619231.78,6343506.24],[619361.12,6343334.52],[619372.14,6343400.67],[619401.9,6343315.54],[619477.44,6343428.82],[619423.63,6343148.92],[619805.6,6343431.54],[620199.2,6343508.51],[620228.29,6343669.73],[620249.94,6343562.25],[620467.73,6343545.62],[620341.3,6343459.03],[620362.46,6343513.64],[620342.82,6343537.88],[620201.67,6343382.99],[620293.54,6343274.08],[620372.64,6343280.06],[620547.69,6343383.7],[620438.07,6343349.74],[620579.57,6343451.13],[620623.04,6343611.43],[620661.35,6343472.04],[620883.12,6343595.01],[620952.14,6343400.97],[621045.02,6343393.82],[621360.94,6343627.59],[621362.64,6343718.47],[621947.0,6343908.48],[622342.4,6344282.13],[624447.7,6345444.68],[624795.67,6345887.94],[624825.97,6346007.32],[624746.35,6346038.25],[624727.44,6346215.52],[625185.8,6346586.63],[625911.32,6347666.06],[626069.47,6347977.95],[626074.88,6348062.1],[625906.13,6347830.87],[626100.01,6348163.11],[626089.03,6348437.27],[626187.39,6348620.08],[626210.1,6348965.6],[626122.31,6348656.19],[625987.06,6348441.46],[626091.3,6348671.88],[626128.07,6349195.63],[626321.64,6349594.17],[626298.89,6349855.2],[626215.43,6349850.1],[626184.02,6350044.73],[626245.15,6350367.02],[625725.65,6350492.64],[625398.43,6350421.11],[625067.54,6350597.96],[624968.89,6350933.68],[625180.57,6351087.25],[625274.57,6351053.56],[625365.66,6351278.27],[625240.35,6351331.06],[625389.66,6351498.59],[625691.71,6351463.97],[625759.22,6351535.99],[625716.99,6351673.24],[625799.74,6351699.35],[625741.03,6351701.74],[625735.99,6351709.66],[625871.24,6351755.26],[625798.51,6351788.81],[626061.48,6351873.57],[626009.82,6351902.76],[626340.12,6352080.88],[626278.49,6352109.46],[626344.32,6352152.62],[626521.53,6352153.8],[626547.99,6352218.86],[626597.65,6352163.43],[626670.46,6352289.49],[626979.81,6352429.91],[627344.53,6352466.65],[627382.96,6352547.77],[627553.64,6352586.71],[627822.24,6352594.08],[627902.11,6352517.67],[627800.39,6352459.85],[628010.05,6352476.17],[628566.66,6352688.85],[628769.9,6352682.77],[628928.44,6352803.92],[629061.45,6352783.62],[629127.47,6352867.39],[629318.42,6352861.95],[629330.13,6352927.87],[629866.76,6352873.58],[630216.02,6352702.04],[630750.49,6352669.31],[630990.04,6352867.2],[630958.57,6352951.24],[630802.27,6352895.09],[630836.22,6353088.47],[631200.8,6353253.05],[631165.68,6353317.27],[631249.4,6353332.87],[631698.92,6353927.41],[631725.42,6353586.69],[631491.53,6353039.6],[631683.96,6352990.46],[631851.57,6352744.16],[632149.93,6352691.02],[632252.97,6352209.95],[632180.85,6351877.08],[632004.47,6351553.05],[632021.41,6351364.73],[631735.13,6351284.12],[632033.87,6351224.83],[632315.09,6351405.65],[632473.59,6352170.43],[632289.94,6353508.13],[632501.95,6355197.76],[632410.82,6355446.75],[632113.36,6355604.91],[631305.48,6355488.66],[630691.69,6355518.53],[630275.6,6355655.48],[629989.9,6355874.45],[629287.6,6355955.32]]],[[[551120.22,6326045.58],[550002.1,6325845.74],[549333.3,6325629.64],[549308.37,6325291.29],[549488.82,6324747.75],[549812.16,6324326.16],[550768.1,6323759.9],[551155.66,6323672.95],[552000.0,6323845.62],[552251.76,6323979.55],[552787.22,6324520.26],[552980.52,6324588.52],[553157.62,6324541.77],[553086.44,6324602.53],[553117.73,6324879.0],[552778.32,6324955.02],[552425.14,6325258.96],[552250.29,6325479.75],[552324.47,6325638.16],[552226.55,6325552.93],[552192.35,6325811.7],[551120.22,6326045.58]]],[[[505320.94,6306808.07],[504959.5,6306762.83],[504264.05,6305839.47],[504164.17,6305555.89],[504266.96,6305268.71],[504752.23,6304697.29],[505580.66,6304333.18],[506260.52,6303681.0],[506863.89,6302867.08],[507976.28,6301855.32],[508074.42,6301830.06],[506896.47,6302859.94],[505982.41,6304063.66],[505913.15,6304481.57],[505995.03,6304767.09],[506092.6,6304741.75],[506061.85,6304864.12],[506200.46,6305002.03],[506182.37,6305154.69],[505937.31,6305771.71],[505746.21,6305970.03],[505412.98,6306717.54],[505320.94,6306808.07]]],[[[622572.85,6343113.58],[621671.25,6342732.94],[621066.22,6342559.49],[620809.73,6342561.24],[620707.96,6342398.2],[620531.91,6342250.89],[620451.02,6341513.73],[620674.7,6341350.41],[620985.95,6341578.5],[620995.97,6341669.5],[621637.1,6341611.39],[622570.52,6341803.96],[623004.61,6342041.81],[623226.68,6342302.78],[623264.97,6342622.16],[622895.94,6342991.84],[622572.85,6343113.58]]],[[[533764.72,6318960.99],[533502.77,6318886.94],[533400.73,6318710.05],[533931.79,6318311.72],[534105.87,6317834.58],[534322.69,6317780.05],[534700.65,6318021.63],[534768.66,6318129.78],[534616.18,6318155.89],[534460.05,6318332.92],[534440.82,6318483.27],[534516.26,6318414.0],[534519.68,6318498.24],[534298.02,6318819.2],[533764.72,6318960.99]]],[[[614530.34,6346263.75],[614388.77,6346489.4],[614263.94,6346452.12],[614191.45,6346264.35],[614348.81,6345929.61],[614563.02,6345735.78],[615670.04,6345707.3],[615655.09,6345865.32],[614530.34,6346263.75]]],[[[612498.84,6347626.71],[614295.23,6345443.59],[614494.14,6345315.23],[615021.88,6345407.42],[615025.66,6345548.52],[614784.57,6345477.89],[614413.56,6345715.64],[614006.94,6346268.76],[613673.75,6346413.46],[613388.76,6346722.75],[613402.9,6346871.05],[613067.47,6347078.09],[612665.44,6347596.82],[612498.84,6347626.71]]],[[[516163.05,6316364.59],[515047.52,6316124.66],[515042.87,6315903.43],[514933.42,6315800.81],[515097.17,6315424.63],[515916.97,6316040.2],[516146.95,6316299.76],[516163.05,6316364.59]]],[[[472158.63,6284152.62],[471956.42,6284576.4],[471746.97,6284433.97],[471305.2,6284374.88],[471237.05,6284265.38],[471261.75,6284060.05],[472134.69,6283553.04],[471920.92,6283691.97],[471953.94,6283859.05],[471875.58,6283783.68],[471667.72,6283882.92],[471746.45,6283955.53],[471873.25,6283890.42],[471949.73,6283998.58],[472070.46,6283819.24],[472044.62,6283725.77],[471956.7,6283684.51],[472251.48,6283691.72],[472111.32,6283809.07],[472158.63,6284152.62]]],[[[536085.27,6315919.13],[535933.36,6315876.69],[535940.71,6315682.0],[536327.43,6315363.81],[536615.24,6315328.93],[537175.28,6315409.11],[536938.56,6315711.3],[536821.28,6315674.39],[536689.14,6315466.44],[536565.41,6315465.5],[536416.23,6315760.61],[536085.27,6315919.13]]],[[[620842.51,6342607.55],[620417.56,6342501.15],[620105.05,6342242.04],[620054.81,6342002.9],[620114.29,6341826.37],[620321.67,6341740.46],[620396.13,6341778.82],[620330.99,6341860.03],[620500.91,6342260.53],[620842.51,6342607.55]]],[[[595941.9,6373923.25],[595932.95,6373740.45],[596038.0,6373701.26],[596102.72,6373485.52],[596260.66,6373369.77],[595964.06,6373344.93],[595989.07,6373259.18],[596118.17,6373283.28],[596036.64,6373217.19],[596118.26,6373081.03],[596344.51,6373018.38],[596541.35,6373143.48],[596788.15,6373059.89],[596749.65,6373291.72],[596884.57,6373415.21],[596605.22,6373323.05],[596132.22,6373595.2],[595941.9,6373923.25]]],[[[519010.54,6317627.53],[518346.33,6317447.29],[518417.31,6317414.96],[518048.61,6317300.84],[518041.74,6317226.69],[518350.99,6317202.25],[518799.2,6317353.85],[519016.99,6317514.24],[519010.54,6317627.53]]],[[[618377.03,6342769.68],[618144.64,6342763.43],[618055.65,6342585.03],[618374.13,6342396.88],[618561.4,6342394.72],[618618.74,6342474.4],[618519.38,6342491.49],[618724.37,6342585.01],[618643.87,6342684.12],[618315.75,6342696.21],[618377.03,6342769.68]]],[[[578338.11,6285305.81],[577714.41,6285416.26],[578300.81,6285094.39],[578540.73,6285141.63],[578439.98,6285278.77],[578798.82,6285229.57],[578602.82,6285323.43],[578268.12,6285346.58],[578338.11,6285305.81]]],[[[597189.82,6372763.39],[597098.67,6372863.61],[597038.35,6372821.14],[597029.61,6372643.61],[597116.88,6372603.15],[597165.54,6372406.9],[597191.19,6372618.22],[597408.65,6372436.57],[597412.11,6372344.42],[597378.1,6372297.61],[597186.1,6372380.34],[597139.35,6372364.42],[597566.13,6372175.14],[597505.11,6372402.79],[597566.07,6372605.98],[597346.01,6372837.48],[597189.82,6372763.39]]],[[[547897.5,6326161.53],[547523.86,6326165.35],[547380.29,6326053.48],[547395.03,6325816.22],[547782.62,6325913.4],[547897.5,6326161.53]]],[[[612235.96,6348713.03],[612063.32,6348708.44],[612231.05,6347989.61],[612368.12,6348097.81],[612211.1,6348128.0],[612206.36,6348209.25],[612496.57,6348185.05],[612542.31,6348188.9],[612589.97,6348231.23],[612391.28,6348253.13],[612135.84,6348442.86],[612669.81,6348437.53],[612173.14,6348551.2],[612247.28,6348605.07],[612383.74,6348540.98],[612128.81,6348677.44],[612235.96,6348713.03]]],[[[508155.81,6321817.77],[508064.57,6321797.57],[508461.52,6321553.05],[508894.19,6320947.7],[508961.86,6321069.41],[508789.31,6321171.53],[508784.05,6321214.22],[508732.09,6321233.18],[508698.17,6321281.93],[508845.6,6321166.59],[508843.2,6321307.92],[508476.34,6321647.45],[508232.44,6321702.0],[508155.81,6321817.77]]],[[[620204.57,6343158.85],[620089.99,6343305.15],[619830.91,6343205.82],[619727.77,6342982.03],[619748.82,6342842.39],[620314.41,6343145.27],[620204.57,6343158.85]]],[[[615988.48,6358974.21],[616262.67,6359631.21],[616213.48,6359530.56],[616161.03,6359564.08],[616022.49,6359451.31],[616105.79,6359340.6],[615968.64,6359078.39],[615729.03,6359175.36],[615669.36,6359284.33],[615455.17,6359028.14],[615631.06,6359013.33],[615656.49,6359073.16],[615721.23,6359014.5],[615804.17,6359094.02],[615988.48,6358974.21]]],[[[632190.48,6352145.95],[632127.82,6352142.51],[632007.43,6351937.36],[631853.8,6351866.39],[631871.89,6351541.66],[631965.24,6351555.56],[632190.48,6352145.95]]],[[[617952.65,6343409.8],[617906.81,6343600.61],[617736.4,6343422.14],[617807.89,6343248.34],[618016.26,6343142.52],[618065.89,6343178.07],[618091.05,6343255.29],[618061.5,6343206.57],[617965.64,6343260.8],[618044.71,6343266.1],[618079.57,6343323.2],[617952.65,6343409.8]]],[[[530960.38,6319529.76],[530733.59,6319464.69],[530709.54,6319366.94],[530946.64,6319293.61],[531188.9,6319394.58],[531321.04,6319364.45],[530960.38,6319529.76]]],[[[477191.48,6281901.99],[477104.66,6282094.98],[477210.7,6281778.91],[477342.89,6281716.14],[477586.61,6281402.93],[477797.09,6281242.56],[477670.86,6281353.71],[477614.23,6281624.38],[477270.24,6281821.4],[477202.64,6282023.64],[477191.48,6281901.99]]],[[[476898.97,6282938.27],[476845.13,6283041.56],[476633.26,6282871.54],[476807.96,6282820.92],[476938.87,6282918.34],[477267.66,6282793.27],[477082.62,6282679.11],[477012.39,6282533.93],[477069.68,6282081.89],[477114.69,6282657.61],[477246.61,6282757.29],[477363.4,6282679.66],[477222.18,6282849.34],[476898.97,6282938.27]]],[[[577797.63,6286067.46],[577404.76,6286052.36],[577913.56,6285907.73],[578264.36,6285938.61],[577797.63,6286067.46]]],[[[615703.98,6344190.98],[615567.75,6344062.51],[615910.91,6343918.55],[615975.72,6344106.83],[615885.47,6344171.23],[615681.63,6344145.06],[615703.98,6344190.98]]],[[[550459.19,6326778.2],[550476.74,6326850.73],[550232.56,6326942.22],[550003.61,6326846.23],[550172.0,6326738.49],[550459.19,6326778.2]]],[[[529819.45,6320955.41],[529744.59,6320963.14],[529599.3,6320911.51],[529595.53,6320716.59],[529904.66,6320743.72],[529981.44,6320873.39],[529737.36,6320942.22],[529819.45,6320955.41]]],[[[615769.37,6344725.08],[615378.03,6344814.41],[615611.78,6344720.68],[615691.54,6344553.34],[615951.35,6344392.12],[615965.55,6344476.41],[615769.37,6344725.08]]],[[[618261.42,6343618.94],[617916.91,6343605.27],[617952.26,6343426.59],[618084.27,6343369.05],[618202.9,6343537.41],[618204.68,6343447.73],[618310.42,6343535.48],[618261.42,6343618.94]]],[[[619103.49,6343538.46],[619039.48,6343284.15],[619240.63,6343107.18],[619311.28,6343282.26],[619103.49,6343538.46]]],[[[581561.47,6317718.91],[581353.41,6316908.24],[581271.53,6316889.35],[581341.26,6316873.0],[581245.9,6316844.44],[581328.0,6316846.08],[581248.56,6316804.24],[581287.7,6316728.03],[581379.7,6316800.86],[581530.02,6317258.91],[581561.47,6317718.91]]],[[[494802.11,6313061.48],[494508.56,6313173.76],[494482.05,6313096.29],[494554.04,6313067.99],[494444.46,6313059.37],[494403.56,6313009.47],[494478.77,6312854.65],[494316.58,6312871.55],[494271.39,6312704.88],[494572.86,6312814.22],[494633.7,6312905.73],[494440.67,6313026.59],[494620.5,6312982.58],[494685.79,6313081.19],[494802.11,6313061.48]]],[[[472676.25,6285870.01],[472647.69,6286247.55],[472459.45,6286148.76],[472532.31,6285944.57],[472676.25,6285870.01]]],[[[477541.87,6281854.22],[477527.05,6282296.57],[477464.64,6281973.86],[477373.68,6282012.45],[477276.26,6281941.07],[477398.03,6281792.16],[477541.87,6281854.22]]],[[[578948.53,6314573.98],[578796.13,6314473.42],[578748.36,6314273.52],[578980.72,6314335.47],[578948.53,6314573.98]]],[[[621886.43,6343030.64],[622204.07,6343238.2],[621618.31,6343036.48],[621544.65,6342942.71],[621886.43,6343030.64]]],[[[631092.71,6350503.26],[631393.4,6350954.62],[631416.56,6351140.14],[631037.66,6350523.6],[630892.39,6350482.92],[630854.17,6350580.47],[630773.7,6350522.46],[630854.37,6350431.68],[631092.71,6350503.26]]],[[[594681.99,6368865.88],[594581.2,6368806.6],[594918.42,6368514.52],[594892.09,6368728.98],[594681.99,6368865.88]]],[[[621258.55,6342885.88],[621011.29,6342856.12],[620788.51,6342678.82],[620933.14,6342652.37],[621258.55,6342885.88]]],[[[618566.07,6343300.95],[618449.78,6343425.3],[618302.13,6343290.44],[618409.86,6343162.11],[618566.07,6343300.95]]],[[[631727.66,6351632.54],[631580.71,6351473.3],[631635.93,6351396.18],[631761.37,6351353.52],[631883.73,6351477.72],[631714.02,6351583.88],[631733.99,6351428.89],[631656.71,6351429.52],[631727.66,6351632.54]]],[[[618498.48,6344580.82],[618220.51,6344573.53],[618239.8,6344481.75],[618415.21,6344382.2],[618464.29,6344429.36],[618380.11,6344507.02],[618498.48,6344580.82]]],[[[616702.91,6339590.72],[616631.63,6339505.34],[616676.32,6339189.18],[616821.43,6339007.27],[616932.7,6338998.56],[616996.28,6339148.59],[616866.29,6339045.87],[616792.97,6339075.34],[616676.88,6339366.24],[616702.91,6339590.72]]],[[[494462.91,6315282.71],[494205.29,6315236.65],[493889.96,6315256.19],[494238.89,6315156.96],[494462.91,6315282.71]]],[[[578462.41,6313374.39],[578354.54,6313295.79],[578491.74,6313068.06],[578551.79,6313268.76],[578462.41,6313374.39]]],[[[628287.04,6351982.81],[628241.9,6352103.91],[628026.99,6352466.79],[628080.38,6352250.84],[628287.04,6351982.81]]],[[[621028.97,6341392.49],[620869.9,6341473.11],[620807.26,6341378.91],[620979.51,6341337.81],[621078.65,6341428.99],[621028.97,6341392.49]]],[[[620692.98,6342653.5],[620323.78,6342612.87],[620303.52,6342536.56],[620692.98,6342653.5]]],[[[624881.57,6346036.44],[625001.51,6346130.14],[625014.24,6346198.52],[624753.14,6346109.66],[624881.57,6346036.44]]],[[[549981.57,6327090.84],[549707.23,6327105.55],[549703.19,6327033.54],[549981.57,6327090.84]]],[[[472439.4,6285953.64],[472386.44,6285882.86],[472478.6,6285902.48],[472518.14,6285780.55],[472523.12,6285840.2],[472575.55,6285780.55],[472698.24,6285842.39],[472439.4,6285953.64]]],[[[621084.96,6342633.09],[621215.06,6342743.3],[621228.82,6342799.3],[620937.16,6342615.2],[621063.26,6342578.71],[621166.04,6342650.16],[621084.96,6342633.09]]],[[[581690.37,6318077.78],[581880.05,6318596.21],[581571.85,6317987.77],[581690.37,6318077.78]]],[[[618352.72,6342828.01],[618146.28,6342931.11],[618158.71,6342831.85],[618352.72,6342828.01]]],[[[620748.26,6342875.96],[620608.07,6342804.71],[620647.39,6342852.07],[620511.61,6342752.25],[620675.44,6342739.52],[620609.03,6342752.46],[620747.76,6342794.69],[620748.26,6342875.96]]],[[[471995.05,6286180.58],[471926.83,6286223.53],[471885.75,6286038.5],[471881.46,6285842.67],[471946.36,6285837.49],[471982.48,6285677.9],[471919.27,6286052.09],[471995.05,6286180.58]]],[[[476091.82,6285490.44],[476071.23,6285290.3],[476159.2,6285060.24],[476222.12,6285130.99],[476091.82,6285490.44]]],[[[595817.39,6373925.2],[595706.28,6373805.55],[595690.25,6373675.17],[595813.51,6373767.43],[595817.39,6373925.2]]],[[[519783.74,6280136.11],[519917.16,6280329.2],[519900.52,6280376.95],[519760.63,6280298.5],[519783.74,6280136.11]]],[[[477692.7,6282446.27],[477747.66,6282649.66],[477627.65,6282563.36],[477692.7,6282446.27]]],[[[496841.11,6310128.91],[496754.65,6310111.14],[496813.32,6309986.89],[496781.36,6309826.4],[496785.18,6309793.25],[496804.63,6309767.61],[496841.11,6310128.91]]],[[[580881.62,6314771.22],[580988.66,6315110.86],[580803.14,6314877.45],[580905.34,6314936.17],[580857.97,6314795.16],[580881.62,6314771.22]]],[[[581219.65,6316246.94],[581030.86,6316124.8],[581035.53,6316211.73],[580879.78,6316212.92],[581069.8,6316093.65],[581219.65,6316246.94]]],[[[619715.23,6342915.65],[619629.07,6342872.08],[619619.63,6342780.25],[619752.71,6342823.66],[619715.23,6342915.65]]],[[[596236.47,6371139.0],[596219.91,6371356.47],[596225.86,6371446.52],[596190.64,6371361.86],[596224.28,6371219.03],[596134.23,6371185.92],[596236.47,6371139.0]]],[[[555017.56,6324582.13],[555060.76,6324650.66],[554947.88,6324702.72],[554918.32,6324636.35],[555017.56,6324582.13]]],[[[624806.6,6346222.26],[624982.11,6346274.76],[625054.56,6346386.57],[624806.6,6346222.26]]],[[[534750.21,6318320.8],[534663.05,6318369.44],[534624.04,6318343.59],[534678.88,6318239.76],[534750.21,6318320.8]]],[[[537251.19,6320347.12],[536957.32,6320368.72],[536945.11,6320340.76],[537251.19,6320347.12]]],[[[580361.75,6313139.36],[580403.11,6313380.61],[580462.81,6313563.52],[580372.09,6313350.2],[580361.75,6313139.36]]],[[[618338.01,6342912.51],[618265.41,6343014.84],[618190.37,6342963.68],[618338.01,6342912.51]]],[[[618270.81,6343719.01],[618052.27,6343707.64],[618183.01,6343651.59],[618239.53,6343647.13],[618152.96,6343692.17],[618270.81,6343719.01]]],[[[615500.46,6358941.54],[615309.7,6359020.01],[615342.84,6358946.29],[615500.46,6358941.54]]],[[[550453.32,6326645.56],[550346.69,6326634.77],[550280.78,6326612.3],[550342.82,6326569.64],[550453.32,6326645.56]]],[[[620846.45,6342875.92],[620964.32,6342967.59],[620767.81,6342892.72],[620846.45,6342875.92]]],[[[530880.32,6321136.19],[530633.36,6321108.08],[530987.29,6321136.5],[530880.32,6321136.19]]],[[[616346.89,6346083.85],[616259.96,6346046.68],[616233.44,6346009.85],[616338.06,6345989.83],[616346.89,6346083.85]]],[[[618160.43,6345087.05],[618045.98,6345125.64],[618023.94,6345007.83],[618091.47,6345105.79],[618160.43,6345087.05]]],[[[477681.43,6282306.9],[477597.78,6282279.88],[477610.5,6282170.05],[477661.91,6282185.85],[477681.43,6282306.9]]],[[[621607.38,6341574.2],[621498.6,6341578.52],[621412.77,6341554.42],[621506.87,6341499.82],[621607.38,6341574.2]]],[[[472243.17,6286462.65],[472048.66,6286430.34],[472015.69,6286327.57],[472188.92,6286449.72],[472325.01,6286384.65],[472243.17,6286462.65]]],[[[593243.53,6366710.66],[593308.8,6366799.57],[593351.68,6367180.56],[593243.53,6366710.66]]],[[[619101.71,6343175.86],[619018.27,6343271.01],[618984.18,6343233.35],[619012.1,6343175.19],[619101.71,6343175.86]]],[[[550948.28,6326860.31],[551198.05,6327033.32],[550929.29,6326877.32],[550948.28,6326860.31]]],[[[455108.35,6292355.73],[455033.6,6292415.17],[455111.43,6292327.26],[455194.43,6292302.96],[455213.62,6292372.18],[455115.46,6292360.5],[455161.54,6292324.51],[455108.35,6292355.73]]],[[[492299.62,6303912.26],[492323.77,6303942.06],[492361.9,6304050.78],[492286.8,6303916.05],[492140.06,6303884.75],[492299.62,6303912.26]]],[[[493959.7,6315303.0],[493775.27,6315322.03],[493989.16,6315269.8],[493959.7,6315303.0]]],[[[510000.95,6320085.26],[509943.61,6320135.16],[509830.9,6320133.84],[509858.97,6320104.28],[510000.95,6320085.26]]],[[[548110.28,6328120.54],[548025.57,6328086.89],[548024.89,6328035.61],[548125.6,6328061.4],[548110.28,6328120.54]]],[[[553065.77,6324041.47],[553309.96,6324222.4],[553198.21,6324170.56],[553082.07,6324085.17],[553065.77,6324041.47]]],[[[614552.87,6346405.33],[614473.79,6346479.01],[614426.3,6346496.21],[614476.88,6346416.63],[614552.87,6346405.33]]],[[[580253.82,6312875.67],[580298.88,6313037.19],[580350.37,6313118.57],[580278.24,6313036.19],[580253.82,6312875.67]]],[[[617857.36,6343937.42],[617771.17,6343881.36],[617882.29,6343911.25],[617857.36,6343937.42]]],[[[615810.4,6346114.01],[615715.78,6346135.45],[615691.97,6346083.06],[615810.4,6346114.01]]],[[[618651.28,6343312.83],[618676.14,6343380.48],[618634.91,6343433.25],[618597.48,6343387.01],[618651.28,6343312.83]]],[[[618890.16,6342909.69],[618887.89,6342841.88],[618993.38,6342823.78],[618986.78,6342876.8],[618890.16,6342909.69]]],[[[531595.96,6321272.91],[531804.62,6321345.64],[531562.09,6321293.0],[531595.96,6321272.91]]],[[[472127.99,6285527.01],[472056.53,6285677.35],[472065.7,6285723.13],[472013.94,6285658.77],[472127.99,6285527.01]]],[[[615747.06,6343826.1],[615693.37,6343932.12],[615674.19,6343935.64],[615747.06,6343826.1]]],[[[477165.9,6282234.06],[477187.97,6282337.9],[477127.25,6282229.18],[477165.9,6282234.06]]],[[[615700.0,6358780.25],[615786.03,6358976.68],[615685.46,6358777.94],[615700.0,6358780.25]]],[[[618105.57,6342756.28],[618116.9,6342840.8],[618094.99,6342872.64],[618049.12,6342802.0],[618105.57,6342756.28]]],[[[477624.03,6282358.07],[477597.99,6282441.72],[477558.39,6282402.67],[477624.03,6282358.07]]],[[[619157.61,6343752.69],[619069.24,6343758.96],[619082.75,6343691.06],[619157.61,6343752.69]]],[[[472760.82,6286097.68],[472694.82,6286176.6],[472680.55,6286073.49],[472760.82,6286097.68]]],[[[620853.74,6342850.36],[620762.4,6342878.44],[620764.55,6342802.25],[620853.74,6342850.36]]],[[[595892.73,6373485.33],[595844.99,6373417.77],[595920.07,6373369.54],[595925.7,6373426.41],[595892.73,6373485.33]]],[[[474702.05,6287484.38],[474746.19,6287547.17],[474632.08,6287494.55],[474702.05,6287484.38]]],[[[620182.44,6343236.44],[620290.19,6343218.69],[620176.81,6343269.15],[620182.44,6343236.44]]],[[[596039.02,6374070.82],[596150.53,6373958.4],[596127.29,6374017.59],[596039.02,6374070.82]]],[[[580669.59,6314663.94],[580728.21,6314653.49],[580727.19,6314701.29],[580669.59,6314663.94]]],[[[500742.86,6306223.87],[500724.75,6306299.8],[500675.59,6306379.62],[500596.59,6306441.97],[500497.5,6306487.22],[500462.48,6306494.24],[500624.85,6306411.61],[500742.86,6306223.87]]],[[[540855.82,6327338.72],[540768.93,6327318.68],[540807.19,6327273.35],[540855.82,6327338.72]]],[[[580893.14,6316239.19],[580879.12,6316369.09],[580859.78,6316392.2],[580854.37,6316309.73],[580893.14,6316239.19]]],[[[615694.75,6358984.51],[615555.07,6358889.46],[615542.19,6358852.74],[615610.49,6358890.53],[615694.75,6358984.51]]],[[[540751.81,6327250.78],[540669.88,6327241.6],[540645.8,6327199.22],[540708.57,6327197.51],[540751.81,6327250.78]]],[[[617560.99,6345010.99],[617507.75,6344974.07],[617552.99,6344988.94],[617560.99,6345010.99]]],[[[615604.27,6346108.75],[615698.29,6346139.85],[615694.35,6346168.73],[615604.27,6346108.75]]],[[[615672.24,6358974.3],[615665.44,6359051.48],[615642.23,6358973.21],[615672.24,6358974.3]]],[[[614064.76,6346695.38],[614050.98,6346749.53],[613987.82,6346740.19],[614002.91,6346721.96],[614064.76,6346695.38]]],[[[617732.07,6343878.59],[617675.28,6343893.0],[617687.02,6343867.78],[617732.07,6343878.59]]],[[[580587.44,6314573.21],[580660.53,6314555.77],[580661.82,6314562.85],[580587.44,6314573.21]]],[[[572107.82,6284957.53],[572092.55,6285012.29],[572057.69,6285012.09],[572107.82,6284957.53]]],[[[630426.45,6349493.62],[630435.49,6349439.37],[630496.07,6349469.37],[630426.45,6349493.62]]],[[[623152.35,6344683.4],[623080.6,6344675.72],[623037.89,6344637.24],[623057.18,6344632.58],[623152.35,6344683.4]]],[[[472478.56,6286290.73],[472386.58,6286379.08],[472368.47,6286378.4],[472363.9,6286364.79],[472478.56,6286290.73]]],[[[619217.76,6343512.52],[619192.03,6343490.44],[619255.15,6343454.53],[619217.76,6343512.52]]],[[[476170.72,6285405.2],[476236.03,6285430.71],[476213.96,6285438.43],[476170.72,6285405.2]]],[[[618955.61,6343088.77],[618883.56,6343137.0],[618956.61,6343058.84],[618955.61,6343088.77]]],[[[473232.35,6287445.56],[473199.2,6287577.84],[473164.79,6287608.94],[473232.35,6287445.56]]],[[[616163.54,6338530.34],[616139.51,6338622.48],[616099.69,6338594.01],[616163.54,6338530.34]]],[[[577409.22,6301630.68],[577358.11,6301653.36],[577327.38,6301620.37],[577409.22,6301630.68]]],[[[535866.87,6316094.02],[535907.25,6316060.0],[535893.03,6316106.63],[535866.87,6316094.02]]],[[[619077.61,6343105.63],[619037.14,6343082.14],[619084.66,6343092.78],[619077.61,6343105.63]]],[[[477275.16,6282020.97],[477312.34,6282172.41],[477285.18,6282114.24],[477268.31,6282056.23],[477275.16,6282020.97]]],[[[491129.52,6316154.25],[491217.89,6316146.56],[491259.82,6316187.35],[491263.33,6316193.83],[491129.52,6316154.25]]],[[[472032.62,6286294.89],[471979.12,6286294.72],[471959.26,6286252.29],[471982.68,6286249.22],[472032.62,6286294.89]]],[[[572052.9,6284902.94],[572053.2,6284938.39],[572021.78,6284947.56],[572052.9,6284902.94]]],[[[615737.77,6346209.56],[615797.09,6346224.53],[615793.07,6346248.83],[615737.77,6346209.56]]],[[[471982.86,6283840.51],[472018.29,6283817.55],[472032.49,6283850.18],[471982.86,6283840.51]]],[[[618171.82,6342781.23],[618230.2,6342784.77],[618153.86,6342813.79],[618171.82,6342781.23]]],[[[577150.65,6306726.99],[577132.95,6306797.93],[577126.85,6306727.34],[577150.65,6306726.99]]],[[[471885.52,6283878.49],[471831.63,6283881.85],[471841.73,6283839.74],[471885.52,6283878.49]]],[[[614079.25,6346265.1],[614113.65,6346262.16],[614107.42,6346282.7],[614079.25,6346265.1]]],[[[630789.89,6350017.44],[630835.5,6350106.46],[630792.17,6350059.19],[630789.89,6350017.44]]],[[[614340.05,6349705.1],[614411.64,6349753.79],[614417.07,6349788.39],[614340.05,6349705.1]]],[[[616376.22,6338910.97],[616321.15,6338902.39],[616303.11,6338872.3],[616323.56,6338863.01],[616376.22,6338910.97]]],[[[563321.92,6325545.27],[563335.61,6325596.83],[563301.22,6325577.69],[563321.92,6325545.27]]],[[[618112.93,6344494.69],[618061.86,6344478.05],[618088.32,6344455.62],[618112.93,6344494.69]]],[[[615624.69,6339207.85],[615605.67,6339288.13],[615588.17,6339188.74],[615624.69,6339207.85]]],[[[477204.49,6282369.34],[477238.4,6282388.47],[477206.12,6282402.91],[477204.49,6282369.34]]],[[[592985.77,6343589.82],[593005.57,6343581.9],[593015.38,6343610.95],[593008.2,6343622.53],[592985.77,6343589.82]]],[[[541286.51,6328112.25],[541238.9,6328166.79],[541256.65,6328095.38],[541286.51,6328112.25]]],[[[595929.85,6373282.76],[595898.41,6373312.33],[595886.14,6373298.86],[595929.85,6373282.76]]],[[[619547.87,6342753.58],[619504.82,6342783.68],[619500.1,6342777.63],[619547.87,6342753.58]]],[[[616384.06,6338680.62],[616438.44,6338684.9],[616439.25,6338701.51],[616384.06,6338680.62]]],[[[615979.86,6344131.82],[616017.92,6344138.44],[615978.41,6344150.33],[615979.86,6344131.82]]],[[[580499.87,6313844.48],[580505.54,6313817.73],[580530.91,6313876.96],[580499.87,6313844.48]]],[[[614433.25,6358433.03],[614417.0,6358489.26],[614397.09,6358508.93],[614396.7,6358477.05],[614433.25,6358433.03]]],[[[477600.43,6282112.02],[477615.9,6282153.5],[477588.45,6282121.95],[477600.43,6282112.02]]],[[[578096.9,6285992.88],[578070.3,6286023.37],[578026.59,6286019.51],[578096.9,6285992.88]]],[[[631090.04,6350463.06],[631104.48,6350500.17],[631063.43,6350473.21],[631090.04,6350463.06]]],[[[476268.71,6285014.44],[476267.71,6285054.68],[476256.91,6285054.02],[476268.71,6285014.44]]],[[[630893.84,6349952.65],[630937.07,6350022.87],[630948.89,6350067.59],[630893.84,6349952.65]]],[[[580468.45,6313631.46],[580498.03,6313656.32],[580493.89,6313673.88],[580468.45,6313631.46]]],[[[621397.64,6343588.45],[621444.21,6343637.12],[621381.55,6343597.93],[621397.64,6343588.45]]],[[[596724.54,6372948.26],[596752.65,6372977.66],[596716.98,6372993.8],[596724.54,6372948.26]]],[[[617211.55,6345524.75],[617201.57,6345553.76],[617191.79,6345529.43],[617211.55,6345524.75]]],[[[630771.69,6349913.48],[630703.09,6349932.04],[630733.06,6349900.6],[630771.69,6349913.48]]],[[[537971.47,6326754.77],[538006.48,6326766.57],[537983.32,6326779.23],[537971.47,6326754.77]]],[[[454256.47,6285060.92],[454252.64,6285092.38],[454234.29,6285056.75],[454256.47,6285060.92]]],[[[477362.65,6281805.58],[477311.48,6281836.99],[477294.6,6281825.17],[477362.65,6281805.58]]],[[[631194.46,6350520.48],[631230.26,6350553.04],[631144.22,6350551.2],[631194.46,6350520.48]]],[[[540725.0,6327328.99],[540719.66,6327351.53],[540711.67,6327312.63],[540725.0,6327328.99]]],[[[469522.97,6286784.23],[469561.99,6286697.08],[469527.67,6286804.87],[469522.97,6286784.23]]],[[[615805.32,6346263.87],[615839.3,6346276.02],[615831.11,6346297.84],[615805.32,6346263.87]]],[[[492218.46,6303796.51],[492236.55,6303841.06],[492183.27,6303816.5],[492218.46,6303796.51]]],[[[572734.28,6285015.66],[572789.78,6285036.0],[572730.72,6285022.71],[572734.28,6285015.66]]],[[[491132.53,6316295.66],[491095.25,6316315.9],[491125.38,6316274.38],[491132.53,6316295.66]]],[[[630574.32,6349294.74],[630585.06,6349347.94],[630611.76,6349420.81],[630578.82,6349349.64],[630574.32,6349294.74]]],[[[595778.16,6374095.5],[595811.14,6374104.12],[595808.11,6374112.0],[595778.16,6374095.5]]],[[[615851.4,6346217.79],[615882.09,6346219.83],[615879.81,6346249.92],[615851.4,6346217.79]]],[[[579159.05,6285881.14],[579206.72,6285876.06],[579208.53,6285882.71],[579159.05,6285881.14]]],[[[547952.48,6328203.8],[547987.01,6328212.72],[547987.92,6328224.03],[547952.48,6328203.8]]],[[[620350.24,6341106.91],[620371.32,6341111.63],[620358.54,6341133.4],[620350.24,6341106.91]]],[[[477439.65,6282207.25],[477411.01,6282229.89],[477426.78,6282193.85],[477439.65,6282207.25]]],[[[490242.71,6289536.05],[490232.83,6289591.53],[490224.56,6289581.76],[490242.71,6289536.05]]],[[[617324.29,6345460.99],[617312.32,6345484.19],[617297.98,6345466.4],[617324.29,6345460.99]]],[[[578424.24,6285964.76],[578385.56,6285962.58],[578403.11,6285947.54],[578424.24,6285964.76]]],[[[578291.57,6285376.0],[578337.66,6285376.78],[578280.66,6285383.35],[578291.57,6285376.0]]],[[[471752.59,6283854.55],[471726.7,6283883.57],[471703.05,6283875.81],[471752.59,6283854.55]]],[[[620230.37,6343511.56],[620255.95,6343517.61],[620233.79,6343547.46],[620230.37,6343511.56]]],[[[540800.02,6327390.76],[540822.77,6327399.82],[540802.49,6327409.85],[540800.02,6327390.76]]],[[[518049.75,6317806.82],[518061.02,6317837.4],[518039.81,6317827.58],[518049.75,6317806.82]]],[[[630194.53,6348828.4],[630180.86,6348845.87],[630154.5,6348835.68],[630194.53,6348828.4]]],[[[593039.69,6343658.36],[593071.2,6343665.93],[593058.09,6343676.75],[593039.69,6343658.36]]],[[[531369.76,6319512.81],[531334.79,6319536.77],[531333.5,6319510.91],[531369.76,6319512.81]]],[[[494251.4,6315349.21],[494235.61,6315362.6],[494232.96,6315355.97],[494251.4,6315349.21]]],[[[580250.9,6312866.3],[580222.7,6312845.41],[580227.13,6312841.81],[580250.9,6312866.3]]],[[[493945.58,6315162.34],[493935.7,6315182.39],[493910.8,6315185.66],[493945.58,6315162.34]]],[[[593035.25,6343666.93],[593045.24,6343705.24],[593027.43,6343707.8],[593035.25,6343666.93]]],[[[492080.43,6303981.52],[492100.76,6303982.69],[492083.17,6303995.3],[492080.43,6303981.52]]],[[[631154.64,6350472.6],[631201.9,6350496.85],[631204.97,6350505.08],[631154.64,6350472.6]]],[[[618050.03,6343259.12],[618076.3,6343267.8],[618078.73,6343299.38],[618050.03,6343259.12]]],[[[514587.8,6313549.66],[514615.02,6313592.86],[514614.43,6313598.07],[514587.8,6313549.66]]],[[[516240.82,6316437.46],[516159.23,6316438.2],[516246.88,6316434.12],[516240.82,6316437.46]]],[[[514619.98,6313622.88],[514647.62,6313666.65],[514643.51,6313672.11],[514619.98,6313622.88]]],[[[493989.22,6315042.93],[493994.03,6315058.73],[493974.82,6315052.8],[493989.22,6315042.93]]],[[[616326.19,6338629.36],[616316.73,6338649.09],[616312.35,6338636.23],[616326.19,6338629.36]]],[[[577081.97,6286077.4],[577056.25,6286085.79],[577053.16,6286070.67],[577081.97,6286077.4]]],[[[580819.92,6314667.92],[580828.86,6314661.7],[580837.16,6314674.59],[580819.92,6314667.92]]],[[[578628.84,6285551.07],[578632.29,6285566.46],[578611.27,6285560.98],[578628.84,6285551.07]]],[[[621502.81,6342923.51],[621537.24,6342936.55],[621499.96,6342924.88],[621502.81,6342923.51]]],[[[471898.72,6283862.42],[471919.17,6283864.37],[471903.51,6283874.77],[471898.72,6283862.42]]],[[[489752.8,6313965.93],[489767.62,6313957.28],[489769.83,6313962.31],[489752.8,6313965.93]]],[[[578528.59,6285358.47],[578533.54,6285373.02],[578515.59,6285366.82],[578528.59,6285358.47]]],[[[630866.54,6349892.64],[630868.39,6349885.2],[630883.36,6349914.55],[630866.54,6349892.64]]],[[[577290.0,6286092.84],[577304.32,6286099.91],[577289.09,6286102.01],[577290.0,6286092.84]]],[[[477745.31,6282667.62],[477765.48,6282671.52],[477741.67,6282679.88],[477745.31,6282667.62]]],[[[619305.67,6343131.08],[619315.97,6343158.82],[619294.64,6343125.46],[619305.67,6343131.08]]],[[[616216.44,6338804.03],[616235.37,6338800.64],[616230.91,6338807.96],[616216.44,6338804.03]]],[[[616368.34,6338751.43],[616394.33,6338758.75],[616385.75,6338764.65],[616368.34,6338751.43]]],[[[595900.63,6373669.15],[595922.98,6373677.58],[595921.43,6373683.87],[595900.63,6373669.15]]],[[[630834.45,6349987.34],[630848.88,6349973.17],[630851.17,6349976.96],[630834.45,6349987.34]]],[[[619085.79,6343109.92],[619054.67,6343125.06],[619047.32,6343123.54],[619085.79,6343109.92]]],[[[578145.24,6285990.38],[578153.56,6286005.63],[578136.68,6285999.05],[578145.24,6285990.38]]],[[[536857.29,6315765.61],[536876.74,6315767.46],[536847.04,6315772.99],[536857.29,6315765.61]]],[[[578124.46,6286006.9],[578123.77,6286020.75],[578112.65,6286016.83],[578124.46,6286006.9]]],[[[489657.15,6313859.75],[489673.19,6313866.7],[489672.28,6313875.73],[489657.15,6313859.75]]],[[[615744.82,6346185.01],[615763.9,6346179.18],[615763.0,6346187.5],[615744.82,6346185.01]]],[[[614394.42,6349625.49],[614403.77,6349643.67],[614398.37,6349649.38],[614394.42,6349625.49]]],[[[618269.73,6342416.07],[618260.18,6342436.29],[618250.25,6342436.51],[618269.73,6342416.07]]],[[[620976.02,6343365.11],[620962.04,6343357.45],[620979.51,6343359.1],[620976.02,6343365.11]]],[[[577409.3,6301401.79],[577420.8,6301418.19],[577409.5,6301419.11],[577409.3,6301401.79]]],[[[472009.32,6283768.14],[472026.38,6283771.37],[472009.89,6283773.4],[472009.32,6283768.14]]],[[[630345.75,6348744.0],[630313.76,6348759.87],[630344.85,6348729.08],[630345.75,6348744.0]]],[[[614540.21,6349880.71],[614558.6,6349882.92],[614558.85,6349889.67],[614540.21,6349880.71]]],[[[578770.62,6314455.66],[578782.74,6314458.19],[578779.39,6314467.54],[578770.62,6314455.66]]],[[[580518.45,6313889.36],[580528.74,6313901.55],[580521.79,6313902.56],[580518.45,6313889.36]]],[[[619023.57,6343074.34],[619040.04,6343076.0],[619021.06,6343082.36],[619023.57,6343074.34]]],[[[580226.73,6312906.11],[580236.57,6312897.19],[580234.96,6312910.35],[580226.73,6312906.11]]],[[[595911.89,6373729.75],[595926.42,6373739.51],[595921.29,6373741.11],[595911.89,6373729.75]]],[[[630351.89,6348797.26],[630343.41,6348794.11],[630351.79,6348792.26],[630351.89,6348797.26]]],[[[492022.63,6304037.84],[492032.04,6304042.73],[492014.71,6304051.39],[492022.63,6304037.84]]],[[[578005.89,6286024.62],[577993.88,6286039.14],[577982.86,6286037.77],[578005.89,6286024.62]]],[[[581076.87,6315168.43],[581061.95,6315153.77],[581070.75,6315151.3],[581076.87,6315168.43]]],[[[580777.57,6314564.46],[580792.64,6314577.44],[580789.86,6314582.82],[580777.57,6314564.46]]],[[[512476.88,6284787.47],[512494.18,6284809.59],[512497.78,6284820.83],[512476.88,6284787.47]]],[[[489698.1,6313929.14],[489706.65,6313925.46],[489710.62,6313932.07],[489698.1,6313929.14]]],[[[580234.64,6312836.87],[580246.08,6312837.65],[580246.5,6312843.01],[580234.64,6312836.87]]],[[[514556.86,6313472.67],[514567.94,6313486.32],[514566.4,6313490.63],[514556.86,6313472.67]]],[[[548001.82,6328155.21],[548020.07,6328161.82],[548021.74,6328168.77],[548001.82,6328155.21]]],[[[494552.43,6315293.29],[494542.57,6315287.36],[494553.76,6315292.19],[494552.43,6315293.29]]],[[[492052.34,6304008.19],[492060.57,6304017.66],[492051.38,6304011.99],[492052.34,6304008.19]]],[[[630837.55,6349785.04],[630846.82,6349802.51],[630842.69,6349806.8],[630837.55,6349785.04]]],[[[621079.78,6343398.07],[621079.54,6343411.03],[621072.23,6343405.08],[621079.78,6343398.07]]],[[[475435.71,6331126.86],[475445.15,6331129.57],[475439.03,6331133.31],[475435.71,6331126.86]]],[[[630336.27,6348777.89],[630342.96,6348775.35],[630342.71,6348785.13],[630336.27,6348777.89]]],[[[471807.14,6283830.56],[471814.83,6283836.91],[471811.44,6283837.85],[471807.14,6283830.56]]],[[[620545.81,6341384.2],[620551.05,6341385.7],[620544.45,6341394.02],[620545.81,6341384.2]]]]}}
]
}
